node,score
11324,0.0015404621386415924
6032,0.00033009902970891267
13503,0.0037661298389516855
4105,0.0006551965589676903
6170,0.0013704111233370012
6496,0.0008152445733720116
1046,0.00028008402520756227
12989,0.0012153646093828149
17338,0.000010003000900270082
6916,0.000005001500450135041
10540,0.020741222366710013
6082,0.0008152445733720116
15044,0.05074022206661999
4926,0.0001700510153045914
13356,0.00023006902070621187
7259,0.001115334600380114
2062,0.00031509452835850753
14430,0.004631389416825047
8589,0.10264079223767131
17072,0.017655296588976695
9229,0.02760328098429529
11574,0.0026708012403721115
151,0.0026958087426227867
5093,0.00007502250675202561
1871,0.00012003601080324097
9004,0.004106231869560868
2321,0.000020006001800540163
4733,0.00025507652295688707
14028,0.0007802340702210664
5936,0.000005001500450135041
11248,0.0003401020306091828
15677,0.0017355206561968592
17439,0.0003200960288086426
4933,0.0022706812043613083
8673,0.0018705611683505052
8478,0.00040512153646093827
4701,0.00001500450135040512
6159,0.0013454036210863258
8847,0.00008002400720216065
12637,0.0012753826147844354
9724,0.002910873261978594
2844,0.00010003000900270081
17137,0.0004201260378113434
779,0.006752025607682305
4210,0.000010003000900270082
8959,0.00030009002700810244
1894,0.00014504351305391616
16929,0.0005301590477143143
14803,0.00031509452835850753
15025,0.00807742322696809
3427,0.000005001500450135041
9756,0.025992797839351805
320,0.008877663298989697
16809,0.01346403921176353
3964,0.00006001800540162048
13656,0.0009452835850755226
16100,0.000010003000900270082
6659,0.00030509152745823747
15393,0.00033009902970891267
11692,0.00019005701710513153
1078,0.0056216865059517855
12931,0.002830849254776433
15958,0.006932079623887166
1452,0.0001700510153045914
12255,0.006396919075722717
9297,0.10652695808742622
5289,0.000025007502250675202
11652,0.0009602880864259277
12750,0.018590577173151945
4645,0.00022506752025607682
6260,0.0017255176552965889
5991,0.0025357607282184657
12471,0.0044163248974692405
329,0.006366910073021906
12312,0.006561968590577173
4481,0.0011753526057817346
11930,0.00033009902970891267
6948,0.004766429928978693
13619,0.12066619985995798
16097,0.00013003901170351105
7446,0.00007002100630189057
14481,0.00006501950585175553
17542,0.0009902970891267381
3841,0.0197259177753326
8749,0.007482244673402021
5251,0.000735220566169851
8259,0.00020006001800540162
12091,0.09838451535460638
16933,0.00003000900270081024
11162,0.0002200660198059418
12711,0.0006451935580674203
12645,0.00048514554366309895
7075,0.0006501950585175553
4467,0.0035460638191457438
4846,0.000025007502250675202
365,0.00007002100630189057
13141,0.0016404921476442932
860,0.08124937481244374
13172,0.0007202160648194458
10219,0.01763028908672602
11470,0.0007602280684205261
14877,0.0017355206561968592
1333,0.012073622086625989
15321,0.0012653796138841651
6900,0.006321896568970691
15405,0.0002950885265579674
909,0.03238971691507452
9256,0.0015404621386415924
7005,0.0037761328398519555
10836,0.00035010503150945284
3292,0.00003000900270081024
13261,0.0012053616084825448
12293,0.00030509152745823747
16184,0.0006601980594178253
15153,0.00043012903871161347
4201,0.000010003000900270082
3746,0.007732319695908773
1347,0.0008302490747224168
15246,0.07174652395718716
52,0.022776833049914975
2296,0.0013604081224367311
1081,0.005741722516755026
579,0.000050015004501350405
205,0.0035310593177953387
12822,0.00799739921976593
10795,0.026282884865459637
9876,0.00010503150945283585
17478,0.0036310893267980393
3646,0.004591377413223967
7701,0.0017105131539461838
2927,0.000005001500450135041
17181,0.00033009902970891267
6999,0.0009302790837251176
7878,0.03904671401420426
6674,0.000010003000900270082
3570,0.002190657197159148
10740,0.0006101830549164749
4877,0.0006501950585175553
9421,0.0002850855256576973
12432,0.0000850255076522957
3914,0.0002200660198059418
9231,0.0038011403421026307
15653,0.004886465939781935
1607,0.000010003000900270082
9193,0.0006902070621186356
9996,0.0439331799539862
8997,0.00026507952385715713
17189,0.013238971691507452
15359,0.0019105731719515854
12633,0.00028008402520756227
5602,0.00031509452835850753
8078,0.08286485945783735
9595,0.0002600780234070221
17095,0.0006752025607682304
8055,0.004576372911873562
12492,0.000365109532859858
5215,0.0247074122236671
16179,0.0018855656697009102
10101,0.0008552565769730919
13092,0.0017505251575472643
4578,0.0000850255076522957
3377,0.00006501950585175553
6245,0.012658797639291787
11297,0.0010153045913774133
2047,0.012568770631189358
9396,0.0004651395418625588
10595,0.000020006001800540163
3174,0.00006001800540162048
3585,0.00007502250675202561
12657,0.10655696709012703
2341,0.0001700510153045914
13714,0.0011453436030809242
9496,0.00043513053916174855
8212,0.002245673702110633
5747,0.000020006001800540163
1155,0.00029008702610783233
1541,0.0019655896769030707
330,0.00005501650495148545
10656,0.00003000900270081024
10461,0.0043312993898169455
12347,0.007277183154946484
15514,0.005721716514954486
4455,0.0018805641692507752
1693,0.043137941382414724
10992,0.024772431729518856
15496,0.008232469740922276
11754,0.000740222066619986
16400,0.0002100630189056717
14232,0.0036260878263479042
6464,0.00015004501350405122
17013,0.00048514554366309895
16878,0.00006001800540162048
15054,0.00062518755626688
17066,0.007042112633790137
7912,0.045303591077323194
8485,0.000025007502250675202
2644,0.000025007502250675202
17228,0.04736420926277883
4240,0.019830949284785435
7457,0.003676102830849255
5494,0.000010003000900270082
13027,0.00029008702610783233
406,0.00025007502250675204
14921,0.0006601980594178253
14684,0.004661398419525857
12296,0.00007002100630189057
9644,0.009172751825547665
17249,0.000005001500450135041
10105,0.007657297189156747
11251,0.003676102830849255
1218,0.001105331599479844
9287,0.005161548464539362
6854,0.0737221166349905
8642,0.1255776733019906
12863,0.03491547464239272
8523,0.00033009902970891267
7662,0.00007002100630189057
1817,0.0001700510153045914
11411,0.0019455836751025308
6816,0.000050015004501350405
8943,0.0026357907372211663
14858,0.006942082624787437
1334,0.00035010503150945284
8282,0.008272481744523358
2155,0.01657997399219766
10152,0.00033009902970891267
2036,0.00007502250675202561
2224,0.0027108132439731918
8836,0.0025357607282184657
2864,0.00007502250675202561
9890,0.0014454336300890266
9207,0.033084925477643294
308,0.000370111033309993
12178,0.0018205461638491547
10449,0.002130639191757527
6590,0.000620186055816745
2241,0.008367510253075923
2209,0.00009502850855256577
5575,0.0007752325697709313
5140,0.0001600480144043213
16672,0.005311593478043413
15785,0.0005551665499649895
7705,0.0016404921476442932
8176,0.017565269580874263
12146,0.00030009002700810244
1689,0.008492547764329299
6992,0.04589376813043913
785,0.0003401020306091828
1188,0.0000850255076522957
8308,0.007847354206261878
13569,0.00011503451035310594
9109,0.10656697009102731
13501,0.002860858257477243
6152,0.0005301590477143143
7102,0.0008552565769730919
2663,0.00011503451035310594
13322,0.0017355206561968592
17111,0.0009752925877763329
11434,0.005221566469940982
11485,0.0002700810243072922
4486,0.003601080324097229
6707,0.000010003000900270082
15157,0.00047514254276282883
11211,0.07428228468540563
12529,0.0004901470441132339
8692,0.00026507952385715713
15615,0.0004101230369110733
6306,0.005446633990197059
15134,0.0017355206561968592
7166,0.000020006001800540163
13802,0.0008352505751725518
10896,0.006526958087426228
6904,0.0003451035310593178
17247,0.000005001500450135041
757,0.009157747324197258
12526,0.0008352505751725518
25,0.002125637691307392
10362,0.004026207862358707
15900,0.0004701410423126938
15858,0.003190957287186156
12873,0.006421926577973392
252,0.00017505251575472642
3536,0.000005001500450135041
3586,0.0002700810243072922
4616,0.0009252775832749825
9270,0.0007952385715714714
15855,0.0014004201260378114
8853,0.01116334900470141
13068,0.01805041512453736
222,0.0001350405121536461
9480,0.018865659697909373
15020,0.03316995098529559
11764,0.14550865259577872
11070,0.000035010503150945284
844,0.0003200960288086426
8423,0.001120336100830249
4128,0.000035010503150945284
4004,0.0008352505751725518
9028,0.01727518255476643
11976,0.03526557967390217
6823,0.000035010503150945284
13031,0.0017105131539461838
3760,0.0012653796138841651
6209,0.000050015004501350405
17532,0.0023106932079623886
16865,0.00043012903871161347
13560,0.00048014404321296386
11994,0.00007502250675202561
16494,0.009397819345803742
17521,0.00033009902970891267
12629,0.001245373612083625
14590,0.09181254376312895
6497,0.0003351005301590477
13922,0.0001350405121536461
11364,0.02408222466740022
5202,0.000010003000900270082
16613,0.0003451035310593178
6158,0.004746423927178153
9357,0.010793237971391418
8300,0.00012503751125337602
5091,0.0005501650495148545
17078,0.00024007202160648193
10096,0.0013103931179353806
14999,0.012178653596078823
2176,0.00007502250675202561
10508,0.00046013804141242375
4595,0.0010753225967790336
4301,0.0006051815544663399
12562,0.0002950885265579674
11262,0.008202460738221467
8286,0.0006902070621186356
574,0.0002700810243072922
7775,0.002235670701210363
2598,0.000050015004501350405
15262,0.0435480644193258
11510,0.021556466940082026
4145,0.0006001800540162049
6724,0.00028008402520756227
176,0.0002700810243072922
16999,0.0009702910873261979
2373,0.0009902970891267381
6553,0.012668800640192058
12969,0.000740222066619986
5930,0.000010003000900270082
13944,0.0009502850855256577
12411,0.03520056016805041
499,0.021466439931979595
2185,0.00015004501350405122
16020,0.0054116234870461135
14776,0.00033009902970891267
15566,0.006101830549164749
16684,0.0003851155346603981
12754,0.00027508252475742724
6022,0.00033009902970891267
14572,0.00020006001800540162
3442,0.000010003000900270082
10295,0.0003100930279083725
4650,0.00016504951485445633
133,0.003551065319595879
10210,0.0001950585175552666
12431,0.0000850255076522957
415,0.00001500450135040512
2219,0.07995398619585876
11077,0.0010503150945283585
278,0.001475442632789837
5170,0.00030509152745823747
1496,0.0016955086525957787
14062,0.0002700810243072922
12100,0.0023507052115634692
16355,0.00003000900270081024
12993,0.0005101530459137741
4159,0.00016504951485445633
1384,0.00016504951485445633
3337,0.00010503150945283585
2142,0.013859157747324198
14835,0.00017505251575472642
4464,0.001730519155746724
9761,0.0023106932079623886
9266,0.002245673702110633
8326,0.0004901470441132339
1667,0.0010553165949784935
16071,0.0011753526057817346
12640,0.0006852055616685006
15267,0.001455436630989297
7748,0.004206261878563569
14677,0.0003351005301590477
6141,0.016675002500750224
8617,0.018790637191157346
2056,0.00030509152745823747
15123,0.054111233370011
11446,0.19509352805841754
4528,0.009302790837251175
9895,0.011668500550165049
10149,0.017135140542162648
16604,0.00006001800540162048
5850,0.000005001500450135041
9707,0.003586075822746824
272,0.04079723917175153
9913,0.0009152745823747125
10528,0.002125637691307392
7388,0.0006702010603180954
9908,0.022301690507152146
3423,0.000020006001800540163
9912,0.0009952985895768731
7295,0.0002600780234070221
10832,0.007377213163949185
2617,0.00015504651395418625
3162,0.000040012003601080326
10495,0.0007652295688706612
2536,0.000025007502250675202
15115,0.00028008402520756227
13459,0.0010403120936280884
5974,0.0023757127138141444
5116,0.000010003000900270082
5443,0.0012653796138841651
4241,0.015124537361208362
381,0.00030009002700810244
584,0.0016955086525957787
13822,0.0012603781134340301
13643,0.00739221766529959
1952,0.000020006001800540163
14473,0.0005401620486145844
7437,0.002345703711113334
3835,0.30337601280384113
3928,0.0000850255076522957
17010,0.009522856857057118
15815,0.00980294088226468
11821,0.005881764529358808
12502,0.0006501950585175553
15814,0.0017105131539461838
8689,0.002220666199859958
4017,0.0001100330099029709
1815,0.00011503451035310594
12541,0.0007152145643693108
11667,0.0006802040612183656
157,0.00031509452835850753
7029,0.0006301890567170151
15833,0.002925877763328999
12746,0.009497849354806442
10191,0.018560568170451135
3828,0.3629288786635991
12716,0.015434630389116735
16402,0.0009602880864259277
511,0.1621736520956287
11869,0.0031209362808842654
5288,0.00038011403421026307
9894,0.03377513253976193
1090,0.007612283685105531
4950,0.0007652295688706612
11000,0.0331149344803441
2474,0.00124037211163349
696,0.00047514254276282883
6945,0.002345703711113334
2040,0.0019505851755526658
10237,0.0006301890567170151
4719,0.003581074322296689
8690,0.0007952385715714714
9575,0.0007602280684205261
8862,0.0010353105931779534
12114,0.002605781734520356
13973,0.0003200960288086426
10687,0.0001350405121536461
8225,0.011873562068620586
4317,0.00017505251575472642
6595,0.0019105731719515854
7294,0.005151545463639092
12318,0.000370111033309993
9160,0.006401920576172852
2211,0.0008802640792237672
5539,0.00014504351305391616
7613,0.000020006001800540163
15791,0.00033009902970891267
1193,0.0005951785535660699
12194,0.04466339901970591
12465,0.004946483945183555
8844,0.00035510653195958787
10889,0.004241272381714514
15743,0.014269280784235271
11422,0.030229068720616186
2684,0.000005001500450135041
10079,0.019485845753726118
12709,0.00038011403421026307
14219,0.00025507652295688707
7770,0.0010553165949784935
10816,0.029198759627888368
1943,0.0006301890567170151
12232,0.0034060218065419625
1094,0.0007152145643693108
8555,0.0011553466039811943
5208,0.0013904171251375413
8171,0.00025007502250675204
9009,0.01983595078523557
7676,0.000020006001800540163
242,0.003951185355606682
4783,0.0035160548164449336
12664,0.0009002700810243073
15034,0.049619885965789735
7599,0.0015304591377413223
7008,0.06311393418025407
2238,0.005431629488846654
12826,0.0002850855256576973
3544,0.0013354006201860558
11022,0.020651195358607582
1988,0.010773231969590878
13572,0.00025007502250675204
11206,0.0027008102430729217
13514,0.00061518455536661
5696,0.0023607082124637393
13465,0.006962088626587977
3560,0.00037511253376012804
16692,0.000005001500450135041
8445,0.00014504351305391616
11900,0.00249074722416725
194,0.0022806842052615784
1588,0.0001700510153045914
5997,0.00010003000900270081
5796,0.002820846253876163
1548,0.004041212363709113
8142,0.0007502250675202561
5589,0.12544263278983694
10664,0.002180654196258878
5962,0.00032509752925877764
9118,0.10580674202260679
12704,0.029258777633289986
3346,0.00012503751125337602
3634,0.003290987296188857
11413,0.010393117935380614
4775,0.00006501950585175553
13389,0.1119185755726718
7616,0.0002950885265579674
458,0.005161548464539362
17187,0.0031509452835850756
11028,0.01802040612183655
4959,0.00042512753826147844
16121,0.0006852055616685006
765,0.00007002100630189057
1880,0.0003200960288086426
12256,0.05778733620086026
3438,0.000005001500450135041
13416,0.00037511253376012804
12144,0.000025007502250675202
15875,0.0002950885265579674
9886,0.0003451035310593178
9603,0.0001600480144043213
10003,0.0011603481044313293
11873,0.008012403721116335
2699,0.0005151545463639092
10167,0.00020006001800540162
17497,0.000010003000900270082
9491,0.01792037611283385
14633,0.0024257277183154947
2089,0.0001600480144043213
17360,0.00001500450135040512
13956,0.00023006902070621187
8185,0.0010053015904771432
13937,0.0010503150945283585
1151,0.0023407022106631988
10818,0.0003451035310593178
7162,0.010533159947984396
9570,0.02105631689506852
15790,0.00017505251575472642
11326,0.0020206061818545565
581,0.00019005701710513153
5603,0.0010153045913774133
485,0.0018755626688006402
5147,0.00017505251575472642
9609,0.00014004201260378114
9820,0.00061518455536661
9450,0.0020506151845553666
13629,0.0013253976192857857
6946,0.0021556466940082022
3682,0.015349604881464439
7264,0.0000850255076522957
9473,0.0001600480144043213
7945,0.018095428628588577
11849,0.0031259377813344005
9563,0.02446233870161048
3796,0.00042512753826147844
14383,0.003716114834450335
10140,0.03757627288186456
12008,0.000025007502250675202
6571,0.0012903871161348405
16127,0.000020006001800540163
4540,0.00022506752025607682
3972,0.00046013804141242375
4134,0.0003951185355606682
5534,0.00003000900270081024
10701,0.00003000900270081024
10159,0.2133289986996099
8949,0.011803541062318696
17117,0.0009502850855256577
5266,0.0001700510153045914
16024,0.00031509452835850753
12869,0.00491147344203261
1971,0.0017955386615984795
1043,0.0007202160648194458
11597,0.0005101530459137741
16838,0.0008202460738221466
16370,0.0003100930279083725
14769,0.0016805041512453736
5898,0.0009702910873261979
6864,0.01906071821546464
16113,0.05437631289386816
14856,0.0023407022106631988
1062,0.003921176352905871
7242,0.0000850255076522957
16262,0.000050015004501350405
7441,0.0011903571071321397
15066,0.06633990197059118
13928,0.00013003901170351105
8791,0.0017355206561968592
11665,0.0030359107732319695
2076,0.012898869660898269
12449,0.0016755026507952386
1582,0.000010003000900270082
11940,0.00035510653195958787
14107,0.14559367810343102
4458,0.0027958387516254877
16445,0.014609382814844453
5089,0.0000850255076522957
3134,0.00004501350405121536
10053,0.0023357007102130637
4850,0.000010003000900270082
7541,0.0015104531359407822
4800,0.00013003901170351105
12845,0.0000850255076522957
17414,0.0019155746724017204
6356,0.001105331599479844
10256,0.0005651695508652596
14688,0.0010153045913774133
12900,0.022996899069720918
12847,0.02705811743523057
11380,0.0005351605481644493
5643,0.00007502250675202561
1385,0.0002200660198059418
1649,0.00020506151845553665
14416,0.10492147644293288
543,0.002180654196258878
16622,0.0008702610783234971
10233,0.10601680504151245
8056,0.0952035610683205
17531,0.0009902970891267381
12694,0.0023557067120136043
13829,0.0019555866760028007
10799,0.005871761528458538
15389,0.007802340702210663
16711,0.00032509752925877764
6440,0.004491347404221266
5918,0.00005501650495148545
11684,0.00033009902970891267
3816,0.062073622086625986
10698,0.0037561268380514154
4970,0.0012653796138841651
8960,0.001490447134140242
10337,0.002095628688606582
10581,0.0008102430729218765
13965,0.00025007502250675204
177,0.0165999799939982
3340,0.000010003000900270082
14001,0.0002200660198059418
2556,0.000025007502250675202
9675,0.044758427528258475
15411,0.001235370611183355
7076,0.0000850255076522957
748,0.0006601980594178253
9327,0.0001100330099029709
17156,0.00555666700010003
1792,0.0001700510153045914
11549,0.00020006001800540162
11375,0.00009002700810243072
11609,0.00308592577773332
13010,0.0832299689906972
2110,0.005471641492447735
9110,0.0006451935580674203
6430,0.000005001500450135041
10979,0.0316444933480044
11280,0.0016454936480944284
16580,0.0016504951485445635
9623,0.0002700810243072922
8975,0.0002700810243072922
17070,0.015394618385515655
6625,0.0030409122736821045
13012,0.0012903871161348405
4517,0.00001500450135040512
1325,0.0016504951485445635
13662,0.013404021206361909
6762,0.0024307292187656297
11477,0.00027508252475742724
714,0.001455436630989297
5527,0.00010003000900270081
5590,0.11888566569970992
11410,0.00017505251575472642
9169,0.013063919175752725
7367,0.0004101230369110733
3962,0.017690307092127638
6672,0.000050015004501350405
11920,0.002920876262878864
2804,0.0001350405121536461
14968,0.0012853856156847055
11349,0.0005251575472641792
7880,0.011538461538461539
15250,0.045593678103431026
372,0.006672001600480144
40,0.00009002700810243072
9824,0.00007502250675202561
3315,0.000370111033309993
17159,0.001090327098129439
17147,0.01751025307592278
468,0.0013504051215364609
10041,0.00367110133039912
8415,0.0023957187156146845
648,0.000050015004501350405
1181,0.0047014104231269385
16563,0.0012103631089326798
8591,0.0008502550765229569
2540,0.00045013504051215364
12346,0.04086225867760328
15551,0.0019105731719515854
6681,0.052110633189956984
11628,0.0006401920576172852
13510,0.000025007502250675202
368,0.0026307892367710313
11170,0.05020506151845554
10498,0.0013804141242372712
8429,0.01096328898669601
6463,0.0006501950585175553
1317,0.0010053015904771432
10623,0.000985295588676603
10040,0.008987696308892668
7033,0.002950885265579674
8777,0.0022606782034610383
724,0.0006501950585175553
11481,0.029148744623387016
16473,0.0013404021206361908
15072,0.011458437531259379
1420,0.0009602880864259277
13519,0.004321296388916675
7148,0.010248074422326697
13082,0.0033560068020406122
9395,0.0007152145643693108
7306,0.028563569070721218
1676,0.00007502250675202561
16998,0.0018155446633990196
12238,0.11282884865459637
5638,0.00001500450135040512
10733,0.003235970791237371
319,0.006406922076622987
7479,0.015649694908472542
14797,0.0015254576372911873
9111,0.07113133940182055
800,0.000020006001800540163
4382,0.0007652295688706612
7937,0.027153145943783135
6655,0.396333900170051
12717,0.00045013504051215364
8663,0.00020506151845553665
8254,0.002545763729118736
5995,0.0005901770531159348
6773,0.0004401320396118836
15162,0.000020006001800540163
9294,0.002950885265579674
6474,0.013148944683405021
4523,0.0011303391017305191
13968,0.0006852055616685006
13420,0.0047114134240272085
11453,0.09974492347704311
12596,0.061178353506051816
3156,0.000005001500450135041
9156,0.03927678303491047
9003,0.0003100930279083725
1418,0.00251075322596779
12321,0.012963889166750025
12603,0.00035510653195958787
1720,0.0004201260378113434
6923,0.05642192657797339
5121,0.00001500450135040512
2159,0.0000850255076522957
11775,0.0005201560468140442
2413,0.00009502850855256577
7330,0.001830549164749425
6764,0.0002850855256576973
15801,0.00030509152745823747
11536,0.00048514554366309895
5080,0.0018955686706011803
17558,0.0013103931179353806
9879,0.004116234870461138
12898,0.0005051515454636391
2402,0.0014204261278383515
1237,0.0001700510153045914
7911,0.02467740322096629
9777,0.001595478643593078
9517,0.00043513053916174855
9503,0.0678853656096829
7586,0.0012153646093828149
16452,0.003310993297989397
1258,0.0014454336300890266
8490,0.004591377413223967
7884,0.0016454936480944284
2469,0.000005001500450135041
2554,0.00007502250675202561
11917,0.03322996899069721
6223,0.0004101230369110733
11931,0.0007102130639191757
9775,0.0014304291287386215
2106,0.014389316795038512
10138,0.13736120836250876
11499,0.016775032509752926
2460,0.00007502250675202561
2080,0.00015004501350405122
8013,0.03881664499349805
13217,0.17469740922276683
674,0.014579373812143644
1034,0.0002700810243072922
2250,0.0029058717615284583
6826,0.000010003000900270082
12676,0.00025507652295688707
58,0.023352005601680503
11954,0.00033009902970891267
10037,0.0019205761728518555
9749,0.0008702610783234971
6939,0.0014454336300890266
8755,0.0003601080324097229
16737,0.000005001500450135041
1789,0.0004901470441132339
2493,0.000035010503150945284
1598,0.03579073722116635
14554,0.02589776933079924
4617,0.00030509152745823747
16689,0.0001850555166549965
16926,0.00010003000900270081
2689,0.00031509452835850753
10674,0.0012953886165849755
3101,0.000010003000900270082
17172,0.00035510653195958787
6460,0.0003401020306091828
6936,0.000005001500450135041
16243,0.00033009902970891267
15474,0.000035010503150945284
4673,0.00010503150945283585
9990,0.03614584375312594
12515,0.00006501950585175553
4465,0.0002100630189056717
1557,0.0019855956787036113
9400,0.0006501950585175553
9983,0.004641392417725317
8105,0.00013003901170351105
1530,0.00007502250675202561
11734,0.0010203060918275483
9437,0.0018555566670001
8619,0.008722616785035511
9691,0.0005801740522156647
12681,0.00020006001800540162
11974,0.05646193858157447
11420,0.04639391817545264
9718,0.009272781834550365
12556,0.00029008702610783233
15263,0.0011503451035310593
1042,0.0005751725517655296
5174,0.0002850855256576973
16019,0.0059817945383615085
12889,0.023662098629588877
16037,0.0002850855256576973
14616,0.00033009902970891267
2165,0.010208062418725617
463,0.0003601080324097229
10061,0.012348704611383415
10562,0.0006301890567170151
15229,0.002875862758827648
2061,0.000040012003601080326
13542,0.02776332899869961
8773,0.0009752925877763329
7455,0.02056116835050515
12252,0.006431929578873662
3722,0.0006601980594178253
13520,0.0001700510153045914
271,0.002090627188156447
12698,0.03062918875662699
16614,0.00032509752925877764
3775,0.00369110733219966
16732,0.00001500450135040512
8550,0.0014004201260378114
14715,0.002180654196258878
9732,0.0016354906471941582
11509,0.00009002700810243072
13170,0.01695508652595779
3706,0.0009902970891267381
11194,0.0004101230369110733
6973,0.0018205461638491547
8117,0.00023006902070621187
8794,0.0000850255076522957
13360,0.0002850855256576973
6513,0.002585775732719816
1748,0.00010503150945283585
2003,0.000005001500450135041
3281,0.0002350705211563469
1424,0.008542562768830649
9703,0.0001700510153045914
7411,0.0006051815544663399
14828,0.02352705811743523
13444,0.07924377313193959
2891,0.0003601080324097229
13051,0.0010053015904771432
10871,0.008497549264779435
15338,0.00040512153646093827
7532,0.00047514254276282883
9129,0.0016554966489946985
3293,0.00017505251575472642
4865,0.00001500450135040512
15754,0.0002350705211563469
9488,0.0001950585175552666
9304,0.061288386515954786
14592,0.03844653396018806
16241,0.0013203961188356507
3966,0.0014154246273882164
2628,0.000025007502250675202
13740,0.01970591177353206
16089,0.006116835050515155
9482,0.00012003601080324097
14361,0.0018555566670001
5553,0.00001500450135040512
9679,0.0008152445733720116
11749,0.0019905971791537463
685,0.1432929878963689
12497,0.0005051515454636391
15452,0.006466940082024608
16719,0.0001350405121536461
11322,0.0008852655796739022
12282,0.002595778733620086
8824,0.000730219065719716
16069,0.00430629188756627
6710,0.003576072821846554
1305,0.00372111633490047
11889,0.00009002700810243072
17108,0.016785035510653197
12680,0.0009352805841752526
15740,0.0003351005301590477
13606,0.033920176052815845
11089,0.000745223567070121
9854,0.05843753125937781
12485,0.0005851755526657997
6588,0.008882664799439832
2608,0.000050015004501350405
1540,0.002945883765129539
6492,0.0008502550765229569
5258,0.002125637691307392
591,0.014499349804941483
9212,0.003941182354706412
13781,0.03964189256777033
4588,0.00019005701710513153
6535,0.0006401920576172852
7266,0.00006001800540162048
10996,0.03146944083224967
2519,0.0024207262178653596
13426,0.0016955086525957787
15761,0.004801440432129639
5649,0.000025007502250675202
5492,0.00030009002700810244
14619,0.040542162648794636
11215,0.00015004501350405122
1286,0.00015504651395418625
8211,0.0015704711413424028
16989,0.0007052115634690407
11423,0.003561068320496149
10679,0.00040512153646093827
17271,0.000985295588676603
13735,0.0034210263078923676
14831,0.00123036911073322
8143,0.007062118635590677
10275,0.00010503150945283585
11635,0.0008402520756226868
3984,0.0026657997399219765
9171,0.0012753826147844354
7111,0.0009752925877763329
749,0.00003000900270081024
4712,0.000040012003601080326
11518,0.0038561568470541164
9072,0.0037311193358007403
15986,0.005301590477143143
14593,0.0006101830549164749
16542,0.00012003601080324097
4472,0.009542862858857658
15768,0.0021606481944583377
15738,0.000005001500450135041
2229,0.00011503451035310594
16153,0.00023006902070621187
16124,0.0014004201260378114
1462,0.02124637391217365
5765,0.00022506752025607682
7750,0.0013303991197359207
17183,0.0001350405121536461
2700,0.00558667600280084
7643,0.00918775632689807
14678,0.001465439631889567
193,0.002850855256576973
6283,0.0031409422826848056
1170,0.013639091727518255
6471,0.011358407522256676
15180,0.0008902670801240372
1652,0.0018105431629488846
7909,0.0010303090927278183
12403,0.2974092227668301
10808,0.0014254276282884865
245,0.004096228868660598
11540,0.0005601680504151245
8373,0.00012503751125337602
8008,0.08954186255876763
6235,0.0019505851755526658
16846,0.0021706511953586078
13486,0.041592477743322996
8076,0.00015004501350405122
1381,0.00030009002700810244
10682,0.00014004201260378114
13144,0.005321596478943683
2098,0.000010003000900270082
15026,0.006071821546463939
8867,0.008012403721116335
11633,0.0019205761728518555
1922,0.00003000900270081024
4705,0.000005001500450135041
5155,0.000035010503150945284
1341,0.00029008702610783233
11057,0.0001600480144043213
13980,0.030824247274182256
5255,0.0001700510153045914
9121,0.006111833550065019
8400,0.0032609782934880462
11496,0.05243573071921576
3986,0.026322896869060718
4861,0.00014504351305391616
17224,0.005736721016304892
16316,0.000005001500450135041
4529,0.0011353406021806542
11638,0.00040012003601080324
1547,0.0027708312493748125
15014,0.0015804741422426728
17104,0.0005601680504151245
12049,0.004526357907372212
2019,0.01814544363308993
10591,0.000010003000900270082
12104,0.004836450935280584
338,0.0001700510153045914
13155,0.00032509752925877764
10422,0.037621286385915775
3600,0.0006802040612183656
13046,0.000735220566169851
5507,0.004001200360108033
16479,0.000010003000900270082
9680,0.00048014404321296386
1039,0.00006501950585175553
9581,0.0007502250675202561
17454,0.000025007502250675202
3804,0.03144943483044913
15783,0.0005001500450135041
5442,0.0006601980594178253
17174,0.0008452535760728218
8015,0.00032509752925877764
15298,0.02417225167550265
2088,0.00010503150945283585
7924,0.0027058117435230567
5241,0.023171951585475643
5993,0.0006401920576172852
3711,0.0006601980594178253
1489,0.003706111833550065
10554,0.001110333099929979
16150,0.0007852355706712014
4507,0.00011503451035310594
9380,0.0002950885265579674
7488,0.008462538761628488
10199,0.6022456737021107
12488,0.0010503150945283585
3896,0.0007652295688706612
9392,0.0013153946183855156
4880,0.00014004201260378114
17051,0.0033760128038411523
15728,0.000035010503150945284
7103,0.008842652795838752
16444,0.002885865759727918
7443,0.000025007502250675202
2046,0.0004701410423126938
12385,0.0008252475742722817
1032,0.00024007202160648193
5306,0.000010003000900270082
1338,0.0017155146543963188
10193,0.0010503150945283585
16459,0.002935880764229269
12248,0.002445733720116035
3912,0.00011503451035310594
15071,0.018125437631289387
4603,0.000005001500450135041
2828,0.00006001800540162048
2145,0.0001700510153045914
11936,0.0040362108632589775
13724,0.1147444233269981
11132,0.000365109532859858
16023,0.000035010503150945284
12546,0.0014504351305391616
2563,0.00014004201260378114
17295,0.00001500450135040512
6108,0.0005651695508652596
6149,0.00048014404321296386
11826,0.0020656196859057717
462,0.0030559167750325096
17464,0.004771431429428829
12220,0.0002700810243072922
14434,0.007707312193658097
3915,0.000730219065719716
12927,0.022611783535060517
15280,0.06616484945483644
7002,0.0012803841152345704
11778,0.0010053015904771432
4342,0.006621986595978794
8245,0.009612883865159547
7,0.0020656196859057717
8420,0.0808742622786836
8275,0.009192757827348205
6229,0.0003100930279083725
3810,0.0023306992097629287
9258,0.0030209062718815644
14214,0.003300990297089127
16674,0.0013904171251375413
2012,0.00006001800540162048
5786,0.000010003000900270082
12048,0.011643493047914375
14682,0.0015754726417925378
16671,0.0002700810243072922
3077,0.00006501950585175553
10526,0.001110333099929979
14227,0.017765329598879664
10765,0.005541662498749625
11417,0.009467840352105631
13399,0.0004101230369110733
6272,0.0007552265679703911
10885,0.0005301590477143143
11219,0.17617285185555667
9326,0.024197259177753325
16301,0.000010003000900270082
9434,0.0005901770531159348
15766,0.0006601980594178253
10769,0.0006351905571671502
351,0.0006651995598679604
7163,0.012978893668100431
5163,0.000005001500450135041
16270,0.00001500450135040512
17416,0.0009902970891267381
16516,0.002235670701210363
15611,0.02956887066119836
1885,0.018595578673602082
8278,0.008817645293588076
12026,0.0005401620486145844
13411,0.00033009902970891267
10869,0.0006551965589676903
12598,0.0008502550765229569
13673,0.06197859357807342
16110,0.15341602480744224
9579,0.0503851155346604
7805,0.001625487646293888
13317,0.005171551465439632
6393,0.0008852655796739022
144,0.00006501950585175553
12843,0.00372111633490047
451,0.0007102130639191757
8740,0.000020006001800540163
12749,0.0007102130639191757
350,0.0006051815544663399
3832,0.000745223567070121
15258,0.008737621286385916
9788,0.0034760428128438534
5073,0.0001850555166549965
6613,0.00014504351305391616
7933,0.0042462738821646496
4408,0.014734420326097829
15001,0.00042512753826147844
12810,0.06359907972391718
9214,0.003325997799339802
17033,0.13511053315994798
5690,0.00035010503150945284
1732,0.0006702010603180954
8889,0.0006852055616685006
6690,0.02025107532259678
15520,0.06033810143042913
1322,0.006947084125237571
11241,0.004051215364609383
9795,0.03703611083324997
1108,0.0035160548164449336
5038,0.0001700510153045914
4727,0.00010503150945283585
12859,0.006146844053215965
13996,0.021201360408122438
15396,0.03538561568470541
6850,0.12530759227768332
11260,0.005871761528458538
13581,0.0005551665499649895
7581,0.01682004601380414
16040,0.0004651395418625588
2640,0.00010003000900270081
3564,0.00043012903871161347
7804,0.0022756827048114434
12166,0.0001850555166549965
11788,0.00019005701710513153
7081,0.12147644293287986
11945,0.012578773632089627
16770,0.000050015004501350405
13116,0.00029008702610783233
1515,0.016354906471941582
1697,0.0208962688806642
6360,0.0020106031809542864
4198,0.000005001500450135041
1754,0.0000850255076522957
6990,0.010398119435830749
12744,0.0003401020306091828
13939,0.0020406121836550966
15147,0.0027608282484745425
6178,0.0026457937381214364
8611,0.000740222066619986
6592,0.00004501350405121536
8587,0.0038511553466039814
13245,0.000025007502250675202
13685,0.0098629588876663
1510,0.000050015004501350405
345,0.00028008402520756227
8757,0.0009402820846253876
7638,0.000005001500450135041
11904,0.00024507352205661696
7600,0.002605781734520356
15994,0.00024507352205661696
11136,0.010398119435830749
8662,0.0006802040612183656
2837,0.000035010503150945284
6041,0.014999499849954986
2178,0.0021506451935580672
16392,0.0008052415724717415
15660,0.029623887166149845
4953,0.0013604081224367311
15614,0.0010053015904771432
5100,0.0006601980594178253
675,0.0002100630189056717
7803,0.06316895068520556
1532,0.02212663799139742
13597,0.00045013504051215364
15877,0.00033009902970891267
14467,0.004756426928078423
670,0.005841752525757728
8086,0.0012653796138841651
7565,0.11597979393818146
9910,0.03314994498349505
9018,0.000010003000900270082
13526,0.0008052415724717415
13469,0.006877063118935681
12484,0.0009402820846253876
12809,0.023717115134540362
8654,0.1325697709312794
4475,0.005466639991997599
14488,0.00042512753826147844
2904,0.00040012003601080324
4510,0.00014004201260378114
583,0.0020356106832049616
12944,0.0024307292187656297
15871,0.0034060218065419625
326,0.0006101830549164749
1567,0.005116534960488146
9088,0.0008452535760728218
14066,0.09617885365609682
14055,0.029028708612583776
13055,0.0009502850855256577
2523,0.00010003000900270081
12179,0.0008052415724717415
7155,0.010978293488046414
3812,0.05838251475442633
5314,0.0018905671701510453
13183,0.003185955786736021
11857,0.008402520756226868
722,0.0010753225967790336
9658,0.03852655796739022
10021,0.0006802040612183656
637,0.0001700510153045914
16662,0.004021206361908573
5571,0.0017805341602480744
13464,0.04192257677303191
12527,0.13400520156046813
16796,0.0003200960288086426
12939,0.0012053616084825448
1331,0.013313994198259477
14410,0.0010003000900270082
12785,0.04024707412223667
13924,0.00018005401620486145
684,0.005966790037011103
16727,0.000025007502250675202
9440,0.004541362408722617
4784,0.0000850255076522957
14723,0.0005951785535660699
13818,0.000020006001800540163
12667,0.0005301590477143143
7253,0.00001500450135040512
16030,0.0007102130639191757
8031,0.00020006001800540162
4576,0.00014504351305391616
8593,0.00018005401620486145
13639,0.0018055416624987496
5675,0.0001100330099029709
12760,0.028228468540562168
12314,0.0007152145643693108
5078,0.0001600480144043213
16889,0.004121236370911273
7846,0.0006651995598679604
2767,0.0002350705211563469
12691,0.006186856056817045
7185,0.0834850455136541
4532,0.00020006001800540162
2707,0.006501950585175552
11091,0.0005501650495148545
2629,0.0003601080324097229
16398,0.000040012003601080326
8263,0.0008702610783234971
6744,0.002220666199859958
7153,0.003290987296188857
12929,0.021746523957187156
8565,0.0011353406021806542
5824,0.0007002100630189057
8258,0.0006551965589676903
9253,0.03828648594578374
6896,0.0016504951485445635
10842,0.000010003000900270082
9356,0.005826748024407322
6781,0.2100480144043213
12034,0.001110333099929979
11125,0.0016805041512453736
11923,0.003611083324997499
3990,0.00040012003601080324
12458,0.000735220566169851
8412,0.0008852655796739022
9728,0.00016504951485445633
15602,0.0001600480144043213
3318,0.0007202160648194458
651,0.00004501350405121536
7658,0.00006501950585175553
15031,0.01541962588776633
11896,0.0007152145643693108
7189,0.005351605481644493
6241,0.01547964389316795
3266,0.00011503451035310594
8403,0.0003200960288086426
7920,0.04335300590177053
11521,0.00871261378413524
6601,0.0002950885265579674
1519,0.0011603481044313293
15413,0.0009802940882264678
1069,0.01000300090027008
122,0.00015004501350405122
4086,0.03595078523557067
9922,0.0013554066219865959
15436,0.0003601080324097229
673,0.0000850255076522957
15903,0.000005001500450135041
6208,0.00031509452835850753
6562,0.017640292087626287
6931,0.0009452835850755226
7614,0.003951185355606682
8321,0.014104231269380815
17373,0.00009502850855256577
12550,0.00428628588576573
6877,0.00032509752925877764
15898,0.002180654196258878
8614,0.02605781734520356
12772,0.0009102730819245773
11766,0.0015304591377413223
1859,0.0001850555166549965
12369,0.00042512753826147844
4422,0.00029008702610783233
12840,0.00805741722516755
12646,0.0006001800540162049
11675,0.0012853856156847055
13296,0.0015604681404421327
1605,0.0015604681404421327
13270,0.0009952985895768731
394,0.0004101230369110733
5324,0.000005001500450135041
11131,0.00028008402520756227
10567,0.005996799039711913
9140,0.00011503451035310594
17074,0.00022506752025607682
5605,0.00040012003601080324
8498,0.0019155746724017204
13436,0.05803741122336701
235,0.00010003000900270081
14850,0.03223467040112034
7038,0.000025007502250675202
5222,0.00023006902070621187
5430,0.0002200660198059418
199,0.002940882264679404
10612,0.0015754726417925378
14351,0.0012603781134340301
8481,0.0008902670801240372
9264,0.00009502850855256577
11116,0.002110633189956987
16814,0.0004151245373612084
15856,0.002215664699409823
5780,0.00001500450135040512
9992,0.004816444933480044
396,0.0007652295688706612
14103,0.0005951785535660699
10643,0.000005001500450135041
15394,0.0010603180954286285
7627,0.00037511253376012804
14142,0.008647594278283485
17541,0.0006601980594178253
17345,0.0006601980594178253
1784,0.00025507652295688707
3288,0.00010003000900270081
12491,0.0011553466039811943
12630,0.05934780434130239
1580,0.02199659897969391
11878,0.001115334600380114
16223,0.0026407922376713014
5985,0.0019255776733019907
239,0.005911773532059618
7121,0.0022556767030109033
5798,0.0006601980594178253
10118,0.0007502250675202561
121,0.00010003000900270081
752,0.00030009002700810244
9960,0.004176252875862759
6424,0.0004701410423126938
8493,0.0037361208362508753
15329,0.0006702010603180954
9094,0.0013754126237871362
7940,0.0015154546363909172
1615,0.00004501350405121536
14782,0.05758227468240472
713,0.0012853856156847055
6147,0.001120336100830249
11124,0.0010303090927278183
15052,0.0007902370711213364
5769,0.0001350405121536461
10904,0.001600480144043213
14375,0.00009502850855256577
2820,0.00037511253376012804
8866,0.0031159347804341304
16091,0.0020006001800540163
605,0.0004901470441132339
11097,0.0005651695508652596
2037,0.00017505251575472642
4463,0.003716114834450335
4133,0.0000850255076522957
6486,0.0008352505751725518
1465,0.0002850855256576973
4927,0.007677303190957287
12388,0.017635290587176153
14046,0.020061018305491646
17138,0.016624987496248876
7434,0.0020606181854556367
7766,0.0036460938281484443
488,0.019780934280284084
6688,0.007752325697709313
9347,0.01595478643593078
1275,0.00005501650495148545
10051,0.017360208062418725
13952,0.0043312993898169455
1327,0.00048014404321296386
1990,0.0008152445733720116
6983,0.00033009902970891267
9174,0.0034860458137441234
1314,0.001245373612083625
875,0.004686405921776533
7587,0.000745223567070121
3993,0.0011653496048814643
10570,0.052590777233169954
1230,0.00010003000900270081
6114,0.003666099829948985
15689,0.004751425427628289
9821,0.0014254276282884865
15268,0.0017705311593478044
2064,0.013419025707712313
13627,0.0027308192457737323
9848,0.011973592077623286
5428,0.02756326898069421
4470,0.00027508252475742724
6926,0.0038811643493047916
3968,0.0006451935580674203
1770,0.012768830649194759
11537,0.21697509252775832
4429,0.00030509152745823747
8050,0.000035010503150945284
778,0.01221366409922977
10189,0.005436630989296789
10301,0.00247074122236671
9444,0.0004901470441132339
15961,0.0033960188056416925
7192,0.0015804741422426728
12899,0.0027358207462238673
12946,0.0013454036210863258
5084,0.001255376612983895
8945,0.007042112633790137
14154,0.0007952385715714714
8157,0.002555766730019006
14687,0.0024107232169650896
1996,0.000010003000900270082
9539,0.00035510653195958787
8563,0.004691407422226668
3155,0.000020006001800540163
11508,0.008212463739121736
12342,0.011903571071321397
1429,0.009102730819245773
15662,0.0032809842952885864
15279,0.04346804041212364
11848,0.00014004201260378114
13208,0.0015604681404421327
5752,0.000005001500450135041
7389,0.00035510653195958787
9614,0.008997699309792937
1118,0.0027058117435230567
3218,0.00006501950585175553
10034,0.009122736821046314
13000,0.0038161448434530358
7675,0.0013003901170351106
2766,0.00004501350405121536
10310,0.0031459437831349406
5354,0.00010003000900270081
508,0.0010853255976793039
13401,0.0009902970891267381
16934,0.00008002400720216065
3484,0.000050015004501350405
12152,0.000050015004501350405
13596,0.0008602580774232269
15888,0.0007052115634690407
11461,0.01578973692107632
12380,0.0005451635490647195
8832,0.00012503751125337602
12062,0.026347904371311393
11741,0.0006702010603180954
6137,0.017965389616885066
8116,0.016965089526858056
3766,0.0006651995598679604
12176,0.11117835350605182
6924,0.05450135040512154
2631,0.00007502250675202561
13182,0.0031809542862858858
15107,0.000010003000900270082
4988,0.00043513053916174855
14922,0.000010003000900270082
7402,0.0005351605481644493
12761,0.03897669300790237
9172,0.0010653195958787636
6236,0.0020306091827548265
17245,0.00001500450135040512
208,0.0037661298389516855
12652,0.0007552265679703911
2740,0.000035010503150945284
12683,0.00009002700810243072
4484,0.000035010503150945284
387,0.0013504051215364609
16527,0.0006601980594178253
9566,0.08577573271981595
493,0.014514354306291888
4929,0.003351005301590477
564,0.0013854156246874063
16898,0.000020006001800540163
13274,0.001610483144943483
5173,0.0003100930279083725
10954,0.020826247874362307
6134,0.09137241172351705
9610,0.017875362608782634
361,0.00249074722416725
8097,0.0006601980594178253
17043,0.007807342202660798
4248,0.00028008402520756227
5813,0.00029008702610783233
4755,0.00008002400720216065
2625,0.00003000900270081024
14588,0.07010603180954286
7610,0.00741222366710013
14034,0.000865259577873362
11847,0.00246073822146644
3889,0.00010003000900270081
13350,0.00009002700810243072
8491,0.0003951185355606682
8670,0.005961788536560968
12782,0.01714514354306292
13485,0.0006752025607682304
5567,0.006226868060418125
1954,0.0007252175652695808
4571,0.0003401020306091828
13966,0.0008602580774232269
1027,0.0007202160648194458
7551,0.00029008702610783233
13447,0.004196258877663299
8122,0.001235370611183355
9640,0.0000850255076522957
8605,0.000050015004501350405
9312,0.00503150945283585
15817,0.0007052115634690407
6884,0.00020006001800540162
9366,0.0006001800540162049
2899,0.0026858057417225166
12999,0.0001350405121536461
8005,0.04904471341402421
6865,0.018765629688906674
5983,0.000005001500450135041
6163,0.003706111833550065
5680,0.00032509752925877764
9240,0.02716815044513354
2747,0.0003951185355606682
7628,0.005026507952385716
12090,0.00014004201260378114
13942,0.0033760128038411523
9167,0.03015404621386416
6641,0.000010003000900270082
12727,0.02723817145143543
9002,0.0023407022106631988
525,0.00031509452835850753
10684,0.00020006001800540162
12474,0.012663799139741923
16182,0.0012953886165849755
11564,0.02112633790137041
13577,0.004166249874962489
5885,0.00029008702610783233
10396,0.000730219065719716
11139,0.017800340102030607
9468,0.00025507652295688707
8455,0.009577873362008603
9997,0.00013003901170351105
15270,0.0008402520756226868
906,0.007167150145043513
11807,0.00014004201260378114
6115,0.000005001500450135041
10675,0.0022806842052615784
6608,0.007467240172051615
16570,0.0008452535760728218
15547,0.00033009902970891267
8111,0.0013053916174852456
15782,0.00037511253376012804
16050,0.005821746523957188
2858,0.000010003000900270082
2271,0.00030509152745823747
10786,0.03260478143443033
6386,0.0013654096228868662
852,0.0030409122736821045
3542,0.00032509752925877764
13017,0.03791137341202361
1584,0.00007502250675202561
160,0.0005801740522156647
4718,0.0001700510153045914
3946,0.01702510753225968
8063,0.12501250375112533
17442,0.000010003000900270082
16937,0.0007552265679703911
1574,0.00019005701710513153
5253,0.00003000900270081024
8210,0.00046013804141242375
9364,0.00010003000900270081
5434,0.001595478643593078
1481,0.0030409122736821045
16202,0.04098229468840652
149,0.0022856857057117134
14224,0.09282284685405622
11760,0.0006952085625687706
565,0.0015654696408922677
7913,0.010068020406121836
3992,0.00015004501350405122
7907,0.02398219465839752
16267,0.0003100930279083725
17460,0.0009152745823747125
3323,0.00025507652295688707
139,0.003601080324097229
2304,0.00012503751125337602
16619,0.015594678403521056
4618,0.0000850255076522957
519,0.0008252475742722817
13544,0.01850555166549965
4394,0.00011503451035310594
90,0.000025007502250675202
6547,0.0030159047714314294
3748,0.00033009902970891267
7988,0.08708612583775133
3363,0.00023006902070621187
257,0.017475242572771832
13746,0.0001350405121536461
2218,0.00020506151845553665
11383,0.00020006001800540162
6433,0.004851455436630989
12337,0.04455836751025308
10518,0.000020006001800540163
11147,0.0016554966489946985
10390,0.0011703511053315994
11181,0.0033560068020406122
17075,0.004481344403320996
14081,0.0008902670801240372
6271,0.0001700510153045914
14565,0.0006401920576172852
802,0.000005001500450135041
6429,0.000040012003601080326
6004,0.0001850555166549965
11266,0.00008002400720216065
10030,0.021781534460338103
516,0.00025007502250675204
1561,0.0007502250675202561
16068,0.0005951785535660699
8460,0.0013103931179353806
11237,0.0003851155346603981
1662,0.0023557067120136043
7964,0.000985295588676603
14425,0.00025507652295688707
6575,0.0004901470441132339
11765,0.14389816945083525
8890,0.0016404921476442932
13711,0.0015454636390917274
8703,0.00553666099829949
16874,0.00012003601080324097
11547,0.00028008402520756227
5859,0.00019005701710513153
2293,0.000005001500450135041
6436,0.004906471941582475
8366,0.0034360308092427727
11516,0.008822646794038212
13676,0.00020006001800540162
4799,0.0005601680504151245
9382,0.001095328598579574
8752,0.013404021206361909
6881,0.0003401020306091828
4758,0.000010003000900270082
16741,0.000010003000900270082
5816,0.000035010503150945284
9136,0.0005101530459137741
10414,0.001255376612983895
1106,0.0005601680504151245
12949,0.0045113534060218065
162,0.020406121836550967
2004,0.00001500450135040512
11497,0.002865859757927378
7256,0.002195658697609283
17367,0.001475442632789837
8463,0.0021606481944583377
17140,0.00047514254276282883
8574,0.013394018205461638
7899,0.0016654996498949685
16386,0.0010153045913774133
13001,0.003285985795738722
10141,0.04040212063619086
11389,0.0008302490747224168
477,0.00023006902070621187
15519,0.00033009902970891267
9273,0.010753225967790337
17161,0.005286585975792738
8848,0.0023256977093127937
11792,0.00014004201260378114
12955,0.0011803541062318697
1272,0.000020006001800540163
5262,0.0005101530459137741
15185,0.0010503150945283585
15318,0.0018655596679003701
9288,0.0009452835850755226
15243,0.05305591677503251
3744,0.00033009902970891267
7361,0.0069020706211863556
14191,0.021961588476542962
13693,0.08408022406722017
17103,0.0008102430729218765
7359,0.0003901170351105332
1673,0.003190957287186156
434,0.00045013504051215364
11075,0.0011303391017305191
16803,0.00012003601080324097
9961,0.000730219065719716
16207,0.00003000900270081024
5640,0.000010003000900270082
11832,0.02276182854856457
8913,0.0006601980594178253
10457,0.10105031509452836
6439,0.012163649094728418
1153,0.002175652695808743
8424,0.013849154746423927
9918,0.0019205761728518555
767,0.004381314394318296
14111,0.013038911673502051
13661,0.03190457137141142
4202,0.000010003000900270082
5095,0.00007502250675202561
13461,0.0003901170351105332
6392,0.0009352805841752526
10083,0.03551065319595879
15911,0.003210963288986696
6534,0.009977993398019407
2412,0.00007502250675202561
12379,0.0006952085625687706
17225,0.0015154546363909172
16485,0.0016604981494448335
6422,0.008052415724717415
9746,0.016880064019205762
13381,0.10046513954186256
16237,0.00033009902970891267
4854,0.005636691007302191
9536,0.000050015004501350405
14683,0.002100630189056717
15990,0.0017555266579973993
14192,0.04098229468840652
4339,0.008222466740022007
15755,0.0002700810243072922
14625,0.038356506952085624
1521,0.027638291487446235
2282,0.000010003000900270082
11539,0.00043012903871161347
11634,0.0005401620486145844
9551,0.0015004501350405122
13275,0.007942382714814445
16500,0.0006401920576172852
6218,0.000005001500450135041
6711,0.0026958087426227867
14149,0.0035410623186956087
13123,0.0003951185355606682
14373,0.0021656496949084727
15650,0.007867360208062418
15137,0.0012053616084825448
13533,0.0031409422826848056
753,0.0006001800540162049
7942,0.1621436430929279
2601,0.00016504951485445633
11713,0.002115634690407122
11388,0.0001350405121536461
9282,0.014909472841852556
14628,0.0008602580774232269
3379,0.00009002700810243072
10028,0.01958587576272882
11927,0.0030459137741322396
2069,0.0000850255076522957
2794,0.000365109532859858
8543,0.00015504651395418625
4614,0.0002200660198059418
6008,0.000005001500450135041
9540,0.0004651395418625588
17019,0.002550765229568871
7692,0.0012603781134340301
4814,0.00005501650495148545
1302,0.0031259377813344005
4397,0.00025507652295688707
191,0.00011503451035310594
3825,0.11656997099129739
2550,0.000010003000900270082
3721,0.0026507952385715714
10431,0.0011753526057817346
10080,0.026657997399219768
1270,0.000005001500450135041
2827,0.00017505251575472642
16843,0.015854756426928077
16354,0.0010003000900270082
14482,0.00024007202160648193
4658,0.0002600780234070221
12333,0.02521256376913074
8315,0.00062518755626688
14952,0.018165449634890467
12575,0.0006351905571671502
12806,0.006331899569870961
2796,0.004686405921776533
14128,0.1203260978293488
1212,0.03908672601780534
4493,0.00010003000900270081
1215,0.0012753826147844354
5576,0.0002850855256576973
10697,0.00030509152745823747
16082,0.06490947284185256
12707,0.0020256076823046915
9365,0.00017505251575472642
4879,0.00046013804141242375
6947,0.00932779833950185
3110,0.00007502250675202561
8583,0.0005901770531159348
13289,0.001730519155746724
1829,0.007792337701310393
8052,0.0003401020306091828
6378,0.0030159047714314294
8651,0.10819745923777133
3700,0.0062568770631189355
7010,0.0004651395418625588
2446,0.00016504951485445633
11480,0.00014004201260378114
15227,0.00038011403421026307
3425,0.00004501350405121536
12470,0.02256176853055917
8820,0.0019055716715014504
10949,0.0023657097129138743
12771,0.00023006902070621187
4290,0.0039711913574072225
134,0.0027758327498249476
17115,0.0007802340702210664
13883,0.08428028408522557
4794,0.0003951185355606682
14109,0.13673602080624186
2231,0.0058767630289086725
2859,0.0000850255076522957
9315,0.003606081824547364
3286,0.0001100330099029709
12138,0.003330999299789937
8228,0.000010003000900270082
3109,0.0026708012403721115
11009,0.020376112833850154
7652,0.006536961088326498
2737,0.000025007502250675202
428,0.00010503150945283585
6226,0.0013053916174852456
16147,0.0005051515454636391
3898,0.01606481944583375
10024,0.0015004501350405122
5906,0.0017005101530459137
5330,0.00012003601080324097
32,0.03931179353806142
16653,0.03231969590877263
10988,0.009517855356606982
4721,0.00005501650495148545
10950,0.004946483945183555
13254,0.041407422226668
9597,0.00012503751125337602
4326,0.0006651995598679604
4768,0.00006001800540162048
16560,0.000370111033309993
13174,0.0016705011503451036
10927,0.0008052415724717415
3356,0.00015504651395418625
16706,0.00021506451935580673
11372,0.004421326397919376
1066,0.00024007202160648193
7022,0.0006001800540162049
13313,0.014004201260378114
11451,0.08495048514554367
1064,0.0001600480144043213
16193,0.000985295588676603
8335,0.0037511253376012804
1956,0.017470241072321698
4826,0.00003000900270081024
11979,0.31158347504251277
3842,0.00503150945283585
10945,0.004656396919075723
8170,0.0049664899469840955
10548,0.0008852655796739022
517,0.0018105431629488846
14834,0.04757927378213464
1565,0.001600480144043213
14875,0.00027508252475742724
13344,0.0003451035310593178
11818,0.16640492147644292
1235,0.0003401020306091828
7268,0.0016304891467440231
9198,0.00007502250675202561
6246,0.01482444733420026
11228,0.0036410923276983093
15934,0.0003200960288086426
10632,0.00007502250675202561
6977,0.0050515154546363905
5948,0.00031509452835850753
5429,0.000010003000900270082
10512,0.002235670701210363
7738,0.0047864359307792335
9344,0.0172851855556667
5481,0.00017505251575472642
10579,0.0010403120936280884
10008,0.00006001800540162048
2649,0.000010003000900270082
11714,0.019485845753726118
13923,0.0006451935580674203
7787,0.0010753225967790336
15939,0.00032509752925877764
5195,0.000005001500450135041
13787,0.00022506752025607682
15966,0.0017805341602480744
10054,0.031144343302990898
13124,0.00045013504051215364
829,0.00022506752025607682
13374,0.09215264579373812
13472,0.0009252775832749825
12684,0.0002850855256576973
7017,0.0011253376012803841
11286,0.00433630089026708
10580,0.04965989796939082
5120,0.000010003000900270082
14363,0.00019005701710513153
15430,0.026312893868160447
12887,0.0007102130639191757
10421,0.000020006001800540163
5817,0.0026858057417225166
13227,0.0006902070621186356
1397,0.0029858957687306192
6667,0.0002950885265579674
8968,0.000025007502250675202
15336,0.03587076122836851
12571,0.015674702410723218
9220,0.0015704711413424028
3270,0.00020006001800540162
10980,0.030239071721516454
4334,0.006266880064019206
7371,0.0009052715814744423
6537,0.002585775732719816
8153,0.0008802640792237672
6300,0.008317495248574572
12554,0.0004701410423126938
9197,0.04053215964789437
13417,0.000035010503150945284
1969,0.004856456937081124
9791,0.00029008702610783233
1428,0.00020506151845553665
824,0.00006001800540162048
8021,0.035240572171651496
15159,0.000005001500450135041
14024,0.07381714514354307
15997,0.0015104531359407822
15030,0.02287186155846754
9483,0.0008552565769730919
14789,0.006046814044213264
15616,0.0013654096228868662
17059,0.13178953686105832
13788,0.004746423927178153
16079,0.00045013504051215364
9629,0.040377113133940185
10727,0.0029958987696308893
10503,0.04976993097929379
17127,0.0014254276282884865
16781,0.0005301590477143143
7931,0.054571371411423424
10039,0.012833850155046515
3285,0.00008002400720216065
11355,0.00020506151845553665
11425,0.07367710313093928
313,0.003566069820946284
15646,0.0006601980594178253
12089,0.0007002100630189057
13895,0.0002100630189056717
15951,0.0006551965589676903
17157,0.04761428428528559
10350,0.024277283184955485
94,0.000050015004501350405
3378,0.00001500450135040512
3659,0.0001700510153045914
16888,0.0009902970891267381
6119,0.0003451035310593178
11224,0.0011353406021806542
12654,0.0020656196859057717
16380,0.0017605281584475343
13232,0.042132639791937584
9455,0.0023056917075122535
8166,0.0030959287786335903
7481,0.0008002400720216065
866,0.001095328598579574
6412,0.01495448634590377
9659,0.02280184055216565
14552,0.003330999299789937
266,0.0005101530459137741
5957,0.000005001500450135041
4423,0.00026507952385715713
2492,0.00020506151845553665
10767,0.0007552265679703911
14758,0.0007552265679703911
2806,0.0004151245373612084
7591,0.07957387216164849
7747,0.01761528458537561
7719,0.06282384715414624
12391,0.005821746523957188
13545,0.12550265079523856
9734,0.0007702310693207962
10969,0.08382014604381315
11218,0.1340552165649695
7768,0.000040012003601080326
5040,0.0001700510153045914
12915,0.0005001500450135041
8857,0.0004151245373612084
492,0.03579073722116635
8018,0.001460438131439432
13018,0.034970491147344206
82,0.024602380714214264
10864,0.0010003000900270082
9574,0.00040012003601080324
53,0.023612083625087526
268,0.002815844753426028
12748,0.000365109532859858
6538,0.0008052415724717415
16015,0.0013904171251375413
2297,0.0031059317795338603
6239,0.002130639191757527
11332,0.0016705011503451036
2244,0.010783234970491147
3922,0.0001700510153045914
8856,0.004556366910073022
8553,0.0017405221566469942
6383,0.00494148244473342
7232,0.013819145743723118
4259,0.00046013804141242375
6576,0.008417525257577272
17363,0.000010003000900270082
13395,0.0019955986796038813
6793,0.00007002100630189057
11772,0.0011703511053315994
3224,0.0005301590477143143
1061,0.0006601980594178253
10264,0.00020006001800540162
14963,0.15199559867960388
1855,0.00040512153646093827
9119,0.005271581474442333
13097,0.01575472641792538
16338,0.0030259077723316995
13108,0.010588176452935881
15655,0.026022806842052614
4180,0.0000850255076522957
11199,0.0006351905571671502
1674,0.0000850255076522957
6407,0.00004501350405121536
15424,0.000370111033309993
10552,0.0011353406021806542
16041,0.00033009902970891267
14989,0.003921176352905871
12233,0.00037511253376012804
11272,0.00020006001800540162
5033,0.0006651995598679604
14956,0.004456336901070321
7633,0.00009002700810243072
12984,0.00016504951485445633
5601,0.037731319395818745
15456,0.006121836550965289
5596,0.0006401920576172852
15086,0.015189556867060118
822,0.000050015004501350405
13984,0.00030509152745823747
270,0.0002350705211563469
276,0.04123737121136341
786,0.011223367010103031
14389,0.0007852355706712014
310,0.0017855356606982095
3353,0.000025007502250675202
5489,0.0001950585175552666
8965,0.0001850555166549965
6475,0.0006501950585175553
3845,0.01786035810743223
15503,0.00033009902970891267
11026,0.009392817845353606
16716,0.0017955386615984795
3975,0.04175252575772732
12612,0.0001100330099029709
5753,0.000010003000900270082
14240,0.05916775032509753
15692,0.00011503451035310594
12678,0.0001100330099029709
2479,0.001245373612083625
1491,0.004706411923577073
11,0.005501650495148545
823,0.001225367610283085
11504,0.01485445633690107
250,0.006406922076622987
15835,0.0011753526057817346
11701,0.0012103631089326798
14118,0.016049814944483345
16797,0.00001500450135040512
16810,0.00009002700810243072
13705,0.0004951485445633691
14401,0.0017405221566469942
16587,0.0010303090927278183
9102,0.009532859857957387
5887,0.008167450235070522
917,0.004181254376312894
3170,0.000025007502250675202
2871,0.00038011403421026307
1896,0.000035010503150945284
2319,0.0013203961188356507
11016,0.037381214364309294
2248,0.0178703611083325
5171,0.000010003000900270082
3086,0.00010003000900270081
9331,0.000010003000900270082
1308,0.0026507952385715714
4945,0.0000850255076522957
12406,0.020666199859957986
716,0.0013053916174852456
7664,0.000745223567070121
13999,0.00012003601080324097
7215,0.0046714014204261274
15563,0.0012903871161348405
16577,0.00015004501350405122
5699,0.002495748724617385
17238,0.005906772031609483
5694,0.0020656196859057717
1321,0.0031809542862858858
6448,0.0039611883565069525
10139,0.6022406722016604
16985,0.0005901770531159348
12482,0.00045513654096228866
918,0.04098229468840652
8329,0.0000850255076522957
6739,0.00004501350405121536
9131,0.0009752925877763329
16009,0.0018005401620486145
438,0.011508452535760728
4631,0.0018155446633990196
16513,0.000025007502250675202
14632,0.0011653496048814643
6234,0.00025007502250675204
14635,0.0002350705211563469
4793,0.00020506151845553665
15827,0.0003951185355606682
3943,0.004536360908272482
14840,0.00043513053916174855
9157,0.01548964689406822
4627,0.00022506752025607682
13793,0.0009802940882264678
14220,0.0005301590477143143
10750,0.004481344403320996
466,0.0015704711413424028
1121,0.000005001500450135041
6341,0.0023857157147144144
15265,0.001115334600380114
16161,0.029413824147244173
15173,0.000010003000900270082
281,0.000985295588676603
6609,0.0004951485445633691
7698,0.00033009902970891267
11604,0.0013954186255876763
14084,0.0003200960288086426
3540,0.00001500450135040512
8173,0.0006601980594178253
13304,0.0021556466940082022
9271,0.0006351905571671502
4717,0.00027508252475742724
10989,0.0009652895868760629
13943,0.0006451935580674203
15426,0.000025007502250675202
1369,0.00005501650495148545
13336,0.008322496749024707
10500,0.0009802940882264678
8854,0.00028008402520756227
7607,0.000020006001800540163
11696,0.0006601980594178253
755,0.0009902970891267381
6410,0.00020506151845553665
15422,0.004251275382614784
16026,0.001225367610283085
11761,0.00019005701710513153
12700,0.001090327098129439
17124,0.0001600480144043213
11534,0.0005701710513153946
16399,0.00004501350405121536
3938,0.013243973191957588
9322,0.026367910373111935
8961,0.0031809542862858858
890,0.0002200660198059418
14067,0.0005851755526657997
12604,0.0005451635490647195
8950,0.0005001500450135041
15419,0.00001500450135040512
12838,0.02709812943883165
13988,0.0056116835050515155
5973,0.1639441832549765
8323,0.0961738521556467
16170,0.001615484645393618
7871,0.00025507652295688707
8869,0.00028008402520756227
14205,0.0030409122736821045
14013,0.0918225467640292
11561,0.0001700510153045914
16362,0.0015104531359407822
3815,0.0028108432529758928
15068,0.07183655096528958
12217,0.19922476743022907
15507,0.0012603781134340301
12030,0.008392517755326599
5579,0.0006952085625687706
7952,0.005456636991097329
8679,0.004216264879463839
13885,0.029533860158047414
15673,0.05676202860858257
6145,0.023221966589976994
7213,0.004251275382614784
12569,0.00062518755626688
11013,0.00033009902970891267
15003,0.0006802040612183656
620,0.0010203060918275483
8507,0.0001100330099029709
6813,0.00012503751125337602
1680,0.008957687306191857
1980,0.00010003000900270081
7042,0.0773632089626888
7027,0.00006001800540162048
14424,0.0013504051215364609
8739,0.00006001800540162048
17036,0.0003351005301590477
4597,0.0007652295688706612
7731,0.01284885465639692
8825,0.0005801740522156647
1813,0.0002200660198059418
6883,0.0003601080324097229
12095,0.012533760128038411
16997,0.00018005401620486145
13384,0.0020056016805041514
16296,0.00009502850855256577
6991,0.0002100630189056717
14193,0.002120636190857257
1558,0.002930879263779134
859,0.004441332399719916
16860,0.0002850855256576973
6319,0.0012803841152345704
6353,0.002835850755226568
13640,0.0015804741422426728
2513,0.0000850255076522957
5148,0.0006301890567170151
17536,0.008912673802140642
15005,0.01547964389316795
17334,0.000005001500450135041
6481,0.003330999299789937
8093,0.0005201560468140442
1912,0.0003401020306091828
9184,0.010773231969590878
4154,0.00014504351305391616
8879,0.0014054216264879464
10005,0.03003401020306092
812,0.00009002700810243072
5890,0.007702310693207963
17424,0.00014004201260378114
16428,0.00061518455536661
430,0.0006001800540162049
12514,0.00045013504051215364
2660,0.000010003000900270082
17562,0.00033009902970891267
2907,0.000040012003601080326
4660,0.0003451035310593178
13016,0.00184555366609983
11850,0.0003901170351105332
9012,0.00001500450135040512
6580,0.0028058417525257577
14907,0.005766730019005702
580,0.0000850255076522957
6290,0.00014004201260378114
10115,0.000025007502250675202
4013,0.00010003000900270081
11704,0.0006601980594178253
6997,0.0012603781134340301
7895,0.009512853856156847
9975,0.004761428428528559
7597,0.013519055716715014
13393,0.0025357607282184657
1945,0.0005551665499649895
11743,0.6155846754026207
1864,0.0004101230369110733
9425,0.0034010203060918275
10866,0.0010053015904771432
1613,0.021706511953586076
9355,0.00366109832949885
1169,0.0302740822246674
9864,0.004556366910073022
9700,0.0010003000900270082
8042,0.0008802640792237672
3647,0.0003401020306091828
7589,0.0012653796138841651
7788,0.00042512753826147844
10201,0.0005551665499649895
16282,0.00001500450135040512
8158,0.0019205761728518555
10339,0.0008202460738221466
14417,0.00015004501350405122
11095,0.00017505251575472642
4328,0.01183855156546964
2667,0.000025007502250675202
16476,0.08961688506551965
8681,0.0003200960288086426
3516,0.000040012003601080326
10103,0.0023306992097629287
12801,0.06503451035310594
14794,0.0018755626688006402
16289,0.00010003000900270081
12733,0.02771331399419826
7621,0.00032509752925877764
623,0.00025507652295688707
13352,0.00008002400720216065
4099,0.0495148544563369
13028,0.0007152145643693108
6292,0.002225667700310093
17098,0.0005951785535660699
11468,0.030664199259777935
7271,0.0016755026507952386
11797,0.0005751725517655296
8870,0.00025507652295688707
17437,0.001605481644493348
11197,0.000025007502250675202
14498,0.0008852655796739022
5561,0.000005001500450135041
15556,0.00033009902970891267
1702,0.0015154546363909172
11192,0.00042512753826147844
2116,0.010398119435830749
4769,0.00011503451035310594
9335,0.015569670901270382
11400,0.000020006001800540163
10505,0.0010853255976793039
7040,0.0005901770531159348
6435,0.0005001500450135041
454,0.00040012003601080324
0,0.002855856757027108
11183,0.025637691307392216
10258,0.00047514254276282883
9765,0.0006601980594178253
9431,0.005121536460938282
704,0.1302990897269181
4947,0.0000850255076522957
8447,0.00016504951485445633
14932,0.0005051515454636391
15043,0.0007152145643693108
1145,0.026678003401020306
5779,0.0005651695508652596
445,0.20079523857157147
13176,0.00045013504051215364
1080,0.0066269880964289285
15144,0.0027958387516254877
12343,0.005281584475342603
3979,0.040757227168150445
6782,0.019165749724917476
1545,0.0012603781134340301
3530,0.00040012003601080324
13616,0.034325297589276785
14043,0.001245373612083625
10197,0.00024507352205661696
11955,0.0006451935580674203
13467,0.11058317495248575
1671,0.0005351605481644493
13452,0.03665599679903971
9591,0.0540962288686606
15656,0.0050815244573372016
9841,0.0012053616084825448
17411,0.0003451035310593178
9092,0.030654196258877664
11823,0.035735720716214864
12777,0.025632689806942083
8001,0.0007902370711213364
10438,0.0009552865859757927
14934,0.0009252775832749825
6969,0.02696809042712814
12173,0.07534760428128438
16349,0.0004401320396118836
13439,0.005846754026207862
8556,0.0010053015904771432
15813,0.007492247674302291
8948,0.07172151645493648
12722,0.008292487746323898
5810,0.00001500450135040512
11524,0.0014204261278383515
10824,0.005371611483445033
2090,0.0001700510153045914
13667,0.032034610383114934
17496,0.00007002100630189057
12745,0.017475242572771832
14581,0.00014504351305391616
8458,0.0016755026507952386
12968,0.0005501650495148545
10227,0.4146844053215965
11339,0.011848554566369912
3360,0.0001350405121536461
5238,0.00015004501350405122
780,0.01964589376813044
10272,0.000010003000900270082
12979,0.00015004501350405122
8404,0.0006351905571671502
5947,0.009162748824647394
10514,0.0003200960288086426
7993,0.09329798939681905
16085,0.061288386515954786
16136,0.008877663298989697
38,0.0017755326597979394
5804,0.002135640692207662
297,0.0010103030909272782
14432,0.00035510653195958787
1093,0.023632089626888068
5041,0.00026507952385715713
8121,0.0011803541062318697
391,0.0002350705211563469
1944,0.0005801740522156647
11320,0.0005051515454636391
6449,0.004281284385315594
353,0.0004151245373612084
10839,0.000020006001800540163
662,0.0024207262178653596
16743,0.000040012003601080326
16936,0.0017555266579973993
10133,0.0019905971791537463
9929,0.007067120136040812
9276,0.0002700810243072922
10940,0.09680904271281385
5671,0.0002200660198059418
10619,0.0002950885265579674
4704,0.000010003000900270082
9904,0.0008152445733720116
10479,0.00031509452835850753
16873,0.00005501650495148545
8678,0.000025007502250675202
9411,0.00008002400720216065
17164,0.017675302590777233
3720,0.00033009902970891267
16171,0.00010503150945283585
10578,0.0009902970891267381
14032,0.0016755026507952386
8552,0.02235670701210363
9782,0.0004151245373612084
10796,0.0008802640792237672
6113,0.003621086325897769
16876,0.0001600480144043213
10379,0.006016805041512454
6979,0.0030709212763829147
9862,0.0012603781134340301
13998,0.1064369310793238
4019,0.00007502250675202561
5001,0.0032809842952885864
3770,0.0016705011503451036
2687,0.0003451035310593178
17065,0.001245373612083625
417,0.00018005401620486145
12080,0.03284485345603681
4789,0.0020306091827548265
10938,0.011313394018205462
13256,0.006656997099129739
7275,0.0008702610783234971
9279,0.002825847754326298
17169,0.004451335400620186
2452,0.00019005701710513153
2674,0.000005001500450135041
11456,0.006636991097329199
11773,0.0023306992097629287
4014,0.020821246373912174
16785,0.0004101230369110733
5022,0.0000850255076522957
11614,0.002855856757027108
1914,0.00011503451035310594
1391,0.0006401920576172852
7399,0.00009002700810243072
6623,0.00061518455536661
8336,0.0013303991197359207
11230,0.0005451635490647195
10721,0.026042812843853156
10884,0.026993097929378814
10410,0.0010653195958787636
16045,0.00048514554366309895
7602,0.0035010503150945285
8484,0.00024007202160648193
9547,0.0008102430729218765
16233,0.028058417525257576
4882,0.0007102130639191757
11315,0.02842852855856757
11668,0.0009202760828248475
3807,0.05964789436831049
14997,0.01691507452235671
12814,0.0003601080324097229
1346,0.0016905071521456437
13235,0.002465739721916575
10935,0.07841352405721716
5734,0.00006501950585175553
13595,0.012073622086625989
8229,0.007062118635590677
7167,0.000010003000900270082
1760,0.00007502250675202561
11517,0.002920876262878864
14859,0.0018755626688006402
6995,0.0008702610783234971
6796,0.1259177753325998
1265,0.0018705611683505052
1023,0.0009902970891267381
17374,0.000025007502250675202
7199,0.0005001500450135041
11859,0.0033810143042912874
10279,0.000020006001800540163
17560,0.0006501950585175553
16044,0.00428628588576573
16334,0.00001500450135040512
10370,0.0008402520756226868
6978,0.0013203961188356507
7943,0.015424627388216466
9601,0.004456336901070321
10677,0.0003401020306091828
6444,0.004201260378113434
15788,0.0008402520756226868
6618,0.005091527458237472
13361,0.006927078123437031
8621,0.012973892167650295
17330,0.000035010503150945284
15575,0.00033009902970891267
11378,0.00045513654096228866
16155,0.0009152745823747125
15269,0.00061518455536661
8508,0.0008802640792237672
2726,0.00009502850855256577
3104,0.0027208162448734623
1736,0.00006001800540162048
14844,0.008167450235070522
9415,0.0003200960288086426
16832,0.004091227368210463
625,0.0006802040612183656
17107,0.01691007302190657
10943,0.033650095028508555
7624,0.0031459437831349406
409,0.003966189856957087
6308,0.01642492747824347
12303,0.015694708412523756
7471,0.0007952385715714714
1359,0.0013203961188356507
2520,0.0006051815544663399
13366,0.00033009902970891267
3959,0.03685605681704511
4164,0.0001700510153045914
10004,0.03158947684305292
8989,0.0006852055616685006
5903,0.0009152745823747125
12602,0.06075822746824047
13094,0.0014404321296388916
8453,0.0018855656697009102
14200,0.0013904171251375413
1997,0.025127538261478444
4506,0.008902670801240372
7737,0.06234370311093328
12864,0.0023907172151645495
11820,0.04253275982794839
1371,0.00008002400720216065
15948,0.000005001500450135041
14666,0.0017755326597979394
17090,0.0017455236570971292
14971,0.022081624487346203
2714,0.00006001800540162048
14381,0.0014354306291887566
7396,0.0005401620486145844
14804,0.0037361208362508753
15935,0.0005101530459137741
331,0.0010303090927278183
11094,0.0009502850855256577
2162,0.022336701010303092
2305,0.00038011403421026307
12368,0.002090627188156447
5485,0.00028008402520756227
679,0.0031509452835850756
13743,0.0761778533560068
8016,0.0006301890567170151
596,0.000010003000900270082
16438,0.00003000900270081024
13981,0.0007852355706712014
16519,0.013303991197359208
9371,0.00030509152745823747
9607,0.009117735320596178
10541,0.0003401020306091828
1268,0.00001500450135040512
11494,0.03825647694308292
12072,0.06580974292287686
3272,0.0002850855256576973
14370,0.002235670701210363
10025,0.010933279983995198
11598,0.0013454036210863258
7293,0.0027758327498249476
7108,0.0009202760828248475
13994,0.0011603481044313293
475,0.0015054516354906472
7377,0.00018005401620486145
9324,0.0014004201260378114
14065,0.0598479543863159
7178,0.00009002700810243072
16188,0.1472741822546764
842,0.000040012003601080326
7535,0.0000850255076522957
8106,0.005141542462738822
13901,0.031569470841252376
13946,0.008142442732819846
1103,0.0030109032709812944
10320,0.000010003000900270082
13196,0.0009202760828248475
8040,0.00017505251575472642
4177,0.0001700510153045914
12297,0.0018755626688006402
5799,0.0013203961188356507
15335,0.0012203661098329499
10615,0.0008052415724717415
11746,0.0008252475742722817
5849,0.00001500450135040512
2773,0.00006501950585175553
4632,0.0004701410423126938
13697,0.08529058717615284
13495,0.0005551665499649895
13341,0.00251075322596779
16046,0.00010003000900270081
8426,0.007027108132439732
15221,0.00048514554366309895
7975,0.0035360608182454737
9859,0.001830549164749425
9086,0.00029008702610783233
8682,0.0020606181854556367
16923,0.0010553165949784935
9755,0.0007552265679703911
11421,0.0005501650495148545
5619,0.07295688706611983
16866,0.0009052715814744423
2262,0.030029008702610785
2015,0.00010503150945283585
3295,0.00007502250675202561
12964,0.0005901770531159348
8826,0.0007902370711213364
12909,0.007067120136040812
15133,0.03083925177553266
13434,0.0030009002700810243
10882,0.02728818645593678
6443,0.0019355806742022608
636,0.0000850255076522957
16468,0.00124037211163349
9835,0.03542062618785636
13216,0.00033009902970891267
14366,0.0037511253376012804
5972,0.0002700810243072922
1052,0.00004501350405121536
206,0.0001850555166549965
1791,0.000010003000900270082
9221,0.009777933380014004
9778,0.0004201260378113434
5449,0.0003451035310593178
6558,0.000005001500450135041
1544,0.002095628688606582
8782,0.0016504951485445635
10469,0.00007002100630189057
17027,0.00433630089026708
5260,0.0011903571071321397
12615,0.000370111033309993
15777,0.0013003901170351106
13891,0.0017005101530459137
8754,0.000040012003601080326
4960,0.0001700510153045914
11737,0.01996598979693908
17192,0.000620186055816745
15187,0.00048514554366309895
8104,0.0028108432529758928
6111,0.0005451635490647195
10456,0.001255376612983895
14750,0.0005101530459137741
9359,0.01733520056016805
622,0.00025507652295688707
8160,0.0007202160648194458
5951,0.03278483545063519
2802,0.0001100330099029709
8976,0.000040012003601080326
6605,0.009572871861558467
10353,0.00026507952385715713
212,0.0004151245373612084
1013,0.20217565269580876
944,0.00030509152745823747
13810,0.0006051815544663399
2163,0.0028108432529758928
4708,0.0007552265679703911
7974,0.036330899269780934
11242,0.0014454336300890266
187,0.0024057217165149546
9134,0.000620186055816745
1439,0.000005001500450135041
13167,0.0012703811143343004
6467,0.0006101830549164749
13926,0.000025007502250675202
10670,0.0015754726417925378
1471,0.058212463739121735
11308,0.0005901770531159348
15384,0.005211563469040712
9245,0.12845853756126838
5713,0.0001700510153045914
945,0.0017055116534960488
1777,0.00022506752025607682
17513,0.00033009902970891267
12799,0.11379413824147244
12958,0.000040012003601080326
16747,0.000025007502250675202
2769,0.00012503751125337602
6759,0.000370111033309993
1941,0.00015004501350405122
1844,0.000010003000900270082
8128,0.00043513053916174855
6617,0.0003100930279083725
12883,0.0009502850855256577
1611,0.00009502850855256577
10898,0.0003451035310593178
4291,0.0010803240972291689
705,0.00554666399919976
9858,0.058132439731919575
9694,0.0035160548164449336
1416,0.004541362408722617
16293,0.000005001500450135041
2268,0.0019355806742022608
8919,0.00027508252475742724
6819,0.0037411223367010103
11015,0.03312493748124437
8516,0.0027758327498249476
13086,0.0038161448434530358
15334,0.02283184955486646
5679,0.0000850255076522957
16884,0.0010653195958787636
4644,0.0001600480144043213
460,0.00027508252475742724
5586,0.0021656496949084727
834,0.00038011403421026307
10391,0.0007602280684205261
16326,0.00005501650495148545
15775,0.00021506451935580673
4788,0.007527258177453236
14878,0.0003901170351105332
11182,0.07932379713914174
1562,0.0014354306291887566
3093,0.000025007502250675202
578,0.00030009002700810244
14580,0.009482844853456037
6478,0.001490447134140242
16042,0.00004501350405121536
17291,0.0013203961188356507
17158,0.007122136640992298
4935,0.00042512753826147844
9265,0.003240972291687506
4808,0.00006001800540162048
13199,0.0566369910973292
7221,0.006792037611283385
17194,0.0002600780234070221
8279,0.0015804741422426728
1095,0.026668000400120035
6346,0.0019405821746523958
9243,0.02345703711113334
11234,0.0005351605481644493
9485,0.00001500450135040512
6206,0.0010653195958787636
1037,0.0005851755526657997
952,0.000010003000900270082
16454,0.058997699309792935
8877,0.0006551965589676903
12780,0.0009052715814744423
6578,0.00016504951485445633
12932,0.00249074722416725
2812,0.000025007502250675202
16501,0.00062518755626688
6898,0.008527558267480244
13990,0.0043413023907172155
16164,0.032414724417325194
8098,0.0023106932079623886
414,0.0023006902070621185
4623,0.001610483144943483
5415,0.0038611583475042515
5915,0.000035010503150945284
3639,0.004081224367310193
10773,0.004426327898369511
5213,0.0004151245373612084
14551,0.08033410023006902
2787,0.000005001500450135041
602,0.0030109032709812944
7398,0.00007502250675202561
12086,0.031819545863759124
17193,0.00004501350405121536
11113,0.007792337701310393
3308,0.0016504951485445635
8215,0.004716414924477343
14466,0.044398319495848756
4990,0.002865859757927378
7039,0.0011253376012803841
12661,0.0011403421026307892
9318,0.00491147344203261
13045,0.0008502550765229569
561,0.01235370611183355
17281,0.00033009902970891267
16441,0.08929678903671101
14130,0.027143142942882864
7202,0.00030009002700810244
8517,0.0037361208362508753
13283,0.00020506151845553665
12792,0.002220666199859958
5500,0.0008552565769730919
75,0.040037011103331
15625,0.0016504951485445635
1586,0.0046814044213263975
10090,0.0011603481044313293
9497,0.00003000900270081024
4989,0.002610783234970491
10933,0.08148444533360008
1959,0.0009402820846253876
11404,0.000365109532859858
12398,0.0972741822546764
11777,0.0009502850855256577
479,0.0001700510153045914
6130,0.006857057117135141
12405,0.0012953886165849755
10204,0.0008602580774232269
10743,0.0006001800540162049
14104,0.0018105431629488846
7187,0.001245373612083625
4986,0.0000850255076522957
14994,0.017095128538561568
13081,0.00037511253376012804
6334,0.00023006902070621187
1740,0.006782034610383115
6853,0.11440932279683905
15816,0.0003901170351105332
6679,0.0015304591377413223
8184,0.00014004201260378114
2805,0.0003601080324097229
10614,0.0005151545463639092
13011,0.0017405221566469942
12437,0.01794038211463439
6564,0.0031809542862858858
11302,0.0008002400720216065
5802,0.0009902970891267381
15297,0.055156546964089226
5245,0.00012003601080324097
10770,0.02768330499149745
3702,0.00033009902970891267
5,0.004486345903771131
6953,0.0023407022106631988
12054,0.022106631989596878
4582,0.0001950585175552666
11310,0.025257577273181956
9484,0.019890967290187057
10926,0.004251275382614784
3636,0.0034860458137441234
7276,0.000985295588676603
13059,0.004076222866860058
2896,0.0031559467840352106
886,0.0004901470441132339
4855,0.0008752625787736321
3977,0.043057917375212564
10814,0.0002350705211563469
4380,0.016209862958887666
4544,0.0001600480144043213
10047,0.0008952685805741722
11152,0.011693508052415725
13977,0.030714214264279283
6362,0.0003851155346603981
128,0.0027258177453235973
15233,0.10433630089026708
11587,0.14791937581274384
2418,0.00007002100630189057
6529,0.0012703811143343004
3895,0.000370111033309993
16395,0.00006501950585175553
4835,0.00006501950585175553
16226,0.02211663499049715
16677,0.0006401920576172852
16206,0.003245973792137641
4498,0.0003601080324097229
10970,0.09847454236270882
5046,0.0005201560468140442
9513,0.0008552565769730919
6035,0.0006601980594178253
11579,0.0010853255976793039
10975,0.046674002200660196
8602,0.02566770031009303
15226,0.0004951485445633691
12631,0.0009452835850755226
9170,0.0003100930279083725
11584,0.016634990497149144
11287,0.032164649394818445
756,0.058667600280084026
2595,0.00003000900270081024
10665,0.0023306992097629287
4437,0.00032509752925877764
10342,0.0006001800540162049
4757,0.00015004501350405122
1247,0.0001700510153045914
4932,0.00018005401620486145
10155,0.039866960088026406
12851,0.0018105431629488846
13342,0.0001850555166549965
14785,0.008252475742722818
2829,0.00008002400720216065
17515,0.000035010503150945284
2002,0.000005001500450135041
8700,0.0003601080324097229
1782,0.0004651395418625588
11126,0.021706511953586076
13156,0.0002850855256576973
9296,0.07835350605181554
804,0.00006501950585175553
9374,0.021696508952685805
2370,0.0006601980594178253
551,0.003310993297989397
1115,0.000025007502250675202
16306,0.000040012003601080326
16798,0.00010503150945283585
432,0.0005501650495148545
3899,0.0009052715814744423
4129,0.00012003601080324097
5851,0.000010003000900270082
15857,0.002880864259277783
784,0.01997599279783935
3087,0.00035010503150945284
16886,0.006051815544663399
4346,0.013208962688806641
10474,0.000365109532859858
10168,0.0016354906471941582
7620,0.0005301590477143143
16177,0.0024257277183154947
10478,0.001595478643593078
9268,0.01785035510653196
11814,0.0015704711413424028
10587,0.00061518455536661
11399,0.009372811843553066
7134,0.0001700510153045914
6986,0.0009902970891267381
12522,0.0012153646093828149
13299,0.154296288886666
8748,0.0016905071521456437
15106,0.000010003000900270082
16537,0.00493147944383315
267,0.0018705611683505052
7900,0.023026908072421727
10012,0.00027508252475742724
9897,0.03383014904471342
9866,0.0010053015904771432
3771,0.000020006001800540163
9942,0.00029008702610783233
1086,0.007152145643693108
686,0.0038811643493047916
5499,0.006441932579773932
907,0.006661998599579874
13489,0.013809142742822847
11331,0.005821746523957188
16469,0.0003401020306091828
16458,0.0019105731719515854
9917,0.001455436630989297
15218,0.0007802340702210664
7414,0.0002700810243072922
8148,0.00022506752025607682
8129,0.003285985795738722
6,0.00033009902970891267
17037,0.00012003601080324097
16824,0.00047514254276282883
11141,0.017945383615084524
13726,0.1173852155646694
4298,0.01358407522256677
10359,0.00033009902970891267
11424,0.010268080424127237
6933,0.00061518455536661
11789,0.00019005701710513153
2141,0.00024507352205661696
6966,0.05100530159047714
11455,0.0009902970891267381
16006,0.001100330099029709
6312,0.004436330899269781
1701,0.013183955186555968
14523,0.0017955386615984795
1398,0.007477243172951885
10351,0.0013303991197359207
14694,0.00012503751125337602
11245,0.0027758327498249476
1682,0.07292687806341902
13587,0.02438231469440832
8343,0.00016504951485445633
12493,0.00007002100630189057
17473,0.00033009902970891267
1690,0.04128738621586476
8337,0.0005651695508652596
7782,0.00035510653195958787
14402,0.0005751725517655296
3590,0.00018005401620486145
1337,0.0030059017705311593
14720,0.0004151245373612084
8038,0.009732919875962788
8551,0.0010653195958787636
8986,0.0005651695508652596
229,0.0005901770531159348
13652,0.0010503150945283585
10263,0.00030509152745823747
5922,0.00004501350405121536
16253,0.00033009902970891267
6058,0.002580774232269681
7960,0.002875862758827648
11329,0.002970891267380214
14977,0.00038011403421026307
9409,0.00004501350405121536
7868,0.0004701410423126938
3111,0.000035010503150945284
6692,0.05093027908372512
9175,0.001105331599479844
2826,0.0033710113033910173
4888,0.010393117935380614
5166,0.000010003000900270082
7523,0.000050015004501350405
10352,0.014574372311693508
2624,0.000035010503150945284
13925,0.0021656496949084727
9454,0.12702810843252976
13441,0.011253376012803842
9293,0.00025007502250675204
8133,0.010383114934480344
6942,0.007017105131539462
15092,0.03167450235070521
15836,0.0076222866860058015
10060,0.0017005101530459137
4654,0.000010003000900270082
9013,0.000020006001800540163
10444,0.0038711613484045215
1882,0.0050515154546363905
11724,0.00035010503150945284
8751,0.011323397019105732
11835,0.0006351905571671502
11779,0.0011653496048814643
8123,0.0001700510153045914
992,0.00008002400720216065
14970,0.0008052415724717415
4089,0.01600480144043213
1539,0.002085625687706312
8249,0.006236871061318395
8982,0.004181254376312894
1016,0.00998299489846954
6889,0.0009202760828248475
13908,0.006141842552765829
17370,0.00032509752925877764
10473,0.0003601080324097229
10888,0.0005801740522156647
4431,0.00007002100630189057
6822,0.000005001500450135041
301,0.0001100330099029709
13838,0.0019105731719515854
16286,0.000010003000900270082
10704,0.0008252475742722817
5886,0.00019005701710513153
15366,0.0010353105931779534
2839,0.000025007502250675202
17028,0.07787336200860258
2731,0.00009502850855256577
11542,0.01694008202460738
9241,0.006992097629288787
10488,0.00032509752925877764
4827,0.0008352505751725518
4805,0.000005001500450135041
16565,0.0015154546363909172
7948,0.0038061418425527657
1651,0.0000850255076522957
12901,0.0011653496048814643
9648,0.03547564269280784
6851,0.6775332599779934
13555,0.0026457937381214364
16893,0.00247074122236671
1102,0.0027108132439731918
9456,0.005221566469940982
5299,0.00006001800540162048
1213,0.00040512153646093827
12056,0.000005001500450135041
7978,0.011453436030809243
1708,0.0013003901170351106
10211,0.0012703811143343004
1048,0.0005801740522156647
17132,0.002215664699409823
13508,0.00030009002700810244
13437,0.003195958787636291
5967,0.0006501950585175553
6752,0.03960188056416925
9038,0.0003901170351105332
10699,0.003926177853356007
8649,0.00010003000900270081
15800,0.0019205761728518555
2291,0.0026457937381214364
8944,0.000010003000900270082
16588,0.000025007502250675202
17556,0.11881564469340802
1591,0.0004651395418625588
7554,0.0005251575472641792
740,0.015444633390017006
10590,0.000025007502250675202
14725,0.0006001800540162049
5531,0.0001700510153045914
14095,0.01663999199759928
10218,0.0009802940882264678
9064,0.0015904771431429429
16353,0.0008252475742722817
16667,0.000050015004501350405
730,0.00048014404321296386
9580,0.0004151245373612084
9823,0.003706111833550065
5405,0.011313394018205462
2680,0.00003000900270081024
5076,0.0001700510153045914
1176,0.012618785635690707
2729,0.0001100330099029709
15390,0.03450535160548165
7172,0.0015754726417925378
8702,0.008667600280084025
11758,0.00026507952385715713
7279,0.0011703511053315994
8454,0.00043012903871161347
7625,0.0008502550765229569
225,0.0011903571071321397
12736,0.002175652695808743
5360,0.000010003000900270082
1430,0.0005301590477143143
8219,0.004936480944283285
7966,0.0008902670801240372
15942,0.000020006001800540163
14676,0.0007002100630189057
6666,0.0005451635490647195
30,0.03754626387916375
6303,0.004646393918175453
5945,0.025282584775432628
15428,0.0004201260378113434
7751,0.0036260878263479042
11808,0.38978193458037413
1030,0.0004201260378113434
5493,0.00010503150945283585
10584,0.0003401020306091828
5445,0.0014404321296388916
12210,0.000035010503150945284
8821,0.0023557067120136043
1074,0.0005701710513153946
5058,0.000010003000900270082
14919,0.0022856857057117134
8436,0.018875662698809643
12185,0.0006702010603180954
5899,0.0000850255076522957
2009,0.000020006001800540163
3185,0.000025007502250675202
12751,0.0007602280684205261
7180,0.0001100330099029709
13380,0.11206361908572572
102,0.00020006001800540162
5349,0.00006501950585175553
6455,0.00011503451035310594
7452,0.015894768430529158
7204,0.034650395118535564
8625,0.007832349704911474
10086,0.002230669200760228
12078,0.014474342302690808
10716,0.02481744523357007
11148,0.0004951485445633691
10276,0.00015004501350405122
3942,0.011823547064119236
10633,0.00006001800540162048
11973,0.00016504951485445633
15884,0.0005201560468140442
13814,0.0001350405121536461
16034,0.000010003000900270082
10400,0.00033009902970891267
17154,0.0010853255976793039
16921,0.00004501350405121536
4148,0.0007502250675202561
13229,0.0006301890567170151
15831,0.00024007202160648193
4483,0.00004501350405121536
13414,0.0006101830549164749
7951,0.0026607982394718415
796,0.00030509152745823747
7026,0.003210963288986696
3759,0.0006451935580674203
9419,0.0012203661098329499
11275,0.004866459937981394
1150,0.00014004201260378114
14117,0.00014504351305391616
16016,0.004201260378113434
10830,0.0008202460738221466
3351,0.00010003000900270081
13093,0.0003451035310593178
10119,0.0020506151845553666
3756,0.0013003901170351106
16412,0.0010703210963288986
6650,0.36314894468340503
17080,0.000040012003601080326
17568,0.0011853556066820047
504,0.02127638291487446
6875,0.0044063218965689705
7328,0.01844553366009803
16833,0.0003100930279083725
10261,0.0003951185355606682
13985,0.05804741422426728
5888,0.00042512753826147844
17110,0.016499949984995498
11384,0.2318595578673602
2541,0.00014004201260378114
3924,0.0009252775832749825
15212,0.0006852055616685006
5402,0.000005001500450135041
15383,0.0004701410423126938
4874,0.001470441132339702
10693,0.00033009902970891267
14947,0.04074722416725018
6374,0.00367110133039912
13983,0.0003901170351105332
8657,0.00045013504051215364
1790,0.0006802040612183656
6763,0.001470441132339702
1838,0.00030009002700810244
9578,0.00015504651395418625
17091,0.00021506451935580673
7439,0.00048014404321296386
16549,0.0009202760828248475
2117,0.029323797139141742
11056,0.027228168450535162
12133,0.08825647694308293
11895,0.001485445633690107
4450,0.004946483945183555
1520,0.02893368010403121
6748,0.0005801740522156647
6866,0.07386215864759428
672,0.013789136741022306
10730,0.003245973792137641
7699,0.0012603781134340301
10574,0.0005401620486145844
15764,0.0041412423727118135
3283,0.00010003000900270081
13780,0.0379813944183255
6237,0.00007502250675202561
3371,0.00007502250675202561
6732,0.00011503451035310594
15435,0.000020006001800540163
15752,0.0005001500450135041
10937,0.044458337501250375
4992,0.0020706211863559068
2020,0.00042512753826147844
14680,0.002955886766029809
12263,0.0006601980594178253
2581,0.00554666399919976
11838,0.000745223567070121
8074,0.002980894268280484
340,0.0000850255076522957
13121,0.0007552265679703911
14829,0.00033009902970891267
13233,0.0026257877363208963
16725,0.000040012003601080326
10577,0.00006501950585175553
879,0.07781834550365109
9126,0.0024357307192157647
9618,0.0006852055616685006
1656,0.0001100330099029709
10840,0.0006702010603180954
14982,0.0006651995598679604
1049,0.0003851155346603981
1433,0.00013003901170351105
227,0.0025407622286686008
6574,0.0030259077723316995
6165,0.022686806041812543
10895,0.0018055416624987496
6814,0.0011353406021806542
6044,0.0020056016805041514
10084,0.001625487646293888
10738,0.0005451635490647195
11588,0.15628188456536962
6746,0.0007802340702210664
11043,0.11667000100030009
663,0.014289286786035811
9861,0.002570771231369411
695,0.01566970091027308
2535,0.00012503751125337602
13370,0.000365109532859858
1657,0.000025007502250675202
9815,0.0021606481944583377
17176,0.006091827548264479
6682,0.0018105431629488846
1432,0.0023106932079623886
12076,0.06607982394718416
1345,0.00021506451935580673
13817,0.02037111133340002
14526,0.0010803240972291689
848,0.003230969290787236
1426,0.0003200960288086426
1399,0.0034410323096929077
3361,0.000025007502250675202
10389,0.0022756827048114434
11252,0.00308592577773332
17024,0.00022506752025607682
12060,0.030854256276883065
11123,0.0219665899769931
14911,0.015434630389116735
12167,0.0009802940882264678
4302,0.0007052115634690407
442,0.19071221366409924
16213,0.00031509452835850753
537,0.0005451635490647195
11703,0.0006601980594178253
14480,0.0000850255076522957
10224,0.38218965689706913
1226,0.0001350405121536461
10221,0.0001350405121536461
15896,0.000620186055816745
14765,0.0009152745823747125
15860,0.002605781734520356
6387,0.0010203060918275483
11648,0.01814044213263979
7517,0.00012503751125337602
5483,0.00013003901170351105
16777,0.00022506752025607682
2610,0.00004501350405121536
13961,0.000040012003601080326
8590,0.00022506752025607682
9372,0.012238671601480445
15276,0.0019205761728518555
6309,0.001490447134140242
6375,0.00023006902070621187
5795,0.8283435030509153
10114,0.0004651395418625588
5417,0.003576072821846554
15322,0.001975592677803341
710,0.010663198959687906
12653,0.024277283184955485
10326,0.00026507952385715713
13559,0.0009352805841752526
1035,0.00006001800540162048
7997,0.03679103731119336
12770,0.0016654996498949685
11135,0.011283385015504651
11448,0.00030509152745823747
3161,0.00005501650495148545
9712,0.000005001500450135041
13286,0.002960888266479944
510,0.1681404421326398
9493,0.012358707612283686
449,0.0009002700810243073
16875,0.0011853556066820047
7994,0.0018855656697009102
11449,0.004481344403320996
5143,0.000005001500450135041
1877,0.00016504951485445633
1329,0.0019905971791537463
11565,0.17832849854956487
16506,0.0009402820846253876
441,0.00010003000900270081
7539,0.0010703210963288986
1576,0.00015004501350405122
14147,0.007757327198159448
4996,0.0001700510153045914
6456,0.0002850855256576973
9201,0.04410323096929079
13132,0.0008352505751725518
4165,0.00020506151845553665
9646,0.0038461538461538464
5794,0.4251275382614784
10162,0.00048514554366309895
9095,0.006091827548264479
11676,0.16724017205161548
6012,0.00016504951485445633
10076,0.03509552865859758
49,0.0008702610783234971
5066,0.00024007202160648193
7844,0.000005001500450135041
6135,0.004466339901970591
3948,0.000005001500450135041
9877,0.0001700510153045914
8998,0.007582274682404721
2716,0.0006752025607682304
11567,0.3219065719715915
554,0.012878863659097729
15320,0.0013754126237871362
16609,0.0006702010603180954
12170,0.0025207562268680602
11159,0.009697909372811843
8464,0.0017705311593478044
8684,0.0001600480144043213
5607,0.0001850555166549965
12325,0.0008802640792237672
15088,0.0006651995598679604
7670,0.0017655296588976693
7772,0.00033009902970891267
15041,0.001460438131439432
10440,0.001100330099029709
1437,0.0006601980594178253
13223,0.01958587576272882
12462,0.0012203661098329499
13782,0.00807742322696809
8451,0.006026808042412724
9524,0.0007802340702210664
14944,0.000365109532859858
7435,0.0009502850855256577
5009,0.0001700510153045914
1514,0.0008402520756226868
10143,0.024137241172351706
17085,0.0003351005301590477
6102,0.0012753826147844354
552,0.000025007502250675202
6981,0.0016504951485445635
7184,0.0008052415724717415
6005,0.0009902970891267381
12577,0.0034010203060918275
8952,0.02013103931179354
12948,0.005636691007302191
8666,0.005636691007302191
6589,0.0007552265679703911
6295,0.0035060518155446635
120,0.003325997799339802
11478,0.0009202760828248475
11487,0.0008952685805741722
12641,0.044408322496749024
5932,0.00006001800540162048
16656,0.00045513654096228866
16039,0.0019655896769030707
5447,0.0017705311593478044
11774,0.0005701710513153946
1300,0.0006351905571671502
12371,0.00012003601080324097
13993,0.0000850255076522957
5705,0.0008902670801240372
8473,0.021526457937381213
248,0.00022506752025607682
1463,0.0001600480144043213
17031,0.20700210063018906
14019,0.09411323397019106
6697,0.006596979093728118
2509,0.00006001800540162048
11909,0.04938981694508353
1898,0.00007502250675202561
5436,0.0009002700810243073
16847,0.0010153045913774133
3421,0.000040012003601080326
11620,0.00033009902970891267
1467,0.00026507952385715713
2788,0.004751425427628289
11041,0.13124937481244373
13583,0.00004501350405121536
16443,0.014679403821146344
7708,0.009297789336801041
2655,0.0001350405121536461
7499,0.00035010503150945284
5611,0.07622286686005801
2795,0.000025007502250675202
5032,0.001730519155746724
16487,0.003941182354706412
5960,0.00033009902970891267
13165,0.0020106031809542864
11875,0.00009002700810243072
10038,0.010553165949784936
5877,0.000005001500450135041
3688,0.016990097029108732
1848,0.000010003000900270082
14935,0.008422526758027408
586,0.00016504951485445633
15385,0.001455436630989297
9010,0.0018755626688006402
5016,0.0002850855256576973
3894,0.0010603180954286285
16930,0.000040012003601080326
1818,0.0001350405121536461
15282,0.05816745023507052
8801,0.00012503751125337602
4534,0.0003351005301590477
16864,0.00038011403421026307
9827,0.0015054516354906472
10685,0.00019005701710513153
1065,0.002105631689506852
12802,0.006717015104531359
15300,0.00017505251575472642
230,0.0001350405121536461
7935,0.03179953986195859
12911,0.0006051815544663399
6055,0.0005801740522156647
6944,0.012268680604181254
13579,0.0010703210963288986
11983,0.03756126838051416
6377,0.00124037211163349
15251,0.06071821546463939
10610,0.0034110233069920975
7735,0.03129438831649495
5847,0.00007502250675202561
15847,0.0007002100630189057
9666,0.003611083324997499
9816,0.00035010503150945284
15918,0.0027858357507252176
1020,0.0006601980594178253
14783,0.05771231369410823
4398,0.00042512753826147844
14010,0.09879463839151746
1571,0.008447534260278083
9267,0.0016905071521456437
1527,0.051730519155746724
5516,0.0006001800540162049
12539,0.0006351905571671502
1572,0.0001850555166549965
287,0.0005251575472641792
4607,0.000010003000900270082
7301,0.03342002600780234
12595,0.0026257877363208963
11353,0.0329298789636891
16851,0.000040012003601080326
13804,0.0003351005301590477
17511,0.000005001500450135041
15849,0.06730519155746724
8177,0.019375812743823148
9313,0.0013804141242372712
1232,0.0022956887066119835
7684,0.0004951485445633691
5905,0.0009702910873261979
11511,0.005231569470841252
12613,0.07131639491847554
15346,0.025727718315494648
2596,0.00019005701710513153
13530,0.00035510653195958787
4474,0.0008802640792237672
11745,0.03275482644793438
13604,0.0010353105931779534
283,0.0008552565769730919
7480,0.00006001800540162048
11551,0.000370111033309993
16892,0.000005001500450135041
6270,0.026037811343403022
6321,0.001105331599479844
1171,0.00020506151845553665
836,0.0001700510153045914
8612,0.00025007502250675204
1289,0.0003351005301590477
8137,0.0005051515454636391
3338,0.000050015004501350405
17285,0.0005301590477143143
17021,0.0007852355706712014
8594,0.000020006001800540163
11796,0.00028008402520756227
1477,0.061963589076723016
2511,0.0001600480144043213
9445,0.0012203661098329499
11964,0.0013203961188356507
5646,0.000025007502250675202
13333,0.006631989596879064
1958,0.0003200960288086426
15306,0.002935880764229269
11876,0.0009602880864259277
16925,0.00008002400720216065
13311,0.014294288286485947
2369,0.0026407922376713014
12377,0.03382514754426328
3820,0.10062018605581674
14985,0.00037511253376012804
10499,0.002180654196258878
10229,0.15862758827648293
14941,0.0009952985895768731
16191,0.0009402820846253876
5585,0.00033009902970891267
10376,0.0023256977093127937
6817,0.0009152745823747125
15387,0.0014004201260378114
11133,0.10296588976693008
10745,0.00048014404321296386
4252,0.0024057217165149546
9829,0.18790637191157347
1865,0.000025007502250675202
9611,0.000730219065719716
3574,0.0005151545463639092
15876,0.00006501950585175553
9451,0.004221266379913974
10604,0.08965689706912074
16585,0.000005001500450135041
14747,0.0013954186255876763
11473,0.0010303090927278183
65,0.00021506451935580673
13941,0.006561968590577173
8280,0.011303391017305191
4295,0.003556066820046014
7648,0.00024507352205661696
316,0.0068920676202860855
2547,0.000020006001800540163
10971,0.0068270481144343306
4875,0.0010203060918275483
13505,0.00026507952385715713
12516,0.029068720616184856
6645,0.03035410623186956
16994,0.1680304091227368
10092,0.0007602280684205261
7453,0.001225367610283085
15167,0.000010003000900270082
5439,0.0009402820846253876
6121,0.0018255476642992897
10812,0.0007802340702210664
6491,0.0005101530459137741
6191,0.00024007202160648193
8538,0.0015854756426928079
9133,0.008327498249474843
12511,0.00123036911073322
6477,0.0010803240972291689
11871,0.00033009902970891267
7889,0.006937081124337301
8627,0.0005651695508652596
1556,0.0003451035310593178
6662,0.0014154246273882164
2102,0.00005501650495148545
9492,0.016199859957987395
13917,0.00047514254276282883
10126,0.0005251575472641792
5313,0.00018005401620486145
3515,0.0002100630189056717
17260,0.0019305791737521257
10680,0.0005301590477143143
13716,0.00008002400720216065
2048,0.0003601080324097229
522,0.000040012003601080326
8139,0.0004901470441132339
9740,0.016414924477343204
5676,0.00023006902070621187
9416,0.007122136640992298
5212,0.0005001500450135041
2872,0.0001350405121536461
17016,0.004001200360108033
6643,0.0010353105931779534
9855,0.0006902070621186356
6847,0.000005001500450135041
12335,0.0013153946183855156
1311,0.010378113434030209
10490,0.010093027908372512
6000,0.001115334600380114
8570,0.0004451335400620186
11961,0.0002100630189056717
4795,0.00005501650495148545
14872,0.05763228968690607
1805,0.0005651695508652596
13940,0.00010003000900270081
12549,0.0046714014204261274
7640,0.006887066119835951
11227,0.0005701710513153946
8140,0.003591077323196959
6263,0.001105331599479844
3221,0.00015504651395418625
3447,0.000020006001800540163
10128,0.015024507352205662
1869,0.013739121736520957
12997,0.00014504351305391616
5119,0.0003100930279083725
16819,0.0023957187156146845
7207,0.006336901070321096
1460,0.0013404021206361908
2734,0.00007002100630189057
6906,0.002970891267380214
6695,0.004216264879463839
17049,0.20474642392717815
6197,0.004361308392517756
7146,0.0035110533159947986
4142,0.0000850255076522957
7654,0.0283184955486646
4244,0.0202110633189957
16515,0.00042512753826147844
5896,0.00024007202160648193
8313,0.00022506752025607682
16694,0.0001950585175552666
1920,0.00007502250675202561
5548,0.00001500450135040512
5438,0.000010003000900270082
1348,0.00024507352205661696
1946,0.006496949084725418
3297,0.00009002700810243072
5968,0.0010403120936280884
14362,0.00045013504051215364
7459,0.006031809542862859
15913,0.0047864359307792335
15477,0.00003000900270081024
10424,0.025132539761928578
2862,0.00006501950585175553
11164,0.027953386015804743
17379,0.00001500450135040512
3907,0.008342502750825247
1715,0.04163248974692408
12830,0.00043513053916174855
12769,0.0022906872061618485
7647,0.000050015004501350405
4951,0.0003401020306091828
8294,0.00018005401620486145
11811,0.0000850255076522957
16281,0.0007852355706712014
3772,0.0013654096228868662
2813,0.00010003000900270081
9307,0.0013103931179353806
10144,0.6195708712613784
13962,0.0024357307192157647
10094,0.0031659497849354807
10962,0.05003000900270081
10296,0.0008452535760728218
15676,0.05687706311893568
6379,0.0033760128038411523
751,0.0003951185355606682
9678,0.03284485345603681
6054,0.001625487646293888
15461,0.006416925077523257
10281,0.00010003000900270081
4978,0.0007002100630189057
3547,0.00008002400720216065
12245,0.0001850555166549965
16616,0.0006501950585175553
16831,0.20477143142942883
11153,0.012588776632989898
6698,0.013394018205461638
7243,0.20988796638991697
88,0.00062518755626688
7286,0.006301890567170151
15889,0.0005651695508652596
10695,0.0173852155646694
4740,0.009457837351205362
9555,0.005211563469040712
8711,0.000010003000900270082
15037,0.0007752325697709313
13189,0.00042512753826147844
8522,0.007922376713013905
2349,0.0017055116534960488
13967,0.0002100630189056717
8802,0.000050015004501350405
4091,0.03604581374412324
13435,0.226407922376713
16,0.0001600480144043213
8650,0.006031809542862859
15453,0.006576973091927578
8109,0.0007052115634690407
17223,0.054616384915474644
13301,0.006346904071221366
10387,0.0015554666399919977
10307,0.0007002100630189057
17025,0.004716414924477343
17163,0.04791437431229369
6045,0.12886365909772932
15214,0.00033009902970891267
7956,0.002085625687706312
6406,0.000035010503150945284
9046,0.000005001500450135041
1136,0.00042512753826147844
2317,0.0009902970891267381
2345,0.00032509752925877764
13077,0.0007602280684205261
9643,0.001625487646293888
9991,0.03610583174952486
8459,0.08330999299789937
11312,0.00007002100630189057
13034,0.0005901770531159348
16823,0.0022756827048114434
1113,0.001475442632789837
12464,0.0009352805841752526
6466,0.00024007202160648193
16416,0.000005001500450135041
9391,0.005236570971291387
16663,0.03236470941282385
17143,0.0011603481044313293
7476,0.014439331799539861
11029,0.0006852055616685006
6559,0.012518755626688007
11428,0.0017855356606982095
4005,0.005456636991097329
7464,0.00428628588576573
7428,0.00025507652295688707
14153,0.02633289986996099
11084,0.000365109532859858
1187,0.00042512753826147844
12918,0.000735220566169851
6699,0.004156246874062219
13396,0.0018005401620486145
12348,0.044708412523757124
2495,0.000020006001800540163
5584,0.0010553165949784935
11479,0.0007502250675202561
2273,0.00021506451935580673
7209,0.03498049414824447
3440,0.0000850255076522957
6039,0.0009702910873261979
10403,0.00062518755626688
11506,0.002560768230469141
1734,0.000005001500450135041
312,0.000035010503150945284
6023,0.0006601980594178253
439,0.0002200660198059418
4349,0.00042512753826147844
5572,0.008382514754426328
652,0.00042512753826147844
1344,0.004296288886666
10006,0.0015754726417925378
5149,0.0004651395418625588
5074,0.0003451035310593178
6205,0.00425627688306492
6958,0.0018805641692507752
6279,0.013384015204561369
9252,0.0019905971791537463
1879,0.0019005701710513153
9654,0.0033860158047414224
13919,0.009612883865159547
1315,0.0020206061818545565
12112,0.0001350405121536461
1764,0.0001600480144043213
4695,0.000010003000900270082
9053,0.00014504351305391616
16196,0.002615784735420626
9753,0.00004501350405121536
8222,0.00012003601080324097
2181,0.000050015004501350405
6472,0.0006551965589676903
12404,0.0002700810243072922
17380,0.000010003000900270082
16154,0.0003351005301590477
14583,0.0005451635490647195
8002,0.0007602280684205261
11514,0.018845653696108834
10655,0.000050015004501350405
1537,0.004566369910973292
2111,0.035595678703611085
7474,0.014144243272981895
8641,0.10424627388216465
10991,0.02864859457837351
15804,0.0011303391017305191
7364,0.002615784735420626
7711,0.034465339601880564
16482,0.000020006001800540163
9559,0.194703411023307
896,0.014584375312593777
10031,0.0000850255076522957
8017,0.00246073822146644
12003,0.000050015004501350405
15946,0.008817645293588076
9406,0.015164549364809442
6276,0.028793638091427428
12907,0.10608682604781434
5716,0.0001700510153045914
311,0.00007002100630189057
5672,0.0001100330099029709
12548,0.001470441132339702
7717,0.0009652895868760629
10117,0.003290987296188857
3269,0.000050015004501350405
13039,0.00028008402520756227
1596,0.10200060018005401
14087,0.0017505251575472643
6671,0.00009502850855256577
4454,0.0001700510153045914
17122,0.000010003000900270082
3641,0.0001700510153045914
344,0.00025007502250675204
10078,0.028058417525257576
12162,0.0006001800540162049
15183,0.0017255176552965889
15009,0.00037511253376012804
13600,0.00043513053916174855
495,0.0005501650495148545
5220,0.0001350405121536461
10196,0.018310493147944383
5221,0.00040012003601080324
3084,0.000005001500450135041
7669,0.00027508252475742724
211,0.00372111633490047
7143,0.07626788036410924
13076,0.0008902670801240372
12273,0.010768230469140742
16511,0.007747324197259178
10878,0.0018805641692507752
12544,0.41854556366910073
8646,0.13892667800340103
4653,0.00018005401620486145
1128,0.00125037511253376
143,0.003676102830849255
6139,0.00043012903871161347
6751,0.0006451935580674203
4389,0.00043513053916174855
7169,0.018905671701510453
9426,0.00011503451035310594
12204,0.075777733319996
16463,0.002605781734520356
13659,0.0006401920576172852
2467,0.00004501350405121536
7991,0.0031109332799839954
1473,0.0012853856156847055
14630,0.00030509152745823747
4782,0.009352805841752526
9717,0.04067220166049815
14123,0.1021706511953586
15274,0.0006702010603180954
13114,0.00022506752025607682
1505,0.017095128538561568
13537,0.00021506451935580673
9943,0.00007002100630189057
4087,0.03490547164149245
10278,0.00003000900270081024
12618,0.014944483345003501
15291,0.05974292287686306
14792,0.0019855956787036113
8096,0.00043012903871161347
13614,0.03493047914374312
11553,0.000010003000900270082
16004,0.0009152745823747125
9569,0.05181554466339902
12045,0.00040512153646093827
7776,0.0002700810243072922
5219,0.00037511253376012804
16389,0.00032509752925877764
14761,0.023442032609782934
13049,0.0009252775832749825
7903,0.00046013804141242375
1564,0.17473241972591777
15146,0.00001500450135040512
3149,0.000020006001800540163
817,0.000025007502250675202
11618,0.0011953586075822747
16817,0.009627888366509954
1785,0.0015154546363909172
12835,0.03155446633990197
10759,0.005176552965889767
1884,0.04949484845453636
3314,0.000745223567070121
17403,0.040697209162748826
10894,0.0005051515454636391
13585,0.03136941082324697
10958,0.0003200960288086426
1653,0.0012053616084825448
16987,0.057157147144143244
10504,0.0013954186255876763
1083,0.005986796038811643
2170,0.0058867660298089425
1675,0.0001100330099029709
13795,0.036005801740522154
1843,0.00004501350405121536
16462,0.00033009902970891267
2718,0.00009002700810243072
11687,0.0019005701710513153
7721,0.0006902070621186356
6122,0.0016755026507952386
5540,0.000010003000900270082
2084,0.0001700510153045914
17500,0.000010003000900270082
5895,0.00024007202160648193
13202,0.15089526858057417
17081,0.00004501350405121536
6009,0.0015654696408922677
12877,0.017705311593478042
6155,0.0011653496048814643
13785,0.009322796839051715
1536,0.00015004501350405122
15965,0.03758127438231469
2223,0.0008202460738221466
9045,0.0010303090927278183
12195,0.002185655696709013
9239,0.0037411223367010103
11637,0.00023006902070621187
12189,0.0006501950585175553
8837,0.000735220566169851
523,0.00011503451035310594
5322,0.00016504951485445633
7741,0.0006101830549164749
470,0.003951185355606682
6572,0.029338801640492147
13524,0.0033660098029408823
1114,0.0008252475742722817
16486,0.00047514254276282883
12009,0.000050015004501350405
13285,0.00038011403421026307
11651,0.003991197359207763
6222,0.0006601980594178253
11500,0.0028958687606281883
2487,0.000025007502250675202
7970,0.004426327898369511
10097,0.0013003901170351106
14512,0.1350105031509453
9832,0.03628588576572972
14906,0.0023306992097629287
1560,0.004896468940682205
2189,0.000025007502250675202
17142,0.0011303391017305191
3840,0.10351105331599479
7891,0.004691407422226668
4489,0.000040012003601080326
10122,0.013729118735620686
12776,0.0005951785535660699
16730,0.000020006001800540163
13625,0.0006852055616685006
709,0.1473141942582775
5581,0.00029008702610783233
1165,0.0009202760828248475
13663,0.0018005401620486145
16025,0.0019805941782534762
7561,0.0015754726417925378
4735,0.0019055716715014504
12786,0.0027308192457737323
18,0.0007202160648194458
5490,0.00005501650495148545
6225,0.031179353806141844
15457,0.00033009902970891267
14429,0.0012603781134340301
6186,0.001100330099029709
11679,0.001235370611183355
4146,0.000010003000900270082
2310,0.00009502850855256577
8691,0.0006501950585175553
1063,0.017695308592577775
5098,0.00006001800540162048
16120,0.004686405921776533
15996,0.0001700510153045914
2906,0.00004501350405121536
9237,0.10685705711713514
12849,0.00025507652295688707
13457,0.006641992597779334
8297,0.008802640792237672
8742,0.002610783234970491
13009,0.02283184955486646
2527,0.0003601080324097229
5894,0.0018855656697009102
10303,0.0025307592277683303
5902,0.00009002700810243072
1476,0.004611383415024507
3267,0.00020006001800540162
4480,0.00014004201260378114
383,0.001100330099029709
5357,0.000005001500450135041
17003,0.00035010503150945284
3811,0.061833550065019505
11244,0.0034510353105931778
16606,0.0012003601080324098
4642,0.0042462738821646496
5909,0.001465439631889567
9625,0.0010503150945283585
12800,0.007007102130639192
173,0.00020506151845553665
9319,0.01472441732519756
16806,0.00009002700810243072
24,0.03917675302590777
2476,0.000010003000900270082
13445,0.024417325197559268
13070,0.000025007502250675202
4930,0.00023006902070621187
11622,0.009317795338601581
11333,0.005316594978493548
7635,0.0010603180954286285
8887,0.0019305791737521257
4427,0.0009952985895768731
6607,0.00043513053916174855
41,0.0022606782034610383
1234,0.0000850255076522957
16582,0.006581974592377714
11163,0.011353406021806543
9978,0.00031509452835850753
7779,0.00005501650495148545
2232,0.0001850555166549965
14642,0.000025007502250675202
1024,0.0013804141242372712
11966,0.0006601980594178253
9043,0.0006401920576172852
11913,0.00033009902970891267
16572,0.0003351005301590477
17432,0.000020006001800540163
7626,0.00010503150945283585
7494,0.000025007502250675202
7634,0.0009902970891267381
12218,0.4225967790337101
16561,0.0002100630189056717
11855,0.02238671601480444
10873,0.03882664799439832
1303,0.0024407322196658998
8422,0.0020006001800540163
13410,0.00009502850855256577
15819,0.009062718815644693
9063,0.0017805341602480744
14617,0.07438731619485846
10360,0.00003000900270081024
7567,0.0008202460738221466
6725,0.0015454636390917274
10415,0.002950885265579674
16802,0.0005251575472641792
13391,0.10078023407022106
9120,0.010228068420526157
31,0.004371311393418026
10883,0.026738021406421928
17276,0.0036510953285985794
5144,0.00030509152745823747
8655,0.002465739721916575
5085,0.0005751725517655296
16219,0.00033009902970891267
9846,0.002215664699409823
10557,0.00040512153646093827
2190,0.002550765229568871
3099,0.000050015004501350405
1206,0.0005101530459137741
16290,0.0009102730819245773
2324,0.000050015004501350405
11442,0.10079523857157147
17372,0.00014504351305391616
15573,0.0016705011503451036
9878,0.012318695608682605
3831,0.11668000400120036
13911,0.005901770531159348
15324,0.0006601980594178253
401,0.000005001500450135041
12635,0.011703511053315995
3157,0.004771431429428829
13655,0.0007052115634690407
13626,0.0001950585175552666
9472,0.006286886065819746
10056,0.002565769730919276
13238,0.04085725717715315
15820,0.00007502250675202561
9693,0.0049764929478843655
11990,0.00012503751125337602
9108,0.0005101530459137741
14131,0.006356907072121636
10801,0.0009602880864259277
15372,0.000005001500450135041
4333,0.006206862058617585
7955,0.0031109332799839954
8363,0.09977493247974392
1194,0.0000850255076522957
7853,0.0015704711413424028
5831,0.0006101830549164749
5963,0.0018155446633990196
9073,0.17537761328398518
12892,0.023762128638591576
17106,0.000370111033309993
3685,0.0015804741422426728
13893,0.05066019805941783
12137,0.0016705011503451036
15511,0.0008002400720216065
15360,0.001095328598579574
2919,0.000050015004501350405
1203,0.00005501650495148545
4428,0.00003000900270081024
2905,0.00032509752925877764
7753,0.0007252175652695808
12906,0.0005251575472641792
1140,0.0006401920576172852
13728,0.0005151545463639092
8061,0.0018655596679003701
821,0.00020506151845553665
3140,0.00003000900270081024
16250,0.000020006001800540163
12896,0.0005101530459137741
2344,0.0014154246273882164
11277,0.0005151545463639092
1057,0.00061518455536661
12355,0.012913874162248675
11841,0.024662398719615886
12963,0.0003200960288086426
2245,0.04557367210163049
7140,0.0031509452835850756
9204,0.00994298289486846
10135,0.6122186655996799
7205,0.0001100330099029709
10434,0.0009202760828248475
4185,0.0001700510153045914
16505,0.000365109532859858
12083,0.00014004201260378114
10837,0.00033009902970891267
12848,0.005281584475342603
1738,0.0007052115634690407
16906,0.00004501350405121536
17009,0.0003200960288086426
15275,0.0002100630189056717
8532,0.0003351005301590477
5772,0.00024507352205661696
8994,0.000010003000900270082
11006,0.00047514254276282883
9182,0.006131839551865559
7990,0.03391017305191558
9981,0.005666700010003001
16748,0.00004501350405121536
15,0.0005401620486145844
3143,0.0001600480144043213
8499,0.0030459137741322396
15058,0.02218665599679904
3945,0.0001600480144043213
7938,0.022131639491847554
16932,0.004476342902870861
3573,0.0034760428128438534
11659,0.003320996298889667
1360,0.0003100930279083725
6951,0.003195958787636291
819,0.000025007502250675202
5419,0.00851255376612984
9069,0.16987596278883665
12823,0.000005001500450135041
11401,0.00012503751125337602
8806,0.004651395418625587
8557,0.0013854156246874063
9630,0.013334000200060018
8701,0.00004501350405121536
9660,0.000005001500450135041
12043,0.041787536260878264
6736,0.00026507952385715713
14511,0.005256576973091928
13040,0.0012753826147844354
7893,0.0092777833350005
3578,0.0028108432529758928
17053,0.0023006902070621185
7894,0.0005851755526657997
13958,0.0016304891467440231
1357,0.004221266379913974
15641,0.007257177153145944
10714,0.0005701710513153946
5082,0.00025507652295688707
7953,0.01551965589676903
4348,0.001475442632789837
3957,0.00017505251575472642
12507,0.0020006001800540163
7538,0.0005901770531159348
9969,0.0008802640792237672
7311,0.002970891267380214
9872,0.0008852655796739022
1413,0.0007702310693207962
12542,0.15180554166249874
15353,0.008822646794038212
1223,0.0003401020306091828
12625,0.05939281784535361
5336,0.000020006001800540163
6963,0.02715814744423327
14629,0.03781634490347104
16993,0.000010003000900270082
1498,0.0003351005301590477
393,0.00030509152745823747
13995,0.00007002100630189057
11403,0.021001300390117036
5231,0.00010503150945283585
3712,0.09421826547964389
3597,0.0000850255076522957
12136,0.015229568870661198
6566,0.0006451935580674203
7196,0.04124737421226368
15311,0.0017255176552965889
7713,0.034375312593778136
13365,0.0009402820846253876
12390,0.036816044813444034
1876,0.019125737721316396
4872,0.000005001500450135041
6960,0.009742922876863059
7369,0.0013904171251375413
3689,0.00033009902970891267
2060,0.012638791637491247
1850,0.000020006001800540163
7397,0.00007002100630189057
2272,0.0030209062718815644
2743,0.000010003000900270082
6347,0.00040512153646093827
15509,0.007942382714814445
17165,0.01284885465639692
11231,0.0004451335400620186
13408,0.00001500450135040512
6129,0.05976793037911374
4549,0.0008802640792237672
6614,0.0008502550765229569
4372,0.0042362708812643795
11770,0.0006802040612183656
2903,0.0003451035310593178
10002,0.0005501650495148545
16531,0.0003851155346603981
12094,0.006802040612183655
16890,0.006231869560868261
16617,0.022101630489146745
14685,0.0008502550765229569
10718,0.018080424127238173
10089,0.0463889166750025
10887,0.00016504951485445633
13623,0.10650195058517556
10121,0.0017405221566469942
16982,0.061298389516855054
29,0.0003901170351105332
5177,0.0000850255076522957
11719,0.0011853556066820047
9790,0.03590577173151946
13248,0.03770631189356807
6156,0.0004901470441132339
5980,0.0013253976192857857
3520,0.00018005401620486145
7666,0.0019555866760028007
12913,0.001105331599479844
6020,0.00008002400720216065
9405,0.000735220566169851
7759,0.00033009902970891267
10791,0.027863359007702312
5099,0.00010503150945283585
9035,0.0002700810243072922
14047,0.004136240872261679
604,0.00040012003601080324
12816,0.005921776532959888
15371,0.0035410623186956087
5440,0.0003901170351105332
9615,0.0008302490747224168
7743,0.017540262078623588
2470,0.00787736320896269
3909,0.0154296288886666
15639,0.006601980594178254
9476,0.0009002700810243073
6329,0.0010753225967790336
107,0.000025007502250675202
11457,0.019345803741122335
12636,0.0005351605481644493
9166,0.00005501650495148545
17101,0.000040012003601080326
16118,0.0013103931179353806
2208,0.0001700510153045914
11580,0.0002850855256576973
16018,0.003916174852455737
16924,0.22311193358007403
2353,0.0015004501350405122
4496,0.003230969290787236
16212,0.0009652895868760629
3588,0.0019455836751025308
14784,0.005871761528458538
16780,0.0017255176552965889
14226,0.0003901170351105332
13842,0.0007002100630189057
8032,0.00048014404321296386
10186,0.013474042212663798
8874,0.0024157247174152246
11653,0.003946183855156547
15259,0.0011853556066820047
1739,0.0005601680504151245
4884,0.00020506151845553665
9665,0.00027508252475742724
3222,0.000025007502250675202
12783,0.0018255476642992897
3347,0.000050015004501350405
16231,0.0006601980594178253
10893,0.004811443433029909
8268,0.00028008402520756227
7491,0.001730519155746724
9930,0.00035510653195958787
14023,0.019205761728518556
13237,0.0007202160648194458
2473,0.00123036911073322
16186,0.0012703811143343004
12209,0.07338201460438132
14418,0.00005501650495148545
5015,0.00025007502250675204
10087,0.04998999699909973
8456,0.009717915374612383
220,0.00009502850855256577
6565,0.0004651395418625588
10102,0.001485445633690107
8446,0.0002200660198059418
9222,0.0015004501350405122
9762,0.0023106932079623886
10111,0.00799739921976593
12057,0.019425827748324496
9328,0.0000850255076522957
4473,0.001255376612983895
16144,0.0013103931179353806
11055,0.001610483144943483
11548,0.00014004201260378114
11279,0.007312193658097429
13591,0.024127238171451435
16261,0.000005001500450135041
6047,0.0003851155346603981
1763,0.00015004501350405122
2526,0.00007002100630189057
3341,0.000025007502250675202
4077,0.0011653496048814643
15056,0.00011503451035310594
16137,0.0012953886165849755
385,0.0004951485445633691
2065,0.0135740722216665
154,0.002515754726417925
5907,0.0037711313394018205
13834,0.00009002700810243072
17222,0.060673201960588174
17123,0.00009502850855256577
11492,0.03855656697009103
9825,0.04187256176853056
2453,0.0011653496048814643
11980,0.0070921276382914875
4315,0.00025007502250675204
3089,0.0001700510153045914
7381,0.0011703511053315994
4567,0.00029008702610783233
4384,0.0005951785535660699
4689,0.00021506451935580673
5054,0.00004501350405121536
4715,0.0013454036210863258
274,0.04345303591077323
6365,0.0008402520756226868
13959,0.0010603180954286285
15007,0.0420076022806842
12290,0.00010503150945283585
15812,0.0031809542862858858
12483,0.023722116634990496
5128,0.00023006902070621187
13006,0.001470441132339702
7946,0.003831149344803441
13825,0.002455736721016305
1743,0.006742022606782035
8783,0.00033009902970891267
17144,0.018200460138041413
12206,0.00006001800540162048
619,0.0006802040612183656
4744,0.020016004801440432
9007,0.0009802940882264678
484,0.0026858057417225166
1109,0.00031509452835850753
17537,0.0039611883565069525
7680,0.001490447134140242
10638,0.000010003000900270082
13476,0.009607882364709414
4994,0.00042512753826147844
11949,0.0016354906471941582
6328,0.0021706511953586078
11100,0.0004151245373612084
12624,0.00014004201260378114
10522,0.0016805041512453736
5647,0.000020006001800540163
11377,0.0023607082124637393
104,0.00017505251575472642
11852,0.002120636190857257
12881,0.0005951785535660699
3175,0.00001500450135040512
43,0.0006001800540162049
7925,0.00037511253376012804
8592,0.0000850255076522957
4838,0.000010003000900270082
4749,0.0005151545463639092
2898,0.000035010503150945284
3800,0.00025507652295688707
16258,0.000005001500450135041
11827,0.002915874762428729
13717,0.002140642192657797
12737,0.049189756927078124
13964,0.0004651395418625588
11299,0.05255076522956887
8827,0.00024007202160648193
4097,0.000040012003601080326
14585,0.0011353406021806542
6175,0.001480444133239972
11813,0.00017505251575472642
8080,0.0004101230369110733
11999,0.00010003000900270081
864,0.0006952085625687706
940,0.00004501350405121536
10163,0.00040512153646093827
17254,0.00001500450135040512
1602,0.0018005401620486145
9721,0.0005151545463639092
11431,0.00014004201260378114
4392,0.0001350405121536461
15993,0.0023256977093127937
13043,0.0007602280684205261
9236,0.03288986696008803
10331,0.001095328598579574
7653,0.014214264279283784
12933,0.005771731519455836
6757,0.0005951785535660699
12706,0.00183555066519956
371,0.00030509152745823747
8500,0.0007852355706712014
8084,0.002960888266479944
5595,0.04230769230769231
15873,0.003836150845253576
5599,0.03440032009602881
8547,0.008332499749924978
5328,0.009517855356606982
6723,0.0004901470441132339
8504,0.00004501350405121536
7549,0.0010603180954286285
14774,0.0003100930279083725
6586,0.000620186055816745
6173,0.0020606181854556367
12976,0.00046013804141242375
12627,0.001235370611183355
7720,0.010918275482644794
9323,0.000735220566169851
1072,0.000040012003601080326
9192,0.0008802640792237672
7233,0.009062718815644693
6527,0.0001700510153045914
1583,0.00183555066519956
6049,0.0017005101530459137
14105,0.0009002700810243073
9375,0.008107432229668901
9317,0.01295888766629989
2704,0.002975892767830349
12740,0.0077273181954586375
1112,0.0010853255976793039
1351,0.000985295588676603
13613,0.0003200960288086426
12991,0.0005201560468140442
1180,0.0008052415724717415
2394,0.0006802040612183656
2151,0.003561068320496149
9508,0.06469940982294689
7632,0.001100330099029709
4076,0.0015754726417925378
13278,0.025117535260578173
7883,0.002610783234970491
1480,0.0003951185355606682
8633,0.0030409122736821045
12533,0.0008452535760728218
14862,0.041462438731619485
14088,0.0014004201260378114
17275,0.000005001500450135041
17129,0.0011403421026307892
15485,0.000005001500450135041
11503,0.02155146543963189
11830,0.0015154546363909172
5209,0.0005001500450135041
11210,0.08569070721216365
17094,0.0002850855256576973
9742,0.00008002400720216065
6373,0.0031759527858357508
5512,0.0001700510153045914
7451,0.015554666399919976
14598,0.055211563469040714
1899,0.0017655296588976693
472,0.00028008402520756227
7583,0.0022706812043613083
16708,0.0023657097129138743
22,0.0000850255076522957
14980,0.000730219065719716
16757,0.000040012003601080326
4365,0.0004651395418625588
2410,0.0002700810243072922
11783,0.00033009902970891267
3920,0.0006651995598679604
9101,0.10657697309192758
6970,0.03431529458837651
4456,0.0014454336300890266
12487,0.0003401020306091828
5547,0.00006501950585175553
17153,0.0008452535760728218
14987,0.00006501950585175553
11529,0.0007752325697709313
8750,0.03932179653896169
2177,0.000050015004501350405
14939,0.002560768230469141
4961,0.0000850255076522957
6381,0.0030209062718815644
7181,0.021851555466639992
14064,0.0023106932079623886
14494,0.00124037211163349
2068,0.0001950585175552666
8174,0.018080424127238173
14938,0.007182154646393918
14195,0.00033009902970891267
10973,0.10815244573372011
9103,0.00035010503150945284
3213,0.000020006001800540163
7575,0.0008902670801240372
12665,0.001840552165649695
8450,0.0008702610783234971
16710,0.012493748124437331
4620,0.0006401920576172852
11253,0.012328698609582875
17333,0.00005501650495148545
1157,0.0025207562268680602
2411,0.00014504351305391616
4125,0.0001700510153045914
8798,0.000745223567070121
2728,0.00007502250675202561
3326,0.0012753826147844354
4624,0.000020006001800540163
10205,0.006501950585175552
12410,0.0030309092727818345
2894,0.0007802340702210664
11625,0.0003351005301590477
5424,0.0024007202160648195
16447,0.06355406621986597
17296,0.00003000900270081024
3758,0.00004501350405121536
13553,0.0003451035310593178
9731,0.0006501950585175553
12739,0.032379713914174255
8146,0.00497149144743423
6118,0.0013654096228868662
10271,0.00016504951485445633
16094,0.09361808542562769
8149,0.0022606782034610383
8765,0.0017455236570971292
14120,0.016705011503451037
2886,0.0008552565769730919
17131,0.04638391517455236
13409,0.0010153045913774133
2780,0.000005001500450135041
6792,0.00012003601080324097
14637,0.0008702610783234971
16581,0.0012203661098329499
4476,0.0000850255076522957
6217,0.026202860858257477
9142,0.017090127038111434
11195,0.0007752325697709313
17559,0.0009902970891267381
6380,0.00246073822146644
15932,0.0033610083024907473
15349,0.02944883465039512
8771,0.0003601080324097229
17449,0.00004501350405121536
6820,0.00040512153646093827
3299,0.000025007502250675202
1390,0.000010003000900270082
16882,0.00029008702610783233
8805,0.0033710113033910173
7972,0.0935630689206762
14085,0.13962688806641993
12186,0.04520856256877063
11599,0.008892667800340101
8309,0.0070821246373912175
12767,0.004101230369110733
12363,0.0038111433430029007
6140,0.016930079023707113
4340,0.006386916074822447
11908,0.048969690907272184
2784,0.006867060118035411
7714,0.0004101230369110733
12394,0.0027608282484745425
10524,0.0019105731719515854
14376,0.0015804741422426728
4720,0.00013003901170351105
5229,0.00016504951485445633
3428,0.00007002100630189057
14945,0.0007752325697709313
12033,0.006867060118035411
3538,0.0022956887066119835
10378,0.0030159047714314294
8668,0.0031209362808842654
6932,0.06431929578873662
9381,0.009612883865159547
13548,0.007257177153145944
14011,0.0007902370711213364
6153,0.00026507952385715713
9593,0.00015004501350405122
3565,0.003826147844353306
9321,0.023006902070621185
17386,0.0004101230369110733
5341,0.00004501350405121536
4779,0.00046013804141242375
425,0.00026507952385715713
16744,0.000010003000900270082
8007,0.011693508052415725
8604,0.00022506752025607682
16007,0.0005701710513153946
4084,0.04543863158947684
9711,0.019840952285685706
2031,0.0006401920576172852
1184,0.0018205461638491547
11247,0.0033810143042912874
646,0.00024507352205661696
12990,0.0012703811143343004
13709,0.0019905971791537463
8269,0.0005501650495148545
13654,0.004186255876763029
13500,0.003821146343903171
6291,0.0013253976192857857
2213,0.00033009902970891267
12183,0.0005501650495148545
1253,0.0010203060918275483
720,0.0027358207462238673
8110,0.005431629488846654
16905,0.00035010503150945284
3372,0.0000850255076522957
14587,0.09336801040312094
16409,0.0003200960288086426
9926,0.00033009902970891267
9702,0.0004701410423126938
4690,0.0003851155346603981
14003,0.004211263379013704
15388,0.03661598479543863
4149,0.00007002100630189057
6709,0.0026507952385715714
12710,0.0006051815544663399
8628,0.0005601680504151245
2585,0.00012503751125337602
13181,0.028968690607182154
5588,0.0011553466039811943
10957,0.00008002400720216065
1729,0.00029008702610783233
13951,0.0023006902070621185
8227,0.0007002100630189057
15138,0.11390417125137542
8615,0.002870861258377513
12660,0.00045013504051215364
13502,0.007232169650895268
782,0.005431629488846654
9985,0.0016454936480944284
9596,0.0001100330099029709
8811,0.003215964789436831
3638,0.0001700510153045914
6856,0.0005451635490647195
10532,0.0001100330099029709
13831,0.0024357307192157647
7258,0.002115634690407122
9159,0.03187956386916075
5339,0.000005001500450135041
5953,0.02493748124437331
3342,0.00007502250675202561
10756,0.00033009902970891267
12872,0.002920876262878864
8147,0.006261878563569071
8428,0.006281884565369611
1248,0.0009352805841752526
690,0.0021706511953586078
14772,0.0014304291287386215
16799,0.000010003000900270082
3698,0.00033009902970891267
3192,0.00017505251575472642
11416,0.03873662098629589
17067,0.0012603781134340301
4331,0.0038161448434530358
13177,0.005406621986595979
11030,0.19426828048414524
1096,0.00432629788936681
2763,0.00013003901170351105
8789,0.0005551665499649895
17394,0.0018755626688006402
1495,0.0020656196859057717
13543,0.009042712813844153
10944,0.06799039711913574
13307,0.01710513153946184
10692,0.0010353105931779534
8537,0.0004451335400620186
2384,0.0003401020306091828
8020,0.10023507052115635
2281,0.0000850255076522957
15455,0.0006601980594178253
12322,0.007887366209862958
14713,0.0011753526057817346
2115,0.025637691307392216
8301,0.0005101530459137741
14474,0.0016705011503451036
17387,0.0006551965589676903
6974,0.03528558567570271
6355,0.03531059317795339
16928,0.0006601980594178253
1497,0.0013804141242372712
13807,0.00010503150945283585
737,0.037916374912473745
8230,0.007427228168450535
17145,0.00033009902970891267
13407,0.0007002100630189057
11671,0.0005801740522156647
11387,0.007207162148644594
1522,0.028948684605381615
4363,0.0002200660198059418
900,0.00033009902970891267
6318,0.0013253976192857857
6735,0.00015504651395418625
16829,0.005701710513153946
4599,0.002950885265579674
10146,0.008687606281884565
10202,0.0012853856156847055
11846,0.30711213364009204
7230,0.013328998699609884
9173,0.002130639191757527
15665,0.0001100330099029709
3176,0.0001950585175552666
13149,0.0007502250675202561
11655,0.0019155746724017204
4407,0.0010103030909272782
3892,0.0006051815544663399
15610,0.00025007502250675204
13449,0.0005501650495148545
11901,0.00018005401620486145
8331,0.09942482744823447
6886,0.0019355806742022608
15963,0.0024407322196658998
12229,0.0009802940882264678
13308,0.016014804441332398
11212,0.010093027908372512
12804,0.08706611983595079
14639,0.00001500450135040512
7460,0.00047514254276282883
8600,0.0023807142142642794
11722,0.0009002700810243073
8324,0.09816444933480044
573,0.00008002400720216065
16263,0.000035010503150945284
8996,0.000005001500450135041
2150,0.0070821246373912175
8893,0.0000850255076522957
3978,0.027443232969890968
16128,0.0003401020306091828
1431,0.0008602580774232269
2314,0.00033009902970891267
16325,0.0005451635490647195
7848,0.0015004501350405122
8638,0.0008302490747224168
9636,0.00018005401620486145
16768,0.000010003000900270082
10134,0.002120636190857257
10583,0.0009702910873261979
7533,0.00007502250675202561
6899,0.0013203961188356507
12692,0.0002950885265579674
11856,0.025512653796138842
17535,0.004291287386215864
1794,0.0016604981494448335
12279,0.008932679803941182
8443,0.0005701710513153946
16115,0.03034410323096929
15064,0.014554366309892968
11172,0.00045013504051215364
11002,0.000020006001800540163
6262,0.0024307292187656297
14388,0.0014054216264879464
7896,0.014859457837351205
14972,0.012188656596979094
6342,0.002915874762428729
2613,0.00023006902070621187
11105,0.0004451335400620186
6680,0.004896468940682205
7249,0.000005001500450135041
14722,0.001480444133239972
8271,0.0030109032709812944
10496,0.010398119435830749
10383,0.005866760028008402
5422,0.00432629788936681
6003,0.001840552165649695
13432,0.11610483144943483
16602,0.0004101230369110733
9302,0.00043012903871161347
7116,0.005946784035210563
14979,0.0005051515454636391
13907,0.0015154546363909172
8332,0.10029508852655797
15015,0.002210663198959688
9158,0.0027608282484745425
7999,0.09675902770831249
2652,0.0001700510153045914
7152,0.01110333099929979
8588,0.002865859757927378
7677,0.0017455236570971292
9783,0.046648994698409524
12472,0.01052815844753426
10600,0.006131839551865559
2817,0.000025007502250675202
3335,0.0002600780234070221
10380,0.0038461538461538464
12910,0.018340502150645192
17261,0.002580774232269681
13397,0.0012953886165849755
16862,0.00015004501350405122
6644,0.0016504951485445635
5233,0.000050015004501350405
4323,0.0006802040612183656
11946,0.002465739721916575
16490,0.010513153946183856
13003,0.0027708312493748125
17421,0.000005001500450135041
17190,0.012028608582574773
17167,0.000005001500450135041
16049,0.006461938581574472
240,0.00018005401620486145
328,0.010533159947984396
1469,0.0026708012403721115
15143,0.10754726417925378
10751,0.0005701710513153946
3949,0.0018005401620486145
3955,0.0005701710513153946
290,0.03252475742722817
10702,0.0006601980594178253
7119,0.005996799039711913
12382,0.018570571171351406
14063,0.00047514254276282883
2792,0.00011503451035310594
6357,0.00018005401620486145
9664,0.00015004501350405122
7225,0.007747324197259178
17377,0.0012653796138841651
11571,0.00005501650495148545
11585,0.019400820246073824
12122,0.014469340802240672
3996,0.00006501950585175553
13794,0.005766730019005702
3906,0.0012653796138841651
8940,0.0003851155346603981
7390,0.00125037511253376
6087,0.002100630189056717
1378,0.0010153045913774133
6777,0.00031509452835850753
15060,0.0017505251575472643
9463,0.1043963188956687
13594,0.00043513053916174855
444,0.017945383615084524
6838,0.00028008402520756227
16514,0.000040012003601080326
8864,0.001850555166549965
9576,0.0006401920576172852
12854,0.001475442632789837
5497,0.0013554066219865959
10394,0.0005001500450135041
1199,0.0008502550765229569
14969,0.12394218265479644
13382,0.0858257477243173
8953,0.018690607182154647
12643,0.0014404321296388916
8603,0.00023006902070621187
9233,0.025617685305591678
10668,0.0020556166850055017
2669,0.000010003000900270082
10547,0.018755626688006403
2781,0.000010003000900270082
12028,0.008907672301690508
2823,0.000730219065719716
12212,0.0754776432929879
17518,0.0016504951485445635
10834,0.007652295688706612
6126,0.019235770731219366
15954,0.0013754126237871362
14962,0.0005151545463639092
9017,0.000050015004501350405
10446,0.002880864259277783
6593,0.00001500450135040512
11791,0.0018655596679003701
9851,0.0009052715814744423
7018,0.030059017705311594
5712,0.0008102430729218765
3409,0.0009352805841752526
1160,0.0010353105931779534
13589,0.011643493047914375
4761,0.00023006902070621187
7139,0.003205961788536561
7356,0.0018055416624987496
14121,0.10276582974892468
1036,0.00030009002700810244
502,0.002585775732719816
7220,0.03402520756226868
258,0.0004701410423126938
6664,0.861333400020006
13083,0.0011603481044313293
2447,0.000020006001800540163
5554,0.000010003000900270082
7784,0.0003401020306091828
12803,0.0064569370811243375
8208,0.0958037411223367
3637,0.0000850255076522957
5751,0.000010003000900270082
7106,0.0007202160648194458
8954,0.03920176052815845
11432,0.07168650595178554
5225,0.00025507652295688707
11229,0.0003200960288086426
11918,0.000730219065719716
897,0.0016905071521456437
9210,0.021191357407222167
14113,0.13496548964689406
692,0.01763028908672602
15462,0.0006601980594178253
4622,0.000010003000900270082
9598,0.004626387916374913
16059,0.013729118735620686
7290,0.00006501950585175553
15392,0.038591577473241975
10116,0.008737621286385916
9254,0.0050415124537361205
2168,0.00010003000900270081
514,0.005761728518555566
14372,0.0005151545463639092
5846,0.000005001500450135041
4881,0.0005851755526657997
45,0.024247274182254676
2845,0.00020006001800540162
6855,0.6067970391117335
3743,0.0016504951485445635
8226,0.0003100930279083725
7973,0.011613484045213564
15571,0.008342502750825247
12920,0.0010003000900270082
1059,0.00033009902970891267
2606,0.0002850855256576973
13131,0.012103631089326798
6910,0.0006601980594178253
17139,0.0007502250675202561
11156,0.09662898869660898
2884,0.00010503150945283585
17323,0.0026858057417225166
1569,0.0017055116534960488
1367,0.002880864259277783
12576,0.00012503751125337602
11836,0.32418725617685307
7245,0.000010003000900270082
13690,0.0005851755526657997
8477,0.024222266680004
13475,0.00020506151845553665
14037,0.0005451635490647195
11345,0.011358407522256676
6780,0.13038411523457036
1765,0.00045013504051215364
7329,0.0010853255976793039
15098,0.000005001500450135041
6761,0.0028958687606281883
15936,0.00032509752925877764
11902,0.00247074122236671
8855,0.004441332399719916
878,0.0008602580774232269
13933,0.00857257177153146
13989,0.004456336901070321
2348,0.0009652895868760629
1750,0.00492147644293288
4759,0.00025507652295688707
11407,0.019990997299189756
10551,0.0014054216264879464
11921,0.0014054216264879464
9757,0.00043012903871161347
9495,0.027948384515354606
1401,0.0005501650495148545
2778,0.010133039911973592
11611,0.00033009902970891267
5912,0.0006601980594178253
10130,0.0026708012403721115
8425,0.00048514554366309895
7229,0.0004701410423126938
13353,0.0018055416624987496
15150,0.000005001500450135041
12113,0.0006451935580674203
4373,0.0001700510153045914
11081,0.00020506151845553665
15862,0.002615784735420626
5551,0.00001500450135040512
9794,0.0032709812943883163
12433,0.0001700510153045914
1845,0.000010003000900270082
12197,0.0018105431629488846
1695,0.018935680704211262
5924,0.000010003000900270082
14114,0.016474942482744823
16782,0.0004651395418625588
15412,0.0018105431629488846
4984,0.0019205761728518555
10915,0.00061518455536661
14681,0.004186255876763029
12885,0.0011303391017305191
14852,0.013509052715814745
2186,0.000025007502250675202
9019,0.000020006001800540163
4685,0.001460438131439432
9407,0.0023707112133640094
10220,0.0020006001800540163
15345,0.027658297489246773
12763,0.012283685105531659
2148,0.0013354006201860558
1655,0.00029008702610783233
1711,0.0005101530459137741
292,0.002865859757927378
16470,0.05636190857257177
5537,0.000010003000900270082
13014,0.0013604081224367311
17196,0.000010003000900270082
9026,0.00008002400720216065
566,0.010543162948884665
5018,0.0008952685805741722
2308,0.00010003000900270081
8813,0.00003000900270081024
12723,0.019225767730319095
6172,0.00022506752025607682
9311,0.002105631689506852
15482,0.000010003000900270082
6673,0.000005001500450135041
8545,0.0007102130639191757
10209,0.0020556166850055017
15326,0.0002100630189056717
1827,0.0001700510153045914
9350,0.015059517855356606
5715,0.0000850255076522957
1810,0.0005551665499649895
13130,0.00033009902970891267
6743,0.0004701410423126938
14812,0.0037611283385015504
6313,0.0011653496048814643
10315,0.000735220566169851
12099,0.002585775732719816
10302,0.00936781034310293
11119,0.018245473642092627
15481,0.000010003000900270082
14802,0.00433630089026708
6901,0.0036310893267980393
9641,0.0009902970891267381
7016,0.00035010503150945284
2454,0.000050015004501350405
747,0.00029008702610783233
2702,0.004561368410523157
815,0.00012503751125337602
1940,0.0055066519955986794
13557,0.001615484645393618
11861,0.0009252775832749825
5776,0.00020006001800540162
9075,0.030219065719715915
9377,0.006727018105431629
9424,0.0019805941782534762
11899,0.0006651995598679604
369,0.0000850255076522957
11352,0.0009202760828248475
4324,0.003986195858757627
373,0.00026507952385715713
2838,0.000025007502250675202
12934,0.0001100330099029709
14606,0.05778733620086026
8817,0.000985295588676603
8338,0.016149844953486047
10069,0.007522256677003101
10355,0.006596979093728118
5682,0.000035010503150945284
10200,0.00026507952385715713
11337,0.0012803841152345704
3931,0.0011803541062318697
915,0.004481344403320996
6293,0.0008052415724717415
2695,0.000050015004501350405
10381,0.0017405221566469942
9363,0.007147144143242973
6921,0.05854256276883065
12686,0.000040012003601080326
4242,0.00009502850855256577
1123,0.00003000900270081024
1394,0.0001700510153045914
2555,0.00010503150945283585
1202,0.0008802640792237672
6598,0.023697109132739824
10907,0.0010353105931779534
17008,0.0018205461638491547
7201,0.0017155146543963188
10914,0.00045513654096228866
4773,0.00016504951485445633
9560,0.07772831849554866
9743,0.01638491547464239
11840,0.0010253075922776833
15731,0.000025007502250675202
17125,0.00033009902970891267
13839,0.0030609182754826447
12299,0.0019405821746523958
3370,0.00006501950585175553
7872,0.00046013804141242375
12821,0.04039711913574072
8059,0.002085625687706312
10367,0.00026507952385715713
5416,0.00006001800540162048
11573,0.014859457837351205
1396,0.0037511253376012804
1902,0.00006501950585175553
12392,0.04182254676402921
1058,0.00005501650495148545
9676,0.0026457937381214364
1887,0.030374112233670102
15401,0.0005801740522156647
16031,0.0027058117435230567
15386,0.04211263379013704
14800,0.004676402920876263
7959,0.0005551665499649895
13171,0.004221266379913974
17522,0.00033009902970891267
11306,0.0018805641692507752
16363,0.00016504951485445633
4856,0.005681704511353406
3969,0.001470441132339702
11179,0.00061518455536661
16761,0.000005001500450135041
10022,0.012208662598779634
8839,0.00019005701710513153
375,0.010163048914674403
17264,0.004746423927178153
7023,0.009947984395318596
1692,0.005816745023507052
13250,0.03764629388816645
3713,0.06491947584275283
15504,0.0009452835850755226
5591,0.0007902370711213364
15727,0.000025007502250675202
17233,0.0011253376012803841
7174,0.017400220066019805
4837,0.000050015004501350405
11507,0.005046513954186256
10823,0.029038711613484047
10797,0.0012603781134340301
16404,0.00033009902970891267
16492,0.0003951185355606682
14582,0.054861458437531256
1243,0.0005951785535660699
12941,0.0004901470441132339
15355,0.0027058117435230567
17241,0.002180654196258878
3813,0.005671701510453136
10877,0.0020406121836550966
318,0.00025007502250675204
14042,0.00021506451935580673
3517,0.0001100330099029709
4542,0.0001100330099029709
568,0.0017905371611483445
16433,0.001605481644493348
15687,0.004506351905571672
5020,0.0002350705211563469
9176,0.014719415824747424
1992,0.005321596478943683
6264,0.002245673702110633
15809,0.0020406121836550966
4113,0.005371611483445033
15016,0.03323997199159748
16230,0.01485445633690107
8492,0.003215964789436831
12193,0.00012503751125337602
6648,0.0012903871161348405
16869,0.0011303391017305191
17493,0.0006601980594178253
9522,0.04525857757327198
15261,0.025467640292087625
13670,0.006526958087426228
13549,0.0012853856156847055
3848,0.00367110133039912
8112,0.004051215364609383
831,0.00037511253376012804
10736,0.0005701710513153946
14054,0.0036410923276983093
7308,0.0003401020306091828
6301,0.00009002700810243072
306,0.0007252175652695808
4448,0.0001700510153045914
2855,0.000050015004501350405
55,0.0004101230369110733
1575,0.0003351005301590477
5165,0.00026507952385715713
5582,0.011078323497049115
6086,0.00020506151845553665
6669,0.00020006001800540162
7316,0.01918075422626788
17547,0.0019905971791537463
16528,0.0014354306291887566
11046,0.032429728918675606
1373,0.00007502250675202561
6768,0.1308292487746324
11012,0.020176052815844753
1435,0.0011803541062318697
12547,0.4147894368310493
15680,0.0010803240972291689
10545,0.00015004501350405122
17114,0.00010503150945283585
12047,0.025467640292087625
5287,0.00010003000900270081
9993,0.0008252475742722817
10939,0.0021506451935580672
2236,0.005276582974892468
14229,0.07963889166750025
9190,0.0018855656697009102
6965,0.033104931479443836
10892,0.00038011403421026307
6179,0.0023657097129138743
6048,0.0010703210963288986
12306,0.0024257277183154947
6885,0.0020356106832049616
3947,0.009412823847154146
14045,0.08961188356506952
249,0.023251975592677804
10259,0.00035510653195958787
15941,0.000005001500450135041
4539,0.0007652295688706612
3687,0.010583174952485746
4123,0.008517555266579975
15356,0.005726718015404622
12708,0.0025257577273181953
13909,0.0037811343403020906
7186,0.025872761828548564
15018,0.0006301890567170151
563,0.5996098829648895
8620,0.018680604181254376
13377,0.0023357007102130637
10673,0.0009752925877763329
13215,0.005856757027108132
10175,0.002915874762428729
12180,0.11165849754926478
7850,0.06321896568970692
2602,0.00003000900270081024
4175,0.06496448934680404
14423,0.00010003000900270081
16371,0.00003000900270081024
11953,0.0173852155646694
5060,0.00012003601080324097
13739,0.0043413023907172155
5017,0.00020006001800540162
9674,0.04938481544463339
16690,0.00015004501350405122
506,0.019205761728518556
10978,0.0023957187156146845
16345,0.00043012903871161347
2923,0.00005501650495148545
14091,0.0005251575472641792
14092,0.00004501350405121536
9826,0.00024007202160648193
16396,0.000020006001800540163
8421,0.000365109532859858
10519,0.00016504951485445633
2237,0.0050815244573372016
2157,0.0055666700010003
2490,0.00008002400720216065
2343,0.0003100930279083725
858,0.07973892167650296
2263,0.01672001600480144
9577,0.0006301890567170151
12040,0.0009002700810243073
4115,0.00735220566169851
17084,0.0007202160648194458
1110,0.002885865759727918
17119,0.0023106932079623886
13641,0.007192157647294188
14431,0.0009702910873261979
5823,0.0006601980594178253
11171,0.02867860358107432
16830,0.0017705311593478044
16151,0.00029008702610783233
13179,0.000035010503150945284
6465,0.00048514554366309895
15989,0.004696408922676803
2212,0.0016354906471941582
2173,0.016099829948984696
4751,0.0006451935580674203
1779,0.00045513654096228866
4683,0.0007502250675202561
1919,0.003831149344803441
4101,0.008462538761628488
1354,0.0005701710513153946
4300,0.0009952985895768731
4596,0.002925877763328999
13742,0.026257877363208962
6683,0.0012053616084825448
8439,0.00025007502250675204
1512,0.0008352505751725518
1132,0.0009252775832749825
15818,0.00032509752925877764
7869,0.001840552165649695
4361,0.00308592577773332
8760,0.002095628688606582
3838,0.001110333099929979
16922,0.005891767530259078
14584,0.05563669100730219
14002,0.00045013504051215364
3313,0.0005251575472641792
4871,0.000005001500450135041
8253,0.0042262678803641094
2006,0.000040012003601080326
2450,0.00007502250675202561
3300,0.000050015004501350405
15368,0.0009452835850755226
6825,0.00001500450135040512
16800,0.0006802040612183656
11271,0.007437231169350805
13997,0.0005451635490647195
8858,0.00012003601080324097
80,0.05736220866259878
2504,0.000005001500450135041
13484,0.0002950885265579674
8058,0.0018855656697009102
6046,0.00372111633490047
6112,0.0009152745823747125
11373,0.0012903871161348405
9901,0.0004401320396118836
7417,0.032944883465039515
12159,0.002225667700310093
7986,0.011918575572671801
7501,0.000025007502250675202
4190,0.00005501650495148545
11853,0.012188656596979094
11155,0.010738221466439933
17048,0.2072821846553966
16087,0.00867260178053416
14073,0.09523857157147145
13799,0.0012703811143343004
12882,0.0005751725517655296
1084,0.007407222166649995
8915,0.0022806842052615784
5199,0.0008902670801240372
7563,0.01862558767630289
9441,0.004391317395218566
8088,0.000730219065719716
10413,0.031444433329999
13889,0.06595478643593078
11255,0.000050015004501350405
1507,0.0006752025607682304
2507,0.00011503451035310594
21,0.00025507652295688707
214,0.00014504351305391616
13493,0.00015004501350405122
2793,0.00020506151845553665
6157,0.00010003000900270081
1908,0.0007152145643693108
7020,0.026187856356907072
6720,0.0027908372511753527
15418,0.00001500450135040512
10448,0.061938581574472344
11654,0.004166249874962489
6556,0.00013003901170351105
15984,0.005711713514054216
13161,0.1111033309992998
496,0.04874962488746624
15865,0.0034910473141942584
7374,0.0027508252475742724
10739,0.00062518755626688
3217,0.000020006001800540163
14072,0.00022506752025607682
559,0.08366009802940882
16061,0.011683505051515455
14398,0.0010753225967790336
1775,0.0005601680504151245
9588,0.00040512153646093827
2738,0.00014504351305391616
857,0.08111933580074022
5237,0.008682604781434431
11888,0.0013053916174852456
6770,0.00024507352205661696
17441,0.00035510653195958787
14516,0.0010353105931779534
9187,0.013434030209062718
13062,0.0004651395418625588
1821,0.00008002400720216065
6861,0.5935580674202261
11798,0.0002600780234070221
12001,0.000050015004501350405
12190,0.014604381314394317
2874,0.0005451635490647195
7761,0.0006752025607682304
13025,0.0011403421026307892
96,0.00022506752025607682
10290,0.000005001500450135041
13905,0.02104631389416825
5026,0.00043513053916174855
17045,0.00032509752925877764
9808,0.10703210963288987
8541,0.0006601980594178253
1812,0.00045013504051215364
12073,0.09972491747524258
7622,0.00010503150945283585
16834,0.00433630089026708
1849,0.000035010503150945284
5118,0.00003000900270081024
12930,0.0011253376012803841
17409,0.01355406621986596
10575,0.000005001500450135041
2203,0.02068620586175853
998,0.00024507352205661696
12225,0.0002950885265579674
6747,0.0031609482844853457
14148,0.0007652295688706612
10192,0.0004151245373612084
85,0.0006001800540162049
4530,0.009577873362008603
3364,0.00010003000900270081
15228,0.0018555566670001
15915,0.005856757027108132
14203,0.0008202460738221466
1881,0.03240472141642493
13364,0.00040012003601080324
341,0.0001950585175552666
14497,0.0013504051215364609
9682,0.00010503150945283585
1131,0.0017805341602480744
5714,0.00030009002700810244
15234,0.00007002100630189057
2512,0.000050015004501350405
4772,0.0015554666399919977
9199,0.000025007502250675202
7179,0.016935080524157247
9805,0.07941382414724417
8494,0.016014804441332398
2706,0.0006902070621186356
9924,0.010773231969590878
4247,0.013374012203661098
13228,0.0014254276282884865
8629,0.0010603180954286285
5875,0.00001500450135040512
10747,0.005381614484345303
15236,0.0017955386615984795
7248,0.0024007202160648195
527,0.0000850255076522957
9074,0.013394018205461638
7558,0.0001850555166549965
13111,0.0105481644493348
4345,0.008297489246774032
9759,0.0056116835050515155
2720,0.00005501650495148545
8486,0.0004101230369110733
200,0.000050015004501350405
11984,0.009342802840852255
12270,0.01547964389316795
5998,0.001480444133239972
10206,0.0013954186255876763
10523,0.0005401620486145844
5305,0.00001500450135040512
12998,0.0003100930279083725
10594,0.00010503150945283585
12891,0.002495748724617385
150,0.0015254576372911873
13118,0.0001850555166549965
412,0.0037511253376012804
15684,0.0010053015904771432
8759,0.002185655696709013
15314,0.028793638091427428
14235,0.00062518755626688
14827,0.02330699209762929
288,0.004056216865059518
13789,0.006176853055916775
3965,0.00022506752025607682
1159,0.01544963489046714
6220,0.0006651995598679604
11688,0.0009152745823747125
7749,0.06289386816044813
14059,0.001255376612983895
69,0.0004401320396118836
7683,0.0015654696408922677
11085,0.00023006902070621187
5403,0.00009502850855256577
739,0.0713664099229769
6143,0.0003951185355606682
6390,0.0005601680504151245
16302,0.00006001800540162048
15907,0.0007152145643693108
16618,0.0011403421026307892
2407,0.000025007502250675202
11103,0.0001350405121536461
10734,0.002600780234070221
13343,0.0005501650495148545
6180,0.00031509452835850753
9459,0.00019005701710513153
12756,0.00006001800540162048
16047,0.0010153045913774133
17076,0.005106531959587876
7645,0.018215464639391818
13335,0.003351005301590477
15140,0.012018605581674502
12818,0.0061618485545663695
5710,0.00019005701710513153
12812,0.005266579973992198
450,0.00005501650495148545
3190,0.00008002400720216065
10187,0.0011253376012803841
11246,0.003836150845253576
2156,0.0037761328398519555
14012,0.002135640692207662
12409,0.00183555066519956
14620,0.00007002100630189057
15061,0.0021556466940082022
13191,0.005216564969490847
8645,0.0019655896769030707
10723,0.0005851755526657997
4566,0.0011603481044313293
4973,0.00024007202160648193
11560,0.009952985895768731
12116,0.008782634790437132
12201,0.19857957387216166
1182,0.005236570971291387
10066,0.023947184155246572
3602,0.0001700510153045914
15904,0.0012903871161348405
16008,0.0007902370711213364
8053,0.0013504051215364609
447,0.024602380714214264
16439,0.015334600380114034
16484,0.0007702310693207962
11905,0.0002350705211563469
15373,0.00001500450135040512
8224,0.006802040612183655
13106,0.0009752925877763329
9620,0.0011553466039811943
7702,0.007852355706712014
4100,0.013939181754526358
9798,0.005816745023507052
1407,0.0023807142142642794
9534,0.056992097629288786
2785,0.010103030909272781
13481,0.0019405821746523958
15678,0.00012503751125337602
9250,0.0010803240972291689
11860,0.027173151945583673
5114,0.000005001500450135041
5904,0.0006551965589676903
2489,0.000010003000900270082
17489,0.0009902970891267381
61,0.00011503451035310594
15667,0.0019605881764529357
13513,0.00024007202160648193
2822,0.00016504951485445633
1318,0.0013804141242372712
615,0.00125037511253376
17274,0.0013504051215364609
16248,0.00026507952385715713
11877,0.0075572671801540465
6815,0.0013003901170351106
15999,0.0005801740522156647
14675,0.0007902370711213364
1355,0.000050015004501350405
8505,0.0006451935580674203
7789,0.0077273181954586375
7197,0.00014504351305391616
11947,0.012388716614984495
10906,0.011783535060518156
15132,0.03089926978093428
5844,0.000025007502250675202
11768,0.009977993398019407
13900,0.001850555166549965
10857,0.0007102130639191757
8101,0.004166249874962489
4130,0.0024107232169650896
10966,0.05868760628188457
16138,0.0003100930279083725
11054,0.00033009902970891267
10794,0.0009402820846253876
3635,0.0000850255076522957
12301,0.0003851155346603981
5333,0.000020006001800540163
12036,0.006026808042412724
494,0.006366910073021906
6665,0.0009902970891267381
7547,0.010613183955186557
11437,0.0002950885265579674
3785,0.006121836550965289
11740,0.0005401620486145844
12791,0.03555066519955987
7366,0.00019005701710513153
15347,0.0256927078123437
12980,0.0005801740522156647
12795,0.0020356106832049616
4993,0.0000850255076522957
17381,0.0006551965589676903
11581,0.1680954286285886
16521,0.0011303391017305191
5159,0.0003401020306091828
4011,0.005521656496949085
11151,0.012533760128038411
5731,0.00010503150945283585
8883,0.0017755326597979394
14957,0.01566970091027308
12702,0.0010403120936280884
4844,0.00009002700810243072
6132,0.051215364609382814
1269,0.00001500450135040512
15211,0.0008202460738221466
801,0.00010003000900270081
1683,0.00033009902970891267
17412,0.03703110933279984
286,0.016014804441332398
12538,0.0006451935580674203
3901,0.01159847954386316
4546,0.0004651395418625588
4887,0.0020406121836550966
4503,0.00025507652295688707
5039,0.0004951485445633691
8051,0.006606982094628388
15829,0.0005451635490647195
16900,0.000010003000900270082
570,0.000005001500450135041
8319,0.002825847754326298
4085,0.011048314494348304
4114,0.007502250675202561
8126,0.004736420926277883
5315,0.0002950885265579674
15564,0.0019805941782534762
3092,0.00007502250675202561
8163,0.005831749524857458
2618,0.00013003901170351105
11118,0.02176152845853756
1842,0.00020006001800540162
12775,0.0011303391017305191
13136,0.0009752925877763329
6810,0.0018205461638491547
13615,0.021606481944583374
10932,0.025092527758327498
4307,0.003606081824547364
4432,0.00042512753826147844
847,0.00020006001800540162
7792,0.0020206061818545565
476,0.00025507652295688707
14221,0.0008502550765229569
2277,0.0001600480144043213
15515,0.00019005701710513153
11250,0.0034210263078923676
8607,0.0117185155546664
9247,0.012743823146944083
4453,0.0014504351305391616
17262,0.0002100630189056717
7668,0.0005001500450135041
14672,0.0004401320396118836
8513,0.01296889066720016
8064,0.00048514554366309895
9291,0.0017255176552965889
10737,0.0010703210963288986
10772,0.0005951785535660699
1918,0.00013003901170351105
16364,0.000020006001800540163
9645,0.00008002400720216065
11106,0.00024507352205661696
6193,0.00010503150945283585
6148,0.015009502850855257
11554,0.01475442632789837
6284,0.0005001500450135041
16804,0.0001950585175552666
1841,0.00001500450135040512
12452,0.010918275482644794
6670,0.00008002400720216065
284,0.00033009902970891267
9812,0.1001000300090027
1015,0.004021206361908573
9,0.0008802640792237672
3583,0.0009652895868760629
694,0.1305441632489747
14470,0.05951785535660698
1340,0.0007552265679703911
13477,0.000370111033309993
467,0.003581074322296689
8585,0.00062518755626688
17006,0.003235970791237371
13443,0.001975592677803341
4738,0.0017955386615984795
13213,0.15115034510353106
2195,0.002575772731819546
39,0.00006501950585175553
12244,0.0001700510153045914
7165,0.07472741822546763
16512,0.00003000900270081024
11165,0.025962788836650996
11566,0.15463639091727518
12259,0.00045013504051215364
13127,0.0014254276282884865
15142,0.012223667100130039
16578,0.0010003000900270082
12329,0.0008952685805741722
5023,0.0004101230369110733
2256,0.0022606782034610383
389,0.0005051515454636391
13466,0.06545463639091728
773,0.000025007502250675202
8912,0.0013504051215364609
13290,0.003310993297989397
16011,0.0013504051215364609
15554,0.0007102130639191757
13487,0.0012603781134340301
17470,0.0026407922376713014
4641,0.000745223567070121
1546,0.0007952385715714714
9838,0.057207162148644596
10477,0.000010003000900270082
7910,0.01225367610283085
13677,0.04689906972091627
11069,0.01745523657097129
13198,0.040567170151045315
13932,0.000025007502250675202
15484,0.000005001500450135041
16096,0.005911773532059618
11290,0.025982794838451534
9487,0.03677603280984295
1264,0.0019555866760028007
2221,0.03287486245873762
11276,0.14198259477843353
4297,0.013804141242372711
10055,0.034785435630689206
6913,0.0006601980594178253
13279,0.000025007502250675202
6878,0.0033960188056416925
11938,0.0037361208362508753
16659,0.0007752325697709313
11833,0.0008602580774232269
5729,0.000005001500450135041
1892,0.015384615384615385
9869,0.000035010503150945284
9036,0.0315444633390017
16081,0.00016504951485445633
9486,0.0009402820846253876
2191,0.00017505251575472642
12720,0.0003100930279083725
6296,0.0026958087426227867
4356,0.0001600480144043213
638,0.0000850255076522957
11440,0.012853856156847055
5130,0.000010003000900270082
3751,0.0019105731719515854
3954,0.026282884865459637
254,0.0000850255076522957
7261,0.018390517155146544
10172,0.0006601980594178253
7158,0.00617185155546664
5606,0.043703110933279984
8803,0.0015604681404421327
9830,0.0011903571071321397
3956,0.02578773632089627
6454,0.0004951485445633691
11546,0.0004101230369110733
10190,0.00011503451035310594
8991,0.00026507952385715713
4538,0.00032509752925877764
15956,0.0008752625787736321
10822,0.0020506151845553666
10744,0.001245373612083625
2771,0.00018005401620486145
11887,0.0005901770531159348
17134,0.0006802040612183656
3130,0.00007002100630189057
12239,0.033625087526257876
9685,0.0007502250675202561
11359,0.02451735520656197
16870,0.000005001500450135041
10924,0.004091227368210463
15029,0.01729518855656697
11205,0.00035510653195958787
5337,0.00008002400720216065
9542,0.03224967490247074
12648,0.05600180054016205
12440,0.0006001800540162049
13888,0.0759777933380014
10311,0.000020006001800540163
4834,0.0005401620486145844
9681,0.0020456136841052316
16669,0.0013354006201860558
13383,0.11009302790837251
8127,0.003616084825447634
16066,0.0046714014204261274
1018,0.0020406121836550966
4938,0.001970591177353206
2733,0.00012503751125337602
12693,0.11007802340702211
11771,0.0004201260378113434
4452,0.0016705011503451036
10955,0.001460438131439432
16222,0.00033009902970891267
13712,0.00027508252475742724
872,0.0008702610783234971
13192,0.00008002400720216065
3829,0.00021506451935580673
15799,0.000035010503150945284
7604,0.0004401320396118836
1878,0.030929278783635092
13162,0.0009402820846253876
16478,0.011608482544763429
2503,0.000010003000900270082
6954,0.0004951485445633691
16772,0.00023006902070621187
9921,0.0005251575472641792
12378,0.002950885265579674
5361,0.0003351005301590477
7423,0.03327998399519856
15753,0.0003901170351105332
12365,0.00009502850855256577
6798,0.0008752625787736321
9911,0.0007802340702210664
10627,0.002215664699409823
3786,0.0009352805841752526
15417,0.0008752625787736321
12200,0.047564269280784235
11079,0.0010803240972291689
7392,0.0006601980594178253
10208,0.0005601680504151245
11623,0.0023857157147144144
4831,0.00007502250675202561
14419,0.00025007502250675204
5145,0.0005501650495148545
1474,0.08269480844253276
486,0.013138941682504752
16776,0.0005201560468140442
10517,0.0007252175652695808
14395,0.014244273281984595
6395,0.002125637691307392
12978,0.0005651695508652596
7865,0.0021656496949084727
12284,0.0012653796138841651
8260,0.0005501650495148545
9939,0.0165999799939982
15772,0.00035510653195958787
16288,0.000005001500450135041
3923,0.0003401020306091828
190,0.0023256977093127937
3316,0.0006501950585175553
13112,0.00023006902070621187
14771,0.0006802040612183656
16048,0.00045013504051215364
12341,0.021346403921176354
9433,0.0038711613484045215
16183,0.0006601980594178253
1362,0.0035160548164449336
14435,0.0010103030909272782
8631,0.002860858257477243
10683,0.0003200960288086426
15955,0.00032509752925877764
826,0.00012503751125337602
5035,0.0013253976192857857
4,0.0009602880864259277
13107,0.010788236470941282
3651,0.0000850255076522957
16717,0.00008002400720216065
7518,0.000025007502250675202
10064,0.024812443733119936
7024,0.0006051815544663399
6570,0.003351005301590477
17279,0.004631389416825047
5000,0.0036310893267980393
11907,0.0016955086525957787
253,0.000010003000900270082
8946,0.11220866259877964
5134,0.0000850255076522957
3769,0.0015854756426928079
8834,0.0006601980594178253
8081,0.0017155146543963188
14981,0.0004451335400620186
7247,0.0004901470441132339
3932,0.0000850255076522957
15087,0.03274982494748425
8833,0.0008952685805741722
9964,0.06669000700210063
10942,0.04684405321596479
15631,0.0009902970891267381
10636,0.000005001500450135041
4657,0.00035010503150945284
993,0.009047714314294289
16204,0.04154746423927178
16894,0.0009652895868760629
8407,0.000040012003601080326
5204,0.00030009002700810244
8624,0.001610483144943483
1447,0.0006802040612183656
9799,0.004116234870461138
9590,0.0010003000900270082
2868,0.000050015004501350405
10020,0.0008202460738221466
11691,0.0012103631089326798
12731,0.01603481044313294
7932,0.004956486946083825
12753,0.0003100930279083725
1208,0.00029008702610783233
1077,0.0001600480144043213
9966,0.007482244673402021
14196,0.02256176853055917
9698,0.0009902970891267381
14691,0.0006601980594178253
2922,0.0003451035310593178
15042,0.00024007202160648193
10959,0.00005501650495148545
1137,0.0006001800540162049
14426,0.008812643793137941
8753,0.0015854756426928079
10308,0.0031059317795338603
16133,0.0008402520756226868
8272,0.002580774232269681
4776,0.00031509452835850753
5612,0.00014004201260378114
12689,0.10641192357707312
1408,0.00015004501350405122
12070,0.0007202160648194458
370,0.0024207262178653596
3967,0.00009002700810243072
16375,0.0020056016805041514
12992,0.0004101230369110733
8480,0.005736721016304892
17438,0.00032509752925877764
34,0.0014154246273882164
1823,0.00007002100630189057
14796,0.005531659497849355
16675,0.0008302490747224168
8000,0.010893267980394118
5316,0.0006301890567170151
11140,0.0001350405121536461
15059,0.0022956887066119835
14039,0.0006501950585175553
12331,0.007502250675202561
15033,0.04963489046714014
2018,0.00014004201260378114
8793,0.000745223567070121
10805,0.03771631489446834
14083,0.0006001800540162049
13612,0.00012503751125337602
7639,0.004926477943383015
11068,0.00023006902070621187
4833,0.00012003601080324097
2385,0.00025507652295688707
11780,0.012498749624887466
7495,0.00020006001800540162
7190,0.000005001500450135041
3094,0.0001350405121536461
4592,0.000865259577873362
9460,0.0003100930279083725
6602,0.0019255776733019907
9477,0.027593277983395018
169,0.0008302490747224168
12674,0.0005501650495148545
15093,0.0001350405121536461
518,0.007242172651795538
10535,0.00123036911073322
8792,0.0005551665499649895
11471,0.0017955386615984795
13272,0.00045513654096228866
337,0.00042512753826147844
13551,0.00020006001800540162
1691,0.07098629588876663
12805,0.0002100630189056717
8613,0.00801740522156647
10735,0.0032709812943883163
12532,0.00045013504051215364
14515,0.0005351605481644493
14157,0.0009952985895768731
11491,0.01715514654396319
12519,0.00048514554366309895
12620,0.0008452535760728218
6705,0.0003601080324097229
16086,0.002975892767830349
2499,0.00043012903871161347
12032,0.009242772831849554
10891,0.0019255776733019907
17068,0.01672001600480144
1974,0.0000850255076522957
12222,0.07326197859357807
3987,0.0017355206561968592
16871,0.0005301590477143143
9031,0.000740222066619986
15036,0.0009002700810243073
9893,0.0339001700510153
17058,0.0018805641692507752
6080,0.000005001500450135041
2371,0.0006601980594178253
12726,0.0003100930279083725
11200,0.0005401620486145844
15882,0.0004951485445633691
7147,0.002445733720116035
1152,0.002550765229568871
10609,0.00047514254276282883
8091,0.0875962788836651
8845,0.0012153646093828149
3643,0.0003401020306091828
7552,0.0001350405121536461
1309,0.0014404321296388916
3572,0.00048514554366309895
1766,0.00027508252475742724
11596,0.011548464539361808
12407,0.08974692407722316
12827,0.0016705011503451036
1127,0.0017905371611483445
13455,0.02151145343603081
6622,0.0066269880964289285
4575,0.00020506151845553665
14778,0.0024157247174152246
8785,0.0009902970891267381
6348,0.02852855856757027
12852,0.03845153546063819
7876,0.010938281484445334
17393,0.0013003901170351106
3773,0.0023006902070621185
15230,0.0026758027408222466
4747,0.0007002100630189057
6253,0.0016354906471941582
8471,0.011633490047014104
5444,0.010953285985795739
10981,0.00045513654096228866
8518,0.003841152345703711
15517,0.00033009902970891267
5864,0.000005001500450135041
4469,0.00043513053916174855
7588,0.05801740522156647
129,0.00007502250675202561
1479,0.002965889766930079
15931,0.004121236370911273
3789,0.0001700510153045914
13902,0.0009102730819245773
5987,0.0007552265679703911
12103,0.0005801740522156647
2867,0.00010003000900270081
14078,0.00045013504051215364
6257,0.0027408222466740024
10616,0.00024507352205661696
16064,0.0020056016805041514
14513,0.000865259577873362
14110,0.1455336600980294
81,0.002840852255676703
14233,0.016334900470141044
12510,0.00006001800540162048
9183,0.036595978793638094
3970,0.0001850555166549965
4120,0.00021506451935580673
4828,0.000020006001800540163
9850,0.02098629588876663
6846,0.0025357607282184657
16217,0.0006001800540162049
2290,0.0011253376012803841
12622,0.0013504051215364609
7216,0.0047764329298789635
7989,0.09200260078023408
13312,0.24338801640492147
7407,0.0001600480144043213
8766,0.00043513053916174855
9224,0.001860558167450235
1979,0.0017055116534960488
14905,0.016119835950785234
9435,0.005926778033410023
17482,0.005281584475342603
11058,0.000985295588676603
3426,0.000025007502250675202
15135,0.029028708612583776
688,0.03296989096729019
11226,0.0006401920576172852
10123,0.0019305791737521257
12611,0.0008252475742722817
4299,0.003956186856056817
12878,0.01584475342602781
16496,0.001605481644493348
13884,0.03185455636691007
8113,0.000010003000900270082
8769,0.00040512153646093827
7129,0.0002600780234070221
8963,0.000050015004501350405
10748,0.0055266579973992196
4010,0.005681704511353406
9353,0.0024407322196658998
10466,0.0005551665499649895
5648,0.0001100330099029709
6786,0.0056216865059517855
1217,0.004196258877663299
390,0.000020006001800540163
1975,0.032649794938481545
9527,0.013103931179353805
7576,0.004001200360108033
8414,0.08015404621386416
14519,0.00048514554366309895
3349,0.00004501350405121536
11769,0.14304291287386217
11712,0.021221366409922976
657,0.00011503451035310594
9078,0.002845853756126838
12065,0.0009752925877763329
2158,0.0016304891467440231
9373,0.0007652295688706612
9403,0.000040012003601080326
7025,0.009047714314294289
12936,0.000730219065719716
7540,0.0009152745823747125
6418,0.0006601980594178253
11122,0.11356907072121636
15255,0.04573872161648494
11922,0.0006601980594178253
7745,0.00005501650495148545
8647,0.0008152445733720116
2910,0.00027508252475742724
15358,0.0005051515454636391
9390,0.01354406321896569
15035,0.04991997599279784
11993,0.00017505251575472642
7553,0.000025007502250675202
1051,0.0009352805841752526
2639,0.00007002100630189057
2676,0.000005001500450135041
838,0.0000850255076522957
12224,0.0005151545463639092
7851,0.029783935180554166
5192,0.000025007502250675202
1786,0.0007552265679703911
6604,0.0016354906471941582
7780,0.0009402820846253876
2809,0.000050015004501350405
13669,0.0010403120936280884
210,0.0006752025607682304
4461,0.0002850855256576973
11577,0.0005301590477143143
3514,0.000050015004501350405
5435,0.00062518755626688
8125,0.0005101530459137741
10833,0.0059817945383615085
16660,0.0011603481044313293
8639,0.1307892367710313
9146,0.00003000900270081024
11397,0.013354006201860558
15784,0.0005301590477143143
12552,0.0003851155346603981
3127,0.000025007502250675202
9417,0.0014154246273882164
4863,0.000005001500450135041
6431,0.000010003000900270082
6287,0.0006101830549164749
9845,0.0014354306291887566
15945,0.0017405221566469942
4767,0.00009502850855256577
5569,0.0006301890567170151
13048,0.0009552865859757927
7574,0.0019505851755526658
5181,0.0008002400720216065
17376,0.0014004201260378114
10213,0.013904171251375413
2765,0.00010003000900270081
11484,0.00026507952385715713
8578,0.0004151245373612084
10543,0.00038011403421026307
6043,0.004181254376312894
16981,0.1176703010903271
5019,0.0002350705211563469
7074,0.000020006001800540163
10001,0.00012503751125337602
7188,0.07508252475742723
521,0.0009352805841752526
5307,0.00017505251575472642
9413,0.00037511253376012804
6685,0.0027308192457737323
2252,0.041217365209562866
5992,0.002585775732719816
13053,0.0010353105931779534
4851,0.000040012003601080326
13330,0.012458737621286386
12634,0.00031509452835850753
384,0.0003901170351105332
11828,0.03552565769730919
9584,0.011358407522256676
7786,0.000730219065719716
1985,0.027928378513554068
1962,0.005661698509552866
3532,0.00010503150945283585
11662,0.00018005401620486145
13647,0.0018655596679003701
15897,0.0014154246273882164
7961,0.002585775732719816
14387,0.0007052115634690407
6660,0.001615484645393618
11693,0.0017155146543963188
13134,0.00014504351305391616
13598,0.0008852655796739022
10501,0.00250075022506752
9883,0.0052415724717415225
5071,0.0002600780234070221
6591,0.00124037211163349
11168,0.022541762528758627
478,0.0006051815544663399
13707,0.000365109532859858
1060,0.0012903871161348405
6597,0.004381314394318296
13440,0.05730219065719716
6092,0.0005951785535660699
8043,0.20570671201360408
11382,0.0007252175652695808
4358,0.000020006001800540163
3567,0.003996198859657897
14025,0.019185755726718014
10127,0.0042362708812643795
12580,0.0005951785535660699
17329,0.000010003000900270082
12243,0.03475042512753826
7915,0.0005601680504151245
15606,0.030079023707112133
9567,0.0006852055616685006
474,0.00007002100630189057
15895,0.001255376612983895
15679,0.056561968590577175
5999,0.0009752925877763329
15440,0.029603881164349304
6657,0.22862858857657298
4447,0.000370111033309993
9343,0.0002100630189056717
807,0.00010503150945283585
889,0.00025507652295688707
9695,0.21614484345303592
13737,0.008887666299889968
17135,0.00029008702610783233
16429,0.01966589976993098
14204,0.0024107232169650896
8659,0.0006702010603180954
9137,0.0073472041612483744
1895,0.0018855656697009102
16112,0.00733219965989797
16661,0.0023807142142642794
6332,0.000010003000900270082
2395,0.0001700510153045914
1144,0.0018955686706011803
15011,0.0009102730819245773
14428,0.0009952985895768731
12457,0.021741522456737022
2760,0.00021506451935580673
9716,0.0003200960288086426
8264,0.00030009002700810244
8295,0.000005001500450135041
6584,0.009767930379113735
14050,0.07983895168550566
7486,0.0031459437831349406
11582,0.0005401620486145844
16198,0.000005001500450135041
1921,0.004176252875862759
12590,0.0009102730819245773
6343,0.0016304891467440231
2925,0.00012003601080324097
16543,0.0013203961188356507
1831,0.000005001500450135041
5087,0.00040512153646093827
15299,0.050810243072921875
8763,0.0009002700810243073
9005,0.0050815244573372016
4684,0.002180654196258878
2230,0.00023006902070621187
6842,0.0012203661098329499
16904,0.0005951785535660699
12834,0.07584275282584775
11334,0.001225367610283085
10630,0.002220666199859958
14476,0.006036811043312994
7263,0.00046013804141242375
10014,0.0003200960288086426
7314,0.007802340702210663
12102,0.00125037511253376
6716,0.00016504951485445633
2183,0.00245073522056617
3557,0.00011503451035310594
13271,0.00033009902970891267
9008,0.01702510753225968
2744,0.00045013504051215364
366,0.0023256977093127937
16466,0.002200660198059418
16735,0.000010003000900270082
7522,0.0017255176552965889
8156,0.000050015004501350405
12288,0.00009002700810243072
7637,0.0004651395418625588
16424,0.00043513053916174855
9725,0.0003451035310593178
10666,0.003596078823647094
16135,0.00045013504051215364
9888,0.009917975392617785
5944,0.04660898269480844
5059,0.000005001500450135041
14468,0.048894668400520154
13471,0.0037311193358007403
1924,0.0002850855256576973
10268,0.00009002700810243072
10343,0.00014504351305391616
10678,0.0013253976192857857
15091,0.001970591177353206
2364,0.004291287386215864
8027,0.001095328598579574
7305,0.03369510853255977
7881,0.04407322196658998
1712,0.0008702610783234971
16467,0.03109932979893968
16239,0.014194258277483244
12389,0.0007252175652695808
6116,0.001095328598579574
7141,0.07537261178353506
8894,0.0006501950585175553
7649,0.0000850255076522957
9715,0.043047914374312296
10669,0.0010803240972291689
7682,0.0003851155346603981
14955,0.013749124737421226
17472,0.00033009902970891267
12151,0.00035010503150945284
11109,0.0013504051215364609
6790,0.005126537961388416
388,0.0009152745823747125
2360,0.00042512753826147844
1710,0.0002850855256576973
8135,0.005056516955086526
14021,0.0971441432429729
14528,0.0014054216264879464
6722,0.00010003000900270081
12013,0.0014104231269380814
13759,0.006792037611283385
10016,0.011888566569970992
8652,0.1012553766129839
13554,0.0007602280684205261
2632,0.000020006001800540163
9397,0.0002950885265579674
10319,0.00022506752025607682
8180,0.004806441932579774
5332,0.00001500450135040512
14400,0.0007002100630189057
12207,0.21107332199659898
1117,0.0021606481944583377
6573,0.009657897369210763
1000,0.0077373211963589076
8873,0.008787636290887265
7406,0.00028008402520756227
1972,0.00021506451935580673
2876,0.00011503451035310594
12961,0.00024007202160648193
13815,0.016179853956186856
7672,0.0004701410423126938
17179,0.05533660098029409
723,0.00025507652295688707
10019,0.0006451935580674203
1245,0.0000850255076522957
3527,0.0006651995598679604
8376,0.000010003000900270082
17422,0.00010503150945283585
6040,0.0013003901170351106
8262,0.0005401620486145844
7412,0.0000850255076522957
6085,0.0010703210963288986
14768,0.0005001500450135041
5312,0.00025007502250675204
10755,0.0009052715814744423
8161,0.0010753225967790336
5565,0.004936480944283285
825,0.0003100930279083725
15323,0.0006601980594178253
10776,0.00038011403421026307
13992,0.0004151245373612084
7904,0.0006301890567170151
10876,0.029888966690007002
9141,0.007327198159447834
2355,0.0012703811143343004
5407,0.0002350705211563469
902,0.005501650495148545
7236,0.0007752325697709313
10214,0.002200660198059418
820,0.0003351005301590477
11642,0.00035010503150945284
9806,0.00734220266079824
10416,0.02982894868460538
209,0.0006401920576172852
12014,0.00033009902970891267
5433,0.00013003901170351105
6652,0.0006852055616685006
7427,0.03372011603481044
11664,0.003245973792137641
11035,0.0004951485445633691
11167,0.011273382014604382
10972,0.03195958787636291
6285,0.00019005701710513153
4417,0.0001700510153045914
469,0.0001700510153045914
12559,0.0031059317795338603
877,0.07780834250275083
5228,0.0004901470441132339
12824,0.0015604681404421327
8417,0.001730519155746724
17551,0.000010003000900270082
247,0.00018005401620486145
3268,0.000025007502250675202
7378,0.00027508252475742724
12858,0.03483044913474042
8261,0.00042512753826147844
9341,0.0017705311593478044
4709,0.0005751725517655296
1392,0.0017655296588976693
4171,0.02374712413724117
7490,0.00033009902970891267
17267,0.00026507952385715713
11806,0.0007752325697709313
16377,0.053486045813744124
8044,0.0005201560468140442
5818,0.0006301890567170151
15570,0.0009902970891267381
9737,0.05297589276783035
1516,0.0003401020306091828
6399,0.00001500450135040512
12644,0.034730419125737724
2390,0.0002200660198059418
15887,0.001100330099029709
4255,0.00016504951485445633
12131,0.06528458537561269
11254,0.003986195858757627
13896,0.015969790937281184
7630,0.00027508252475742724
7965,0.0027958387516254877
12300,0.000370111033309993
11643,0.001850555166549965
15325,0.0017005101530459137
7235,0.23012903871161347
7578,0.0003601080324097229
9290,0.07982394718415525
9080,0.07153646093828149
15095,0.001090327098129439
6879,0.0045113534060218065
1379,0.0001700510153045914
16300,0.00007502250675202561
17433,0.0019405821746523958
8715,0.000010003000900270082
12447,0.0019355806742022608
5910,0.0005401620486145844
2445,0.00012003601080324097
4305,0.033004901470441134
2253,0.008577573271981595
12140,0.00043012903871161347
16407,0.011953586075822746
16254,0.0006401920576172852
4379,0.001105331599479844
13429,0.17335700710213064
2841,0.0000850255076522957
2798,0.00018005401620486145
6128,0.12802840852255676
9585,0.00010003000900270081
16859,0.0007652295688706612
15985,0.0027958387516254877
8671,0.005006501950585176
4589,0.0015554666399919977
13644,0.005386615984795439
4574,0.00020506151845553665
4007,0.00011503451035310594
9410,0.0052415724717415225
7982,0.002090627188156447
5803,0.0006601980594178253
3679,0.0057817345203561065
6712,0.00013003901170351105
4477,0.0008702610783234971
7283,0.002220666199859958
1244,0.0000850255076522957
11031,0.24658397519255776
9608,0.01108332499749925
11752,0.0019405821746523958
2033,0.000025007502250675202
4006,0.005416624987496249
16010,0.0003351005301590477
8432,0.005776733019905972
1761,0.0001700510153045914
2494,0.006927078123437031
1774,0.000035010503150945284
7489,0.016604981494448334
17178,0.0003401020306091828
9306,0.0010003000900270082
2356,0.0017955386615984795
647,0.00015004501350405122
7493,0.00012503751125337602
8885,0.0021706511953586078
7636,0.002920876262878864
8829,0.0014954486345903771
13153,0.0005251575472641792
13556,0.01052815844753426
13418,0.00022506752025607682
13041,0.00035510653195958787
13821,0.00040512153646093827
1273,0.000010003000900270082
8374,0.000010003000900270082
2681,0.000010003000900270082
4925,0.0017005101530459137
8544,0.00062518755626688
2730,0.00005501650495148545
7687,0.0003351005301590477
17092,0.00021506451935580673
11391,0.000005001500450135041
8526,0.0010353105931779534
12272,0.004476342902870861
9784,0.000370111033309993
7929,0.00032509752925877764
6081,0.0018105431629488846
16022,0.001115334600380114
15518,0.0004901470441132339
126,0.002825847754326298
9135,0.0017505251575472643
11885,0.006326898069420826
2466,0.0037511253376012804
12956,0.008322496749024707
12555,0.00030009002700810244
14237,0.0016554966489946985
2075,0.00009502850855256577
12953,0.0002100630189056717
5480,0.00045513654096228866
9750,0.017620286085825748
17462,0.00033009902970891267
423,0.0006852055616685006
9751,0.026793037911373413
14353,0.0012753826147844354
5135,0.00018005401620486145
2609,0.00033009902970891267
1707,0.005171551465439632
83,0.04317795338601581
12126,0.08607582274682404
15745,0.00022506752025607682
16315,0.000005001500450135041
9330,0.000005001500450135041
9050,0.0008252475742722817
6372,0.00040012003601080324
11240,0.003461038311493448
5351,0.004061218365509653
1538,0.0006852055616685006
2651,0.000020006001800540163
5978,0.000035010503150945284
1776,0.000035010503150945284
1793,0.00030009002700810244
295,0.0019355806742022608
9988,0.0010203060918275483
2620,0.00009502850855256577
7673,0.00025007502250675204
1085,0.016414924477343204
13682,0.03807142142642793
1563,0.0007652295688706612
5677,0.000050015004501350405
6897,0.0013203961188356507
9532,0.005261578473542063
4564,0.00014504351305391616
8430,0.00432629788936681
12938,0.00032509752925877764
9292,0.0007602280684205261
14201,0.0019505851755526658
8205,0.0034410323096929077
8675,0.003936180854256277
11047,0.0008302490747224168
17160,0.00003000900270081024
244,0.002100630189056717
5929,0.0001350405121536461
13044,0.0006551965589676903
1549,0.0007652295688706612
9565,0.006141842552765829
10566,0.0019805941782534762
8159,0.0011853556066820047
1475,0.0003451035310593178
9906,0.0004151245373612084
7596,0.009452835850755226
427,0.000025007502250675202
8530,0.0007652295688706612
14561,0.0008202460738221466
14026,0.00035510653195958787
4424,0.0007652295688706612
11842,0.00042512753826147844
12581,0.0006952085625687706
28,0.0016354906471941582
16848,0.0007702310693207962
6806,0.1396518955686706
762,0.08409022706812043
6700,0.0008852655796739022
12679,0.0004201260378113434
11357,0.02543262978893668
1154,0.002180654196258878
2259,0.0003401020306091828
14925,0.0043963188956687
16679,0.00033009902970891267
12974,0.0008752625787736321
10426,0.004801440432129639
6803,0.001620486145843753
11130,0.001470441132339702
3703,0.0016504951485445635
1307,0.0020556166850055017
3147,0.002580774232269681
2764,0.00014504351305391616
16448,0.0030509152745823746
11214,0.028788636590977294
3683,0.013163949184755427
4117,0.007457237171151345
12846,0.0007702310693207962
3513,0.00004501350405121536
11436,0.00007502250675202561
14069,0.03630589176753026
11233,0.0011553466039811943
4611,0.0001600480144043213
10113,0.05372111633490047
10157,0.0032759827948384513
901,0.032244673402020606
2565,0.0001350405121536461
13978,0.0005001500450135041
7287,0.0003951185355606682
16536,0.0005251575472641792
16142,0.0009752925877763329
1759,0.00009502850855256577
241,0.0007502250675202561
5982,0.0017055116534960488
1704,0.00008002400720216065
9029,0.00010503150945283585
12063,0.001610483144943483
95,0.0007252175652695808
60,0.0001700510153045914
7358,0.005856757027108132
1186,0.0000850255076522957
7231,0.0014054216264879464
6297,0.0013253976192857857
12029,0.001860558167450235
770,0.0000850255076522957
5958,0.000050015004501350405
1387,0.00009502850855256577
10903,0.011533460038011404
8152,0.0009552865859757927
12773,0.00048014404321296386
16509,0.0001600480144043213
12947,0.0015154546363909172
9052,0.0019605881764529357
16080,0.0004951485445633691
1172,0.02137141142342703
12509,0.0005301590477143143
1119,0.0004401320396118836
6967,0.03942182654796439
16771,0.00009502850855256577
9719,0.00010503150945283585
13349,0.0030159047714314294
9999,0.00062518755626688
10174,0.039831949584875466
16360,0.0006702010603180954
12336,0.0005501650495148545
4188,0.0000850255076522957
4109,0.005161548464539362
8004,0.0501000300090027
14671,0.00123036911073322
6345,0.0006902070621186356
9873,0.028548564569370813
12642,0.04303290987296189
3298,0.000040012003601080326
11078,0.0005051515454636391
11098,0.0019455836751025308
15307,0.0059917975392617786
106,0.00010003000900270081
2703,0.0005551665499649895
4736,0.013098929678903672
9081,0.03274482344703411
8598,0.00020506151845553665
15925,0.00040512153646093827
7135,0.0034260278083425026
12041,0.0008852655796739022
16423,0.0523407022106632
14358,0.00045013504051215364
3512,0.000745223567070121
11717,0.15377113133940182
15598,0.000010003000900270082
8597,0.0003200960288086426
16275,0.00022506752025607682
15670,0.059372811843553065
2611,0.00025507652295688707
12662,0.0229518855656697
2114,0.06206361908572572
9705,0.000730219065719716
9789,0.04560868260478144
2270,0.003235970791237371
15737,0.0007052115634690407
17529,0.00033009902970891267
4679,0.00014004201260378114
5583,0.0009252775832749825
16502,0.000020006001800540163
2153,0.021136340902270682
14995,0.035405621686505954
9649,0.03685105531659498
16067,0.003981194358307493
4488,0.003606081824547364
13617,0.0002950885265579674
2715,0.00021506451935580673
2688,0.00020006001800540162
10,0.0006301890567170151
145,0.00048014404321296386
13187,0.004496348904671401
9439,0.0012753826147844354
4354,0.007887366209862958
11793,0.0006952085625687706
11381,0.003315994798439532
8983,0.00040512153646093827
11600,0.0016504951485445635
2109,0.005046513954186256
2751,0.00014004201260378114
16192,0.002940882264679404
7222,0.005446633990197059
3985,0.00025007502250675204
701,0.0013003901170351106
5359,0.00001500450135040512
813,0.000005001500450135041
7773,0.0006601980594178253
7515,0.0009252775832749825
9448,0.0030409122736821045
14853,0.018110433129938982
6852,0.013804141242372711
4786,0.00042512753826147844
5845,0.000010003000900270082
7601,0.00014004201260378114
870,0.00033009902970891267
9619,0.017360208062418725
2852,0.00014004201260378114
1310,0.0018905671701510453
9107,0.038651595478643594
14106,0.0019505851755526658
10454,0.0026657997399219765
16615,0.000010003000900270082
12486,0.0005501650495148545
14836,0.0009502850855256577
13800,0.020871261378413525
13957,0.002935880764229269
9947,0.0005951785535660699
10576,0.00013003901170351105
3169,0.000010003000900270082
14159,0.00028008402520756227
546,0.0011253376012803841
10757,0.002235670701210363
10841,0.0010003000900270082
2801,0.000025007502250675202
2865,0.000050015004501350405
15454,0.007162148644593378
725,0.0001700510153045914
9583,0.0007852355706712014
1328,0.0017755326597979394
3443,0.000005001500450135041
3135,0.00007002100630189057
12291,0.00006001800540162048
5781,0.00035510653195958787
4245,0.004576372911873562
16277,0.00001500450135040512
13047,0.0006101830549164749
12853,0.0034510353105931778
10525,0.0010603180954286285
15108,0.000010003000900270082
9438,0.00308592577773332
12839,0.0005201560468140442
5587,0.000020006001800540163
10761,0.0015204561368410523
78,0.0006702010603180954
7206,0.005816745023507052
13150,0.001455436630989297
9262,0.004181254376312894
3102,0.00005501650495148545
9657,0.12245173552065619
13257,0.0019155746724017204
6775,0.0784035210563169
8102,0.0010853255976793039
8861,0.0013253976192857857
6704,0.012993898169450836
10686,0.00003000900270081024
14040,0.0010503150945283585
9384,0.00023006902070621187
6749,0.0011253376012803841
8661,0.1437931379413824
6254,0.01296889066720016
14563,0.0005801740522156647
17448,0.000050015004501350405
1276,0.0000850255076522957
11718,0.16729018705611684
10486,0.00010003000900270081
16712,0.033700110033009906
11038,0.006677003100930279
7739,0.00010503150945283585
7799,0.060748224467340205
11694,0.003586075822746824
3950,0.03637591277383215
1372,0.00016504951485445633
2045,0.000020006001800540163
16088,0.00033009902970891267
3106,0.0003601080324097229
10104,0.00124037211163349
5186,0.00001500450135040512
1010,0.015284585375612683
7114,0.0073472041612483744
957,0.000010003000900270082
4169,0.07612283685105532
8487,0.00016504951485445633
8099,0.0034110233069920975
12728,0.0004401320396118836
3449,0.00015004501350405122
15983,0.00009002700810243072
3105,0.0026407922376713014
15853,0.007072121636490947
8012,0.0027058117435230567
11630,0.000010003000900270082
5526,0.000025007502250675202
14472,0.000005001500450135041
9358,0.010898269480844254
10712,0.005551665499649895
16268,0.000010003000900270082
9875,0.0004701410423126938
5925,0.00006501950585175553
3719,0.06401420426127838
13148,0.00035510653195958787
887,0.001120336100830249
7734,0.002245673702110633
1555,0.00005501650495148545
7288,0.00005501650495148545
4426,0.0004101230369110733
5292,0.00012003601080324097
603,0.01108332499749925
16767,0.000010003000900270082
6738,0.007202160648194458
7917,0.021281384415324598
16374,0.053806141842552765
7226,0.00435630689206762
17553,0.00033009902970891267
1703,0.036620986295888766
4710,0.0009602880864259277
4883,0.013243973191957588
8533,0.0023907172151645495
11438,0.003916174852455737
11328,0.0017805341602480744
4962,0.0003401020306091828
8601,0.004011203361008303
11351,0.00018005401620486145
6268,0.00033009902970891267
2171,0.00020506151845553665
12762,0.0003200960288086426
14586,0.012438731619485846
17407,0.0006301890567170151
9781,0.0005501650495148545
3834,0.2855656697009103
59,0.000020006001800540163
4997,0.007592277683304991
3916,0.00006001800540162048
12530,0.13461038311493448
4009,0.00004501350405121536
2267,0.006176853055916775
16842,0.007817345203561069
2723,0.00003000900270081024
14038,0.00013003901170351105
11445,0.00006501950585175553
12836,0.00017505251575472642
11065,0.015619685905771731
2050,0.01296889066720016
179,0.00007002100630189057
8342,0.00020006001800540162
17328,0.000040012003601080326
10095,0.0016654996498949685
10015,0.0003100930279083725
13089,0.0013804141242372712
8608,0.01786035810743223
15824,0.00012503751125337602
16489,0.0019605881764529357
15634,0.0016504951485445635
12269,0.013934180254076223
8860,0.0030809242772831848
8636,0.0057167150145043515
16070,0.0004101230369110733
7363,0.003836150845253576
17242,0.00003000900270081024
3952,0.004946483945183555
15748,0.002195658697609283
1478,0.00040012003601080324
8863,0.0007002100630189057
17230,0.0012803841152345704
8039,0.01055816745023507
10317,0.003346003801140342
8281,0.00062518755626688
5701,0.0010353105931779534
6315,0.0013103931179353806
15666,0.0006601980594178253
14006,0.005851755526657998
1579,0.0008602580774232269
12713,0.0027008102430729217
6359,0.000010003000900270082
13205,0.056486946083825144
11261,0.005271581474442333
15045,0.0014954486345903771
10592,0.00061518455536661
12050,0.002455736721016305
10384,0.0007652295688706612
15654,0.006121836550965289
12231,0.0010353105931779534
12506,0.02915374612383715
13666,0.00013003901170351105
7992,0.08702610783234971
9965,0.001480444133239972
16001,0.00042512753826147844
10645,0.000010003000900270082
10043,0.014659397819345804
9602,0.05758227468240472
4079,0.0006001800540162049
6274,0.029813944183254976
6557,0.016920076022806842
13404,0.0008552565769730919
6800,0.003996198859657897
5971,0.15817245173552066
9814,0.0057817345203561065
17488,0.0006601980594178253
4246,0.0018705611683505052
7919,0.04365809742922877
4608,0.00023006902070621187
16658,0.0013454036210863258
304,0.00013003901170351105
17089,0.0013854156246874063
15118,0.0005951785535660699
16497,0.0003100930279083725
10880,0.0007952385715714714
8808,0.0016805041512453736
15256,0.06247374212263679
2584,0.0053466039811943585
15885,0.0011303391017305191
12656,0.00027508252475742724
6265,0.013258977693307993
6728,0.0008952685805741722
12897,0.0013954186255876763
8489,0.0010353105931779534
16996,0.00007002100630189057
12478,0.0008752625787736321
15846,0.000040012003601080326
4742,0.03147944383314995
1873,0.00022506752025607682
11962,0.0023256977093127937
6183,0.02426227868360508
12434,0.00025507652295688707
11802,0.0008302490747224168
3289,0.00007502250675202561
9144,0.0006551965589676903
7755,0.00005501650495148545
5347,0.000005001500450135041
10217,0.0012053616084825448
1917,0.0038861658497549266
12079,0.00043012903871161347
10467,0.000005001500450135041
8150,0.00010503150945283585
12588,0.002940882264679404
2207,0.005646694008202461
15992,0.0019105731719515854
7466,0.0010253075922776833
3076,0.000025007502250675202
14603,0.0321296388916675
14876,0.00553666099829949
10049,0.00062518755626688
2901,0.0008952685805741722
119,0.000050015004501350405
4439,0.0001350405121536461
13252,0.03844653396018806
7733,0.011373412023607083
5004,0.0010403120936280884
13570,0.0014154246273882164
16766,0.000020006001800540163
4937,0.0002850855256576973
10520,0.00005501650495148545
12356,0.00554666399919976
7365,0.0026758027408222466
11115,0.0015054516354906472
6192,0.005261578473542063
11641,0.0039711913574072225
5594,0.0771781534460338
17077,0.0014304291287386215
13845,0.0005751725517655296
11267,0.0001600480144043213
9635,0.019230769230769232
8509,0.015974792437731318
9541,0.003290987296188857
11429,0.001975592677803341
2247,0.0024307292187656297
8488,0.005466639991997599
7968,0.09333800140042013
1795,0.0000850255076522957
11282,0.027153145943783135
7154,0.002930879263779134
1178,0.0009352805841752526
11767,0.004261278383515054
13509,0.0003451035310593178
8951,0.0038611583475042515
9041,0.015444633390017006
8503,0.0034860458137441234
12865,0.005676703010903271
6943,0.00012503751125337602
10899,0.00018005401620486145
9668,0.00035010503150945284
7609,0.002465739721916575
11515,0.0003951185355606682
14008,0.010143042912873863
15893,0.0018855656697009102
17510,0.0003351005301590477
9672,0.05979793938181455
12572,0.027038111433430028
1706,0.031519455836751024
1092,0.026517955386615985
15724,0.000050015004501350405
16279,0.000005001500450135041
6446,0.0018705611683505052
12302,0.002455736721016305
3533,0.00014004201260378114
8548,0.0024357307192157647
2560,0.000025007502250675202
536,0.0009252775832749825
1403,0.0006451935580674203
3085,0.00015004501350405122
15367,0.0014204261278383515
9573,0.00028008402520756227
13699,0.00038011403421026307
6146,0.0002100630189056717
77,0.0000850255076522957
8527,0.0016304891467440231
7998,0.0007902370711213364
12228,0.00023006902070621187
2030,0.02120636190857257
2721,0.000025007502250675202
10184,0.006496949084725418
12400,0.00022506752025607682
15070,0.056702010603180954
12,0.0003100930279083725
16600,0.006061818545563669
13102,0.0006551965589676903
13741,0.037701310393117936
6750,0.14109732919875964
11092,0.015694708412523756
7560,0.016049814944483345
3648,0.0055266579973992196
15010,0.002975892767830349
15051,0.0014104231269380814
4446,0.0053366009802940885
8014,0.0016604981494448335
11309,0.0007552265679703911
14779,0.0004701410423126938
127,0.000050015004501350405
14433,0.0008152445733720116
2180,0.001975592677803341
12855,0.006742022606782035
14108,0.13918675602680805
8569,0.00010003000900270081
1597,0.1448184455336601
806,0.00003000900270081024
16084,0.0006501950585175553
6628,0.0008952685805741722
10314,0.004741422426728019
5956,0.0009902970891267381
11569,0.00014504351305391616
7007,0.00010003000900270081
11340,0.003666099829948985
7874,0.0024007202160648195
4325,0.019905971791537462
15734,0.000020006001800540163
11338,0.00022506752025607682
13004,0.0004451335400620186
9320,0.0116184855456637
16557,0.00030009002700810244
8130,0.003841152345703711
1781,0.00040512153646093827
6106,0.00020506151845553665
10626,0.015619685905771731
14798,0.01691007302190657
8685,0.0015004501350405122
7440,0.0020206061818545565
3358,0.0001850555166549965
9744,0.0017155146543963188
11021,0.01727518255476643
11992,0.00030009002700810244
8535,0.0004201260378113434
14525,0.0014504351305391616
9261,0.004621386415924777
10349,0.016449934980494147
2857,0.00045513654096228866
4941,0.00025507652295688707
5129,0.0004201260378113434
7445,0.00011503451035310594
11398,0.002100630189056717
6093,0.0001350405121536461
6998,0.01580474142242673
10042,0.0012953886165849755
4774,0.0009352805841752526
7487,0.024832449734920475
16793,0.01570971291387416
10182,0.007292187656296889
2254,0.01976592977893368
8276,0.0007552265679703911
11005,0.0002600780234070221
6731,0.000035010503150945284
17349,0.0005351605481644493
14099,0.01911073321996599
7902,0.0001850555166549965
4725,0.00013003901170351105
9710,0.0077273181954586375
849,0.0009102730819245773
8571,0.00010503150945283585
12867,0.03853155946784035
10742,0.0002350705211563469
13142,0.0005901770531159348
13819,0.0003951185355606682
1913,0.000010003000900270082
4778,0.00004501350405121536
9385,0.0005901770531159348
12926,0.0013303991197359207
3148,0.000025007502250675202
14931,0.00016504951485445633
12358,0.008857657297189157
11072,0.00013003901170351105
8462,0.000010003000900270082
9557,0.0849704911473442
15400,0.008687606281884565
2234,0.00047514254276282883
15921,0.002560768230469141
16714,0.0007702310693207962
13642,0.005581674502350705
15296,0.012023607082124637
12292,0.003951185355606682
1175,0.000040012003601080326
15028,0.0012053616084825448
1299,0.0037261178353506052
16199,0.0000850255076522957
3444,0.00020006001800540162
10691,0.0019005701710513153
9558,0.00019005701710513153
13824,0.0004951485445633691
13287,0.004221266379913974
13624,0.0015304591377413223
15619,0.0009102730819245773
16705,0.000010003000900270082
4501,0.0031259377813344005
12788,0.025077523256977093
1846,0.0002850855256576973
1875,0.01594478343503051
6344,0.0024257277183154947
788,0.004441332399719916
16330,0.000005001500450135041
11723,0.33050415124537363
12096,0.003976192857857357
11632,0.0006601980594178253
14621,0.0386816044813444
256,0.017300190057017106
7277,0.00047514254276282883
10720,0.005856757027108132
9200,0.00428628588576573
497,0.05752725817745324
15495,0.0035360608182454737
4886,0.00011503451035310594
15962,0.00048014404321296386
708,0.010988296488946683
10511,0.0020156046814044214
16157,0.002125637691307392
15471,0.00024007202160648193
15374,0.000010003000900270082
5286,0.0006501950585175553
4672,0.00010003000900270081
9389,0.007062118635590677
6811,0.037381214364309294
8320,0.00013003901170351105
11145,0.0008852655796739022
15241,0.03201960588176453
505,0.0010753225967790336
14570,0.0009352805841752526
6668,0.00010003000900270081
3365,0.000620186055816745
4156,0.00020006001800540162
9329,0.00001500450135040512
13291,0.0015054516354906472
6255,0.00022506752025607682
259,0.0030009002700810243
4512,0.00012503751125337602
264,0.037891367410223066
9280,0.007292187656296889
16216,0.11970591177353206
9903,0.0011803541062318697
4550,0.0005501650495148545
11834,0.022576773031909574
7156,0.00024007202160648193
7969,0.03944183254976493
16990,0.055591677503250975
10432,0.00030509152745823747
5343,0.000010003000900270082
8830,0.0031509452835850756
7703,0.00017505251575472642
12540,0.0007702310693207962
12142,0.000025007502250675202
11408,0.00023006902070621187
11342,0.0013153946183855156
2029,0.0000850255076522957
12101,0.003686105831749525
4536,0.00031509452835850753
15899,0.00001500450135040512
16481,0.000020006001800540163
3803,0.004476342902870861
6094,0.0008802640792237672
1961,0.00015504651395418625
17015,0.014614384315294588
3839,0.022281684505351604
11578,0.015799739921976592
15166,0.0005151545463639092
16000,0.00014004201260378114
12181,0.0006852055616685006
5301,0.00010503150945283585
9867,0.019390817245173553
7280,0.0015354606381914574
12841,0.027283184955486647
4652,0.00008002400720216065
14842,0.04630889266780034
16218,0.06940082024607382
5123,0.0008002400720216065
3632,0.005271581474442333
9507,0.012153646093828149
5404,0.00013003901170351105
3374,0.00005501650495148545
1316,0.0003451035310593178
16111,0.003581074322296689
2097,0.00022506752025607682
7704,0.008082424727418226
13300,0.2272481744523357
10963,0.0005201560468140442
8768,0.0005651695508652596
2239,0.00028008402520756227
8433,0.0005951785535660699
1768,0.003205961788536561
13069,0.00023006902070621187
13974,0.0008352505751725518
13618,0.002945883765129539
13080,0.001620486145843753
2691,0.0000850255076522957
17018,0.000370111033309993
11447,0.04341302390717215
15618,0.00033009902970891267
3414,0.0003401020306091828
12573,0.004181254376312894
874,0.000730219065719716
13930,0.0034710413123937183
943,0.002180654196258878
14116,0.000025007502250675202
8317,0.00024007202160648193
7736,0.014259277783335
10136,0.0013704111233370012
520,0.0005251575472641792
13129,0.01665999799939982
13827,0.0023657097129138743
17046,0.21426928078423527
10065,0.02542262678803641
14133,0.03216965089526858
480,0.0026257877363208963
11914,0.003596078823647094
13479,0.008377513253976192
12649,0.027393217965389616
15127,0.0555666700010003
9871,0.00017505251575472642
2814,0.00007502250675202561
14942,0.00010503150945283585
8009,0.0016604981494448335
12438,0.00009002700810243072
4138,0.00010503150945283585
5984,0.0002700810243072922
13755,0.11540462138641593
6579,0.006772031609482845
15271,0.042947884365309594
2386,0.0001700510153045914
8367,0.0001950585175552666
13528,0.0035260578173452036
11174,0.11788536560968291
524,0.0001700510153045914
10124,0.009022706812043613
17270,0.0015104531359407822
7456,0.019435830749224767
4816,0.0001700510153045914
9123,0.03147444233269981
5197,0.0010353105931779534
10108,0.005466639991997599
999,0.0014454336300890266
14228,0.08075422626788037
8221,0.004421326397919376
13326,0.00015504651395418625
17120,0.00040512153646093827
10920,0.030584175252575774
11296,0.00020006001800540162
9227,0.007662298689606882
9122,0.025297589276783036
16753,0.00013003901170351105
16352,0.0014304291287386215
9125,0.0013604081224367311
12670,0.0002600780234070221
5418,0.000620186055816745
4478,0.00017505251575472642
12735,0.000040012003601080326
12463,0.004116234870461138
9049,0.000025007502250675202
6482,0.0003951185355606682
10784,0.02702810843252976
138,0.00007502250675202561
6661,0.33144943483044914
8922,0.00035010503150945284
5976,0.009957987396218866
6018,0.0003601080324097229
15124,0.00038011403421026307
7321,0.0002350705211563469
11550,0.0002950885265579674
1313,0.00438631589476843
5230,0.00011503451035310594
12490,0.0005201560468140442
12414,0.018340502150645192
8831,0.001090327098129439
5615,0.00006501950585175553
9720,0.02629288786635991
15508,0.002560768230469141
233,0.0047764329298789635
5501,0.00033009902970891267
4839,0.000010003000900270082
11989,0.0007502250675202561
16117,0.000040012003601080326
764,0.024812443733119936
8891,0.00047514254276282883
4699,0.000020006001800540163
12626,0.0026457937381214364
6949,0.002955886766029809
1903,0.0018105431629488846
1228,0.007497249174752425
14841,0.008262478743623087
13078,0.001455436630989297
11757,0.0005851755526657997
15433,0.0005501650495148545
4352,0.0002950885265579674
3312,0.0014354306291887566
7219,0.006551965589676903
10934,0.07621286385915775
10777,0.00033009902970891267
12718,0.006737021106331899
17269,0.0010503150945283585
1745,0.006221866559967991
869,0.0010103030909272782
5642,0.000005001500450135041
16320,0.000005001500450135041
3214,0.00005501650495148545
7769,0.0009902970891267381
15640,0.0006601980594178253
2108,0.0005451635490647195
10273,0.00030009002700810244
7310,0.07215664699409823
9556,0.002515754726417925
16307,0.000010003000900270082
12828,0.00016504951485445633
16123,0.00003000900270081024
1021,0.008662598779633891
11661,0.11714514354306292
2480,0.00003000900270081024
2053,0.013168950685205561
11543,0.0013854156246874063
8244,0.00043513053916174855
3310,0.0017655296588976693
10437,0.0003200960288086426
9572,0.003456036811043313
11128,0.10841752525757728
13061,0.008987696308892668
6555,0.0001700510153045914
4777,0.00016504951485445633
13168,0.001490447134140242
12468,0.014424327298189456
11305,0.00016504951485445633
13525,0.004021206361908573
17490,0.0016504951485445635
7237,0.20919775932779833
11114,0.0006501950585175553
7800,0.0036410923276983093
4289,0.024317295188556565
8,0.0001600480144043213
11323,0.0010553165949784935
6745,0.0019805941782534762
9713,0.0003351005301590477
3900,0.012008602580774233
2260,0.0002950885265579674
13621,0.0022656797039111733
15825,0.00037511253376012804
3173,0.0005251575472641792
4256,0.004281284385315594
9044,0.0003100930279083725
16033,0.0034710413123937183
14986,0.0008752625787736321
12107,0.012138641592477743
12441,0.002475742722816845
5102,0.000035010503150945284
8966,0.0004901470441132339
15874,0.0005351605481644493
11346,0.008262478743623087
11939,0.004706411923577073
13038,0.00038011403421026307
8452,0.002085625687706312
2182,0.000025007502250675202
6314,0.0031259377813344005
2372,0.002970891267380214
16655,0.02255676703010903
10132,0.0032659797939381813
7012,0.05846253876162849
3187,0.00018005401620486145
14100,0.0011603481044313293
13200,0.0009402820846253876
7498,0.000025007502250675202
11223,0.05222566770031009
4080,0.012263679103731119
15964,0.0013704111233370012
9024,0.00001500450135040512
8584,0.004006201860558167
3167,0.00006501950585175553
15902,0.0003451035310593178
8115,0.0003951185355606682
4593,0.00025507652295688707
16201,0.036190857257177154
12278,0.009542862858857658
465,0.0014204261278383515
10493,0.001090327098129439
16885,0.000035010503150945284
1246,0.0001700510153045914
4928,0.0022956887066119835
14514,0.0037311193358007403
8243,0.005806742022606782
11060,0.0004401320396118836
16695,0.00014504351305391616
5937,0.000010003000900270082
15627,0.00033009902970891267
17195,0.000050015004501350405
1730,0.002835850755226568
13847,0.0061518455536660995
4155,0.00928778633590077
1107,0.001620486145843753
9701,0.0025407622286686008
8107,0.00014504351305391616
6019,0.0006651995598679604
14959,0.0011503451035310593
16313,0.000020006001800540163
16132,0.00035010503150945284
16130,0.0006802040612183656
15049,0.0015004501350405122
4931,0.0012753826147844354
12455,0.004896468940682205
9523,0.0003100930279083725
4743,0.0005601680504151245
11576,0.0019205761728518555
1989,0.005281584475342603
10460,0.0014154246273882164
15838,0.0014954486345903771
13423,0.008292487746323898
16333,0.000010003000900270082
607,0.010913273982194658
15637,0.005941782534760428
9730,0.0016905071521456437
7510,0.0008252475742722817
10232,0.09615384615384616
16681,0.00062518755626688
12977,0.00037511253376012804
8576,0.00035510653195958787
5088,0.0001950585175552666
11690,0.00010003000900270081
16021,0.000025007502250675202
3366,0.00010503150945283585
1417,0.006121836550965289
10445,0.06728018405521656
6324,0.002235670701210363
5608,0.001480444133239972
16983,0.05698209462838852
7112,0.0026858057417225166
13294,0.00046013804141242375
5408,0.011363409022706812
5687,0.0001600480144043213
8674,0.0026507952385715714
11166,0.14287286185855758
5621,0.0010603180954286285
15859,0.0020006001800540163
6663,0.38130439131739524
3581,0.0006451935580674203
5610,0.0005351605481644493
12037,0.0007852355706712014
9631,0.000730219065719716
9299,0.06360408122436731
1900,0.002475742722816845
408,0.00024507352205661696
16095,0.168555566670001
3592,0.0023807142142642794
5024,0.00047514254276282883
314,0.0004401320396118836
15870,0.00030009002700810244
12160,0.0001600480144043213
10804,0.00033009902970891267
15624,0.00033009902970891267
10081,0.04954486345903771
13779,0.0014004201260378114
17040,0.00004501350405121536
6876,0.00005501650495148545
582,0.00009002700810243072
11129,0.021136340902270682
11288,0.012228668600580174
12164,0.0018705611683505052
1183,0.0018655596679003701
1915,0.00014504351305391616
15840,0.004106231869560868
8448,0.013819145743723118
3422,0.00004501350405121536
5065,0.00028008402520756227
5597,0.00040012003601080324
4260,0.001620486145843753
14960,0.001480444133239972
10861,0.001610483144943483
12350,0.014329298789636891
13260,0.010838251475442633
9367,0.0015104531359407822
2415,0.000050015004501350405
8822,0.0014104231269380814
13605,0.002230669200760228
15004,0.09215264579373812
5109,0.0008202460738221466
5773,0.000005001500450135041
9165,0.0013253976192857857
12408,0.29494348304491347
682,0.14479843953185956
12757,0.06932579773932179
12467,0.0009202760828248475
1019,0.0013203961188356507
12583,0.0001700510153045914
14594,0.0009002700810243073
8680,0.00012503751125337602
7421,0.00018005401620486145
9962,0.006296889066720016
758,0.010013003901170351
5030,0.0000850255076522957
5860,0.00007002100630189057
9257,0.005856757027108132
10011,0.007492247674302291
14607,0.000365109532859858
7963,0.00048014404321296386
13255,0.0013504051215364609
13734,0.0043112933880164045
9217,0.00979293788136441
9339,0.01535960788236471
12395,0.0010103030909272782
11735,0.037596278883665096
12954,0.0005801740522156647
12995,0.0009752925877763329
9697,0.00031509452835850753
6718,0.003686105831749525
8049,0.001095328598579574
14160,0.12027108132439732
8087,0.0005401620486145844
4306,0.00001500450135040512
1126,0.001840552165649695
10589,0.00021506451935580673
14420,0.000370111033309993
15789,0.00013003901170351105
1185,0.0003401020306091828
12778,0.005696709012703811
5331,0.00008002400720216065
3324,0.002210663198959688
4257,0.013774132239671902
8737,0.0005401620486145844
16518,0.0006651995598679604
6397,0.000005001500450135041
10050,0.0012203661098329499
6103,0.0007852355706712014
845,0.0007752325697709313
4598,0.00025507652295688707
717,0.0029008702610783233
14673,0.0005901770531159348
11239,0.0002850855256576973
16608,0.000050015004501350405
16807,0.002845853756126838
13421,0.001860558167450235
13288,0.36046814044213266
997,0.00040012003601080324
6326,0.0013704111233370012
11750,0.19163248974692407
6483,0.00033009902970891267
2701,0.005221566469940982
7612,0.0035010503150945285
3797,0.0001700510153045914
13608,0.0015704711413424028
16474,0.0007102130639191757
15842,0.01360408122436731
7379,0.000740222066619986
13823,0.0005051515454636391
9147,0.011693508052415725
9754,0.00047514254276282883
16724,0.000010003000900270082
9124,0.000050015004501350405
9422,0.0005651695508652596
14923,0.0003401020306091828
13159,0.001235370611183355
13658,0.0017455236570971292
10072,0.01413924177253176
17474,0.003300990297089127
13029,0.00061518455536661
11845,0.03903671101330399
2818,0.0005651695508652596
3172,0.00030509152745823747
1374,0.0005401620486145844
15204,0.002930879263779134
7555,0.000010003000900270082
530,0.0005201560468140442
10529,0.00013003901170351105
5911,0.00035510653195958787
15032,0.0008602580774232269
1797,0.0000850255076522957
11629,0.0016855056516955087
3181,0.00001500450135040512
3445,0.00024007202160648193
3529,0.0002200660198059418
10622,0.0006601980594178253
17,0.00009502850855256577
6250,0.0007102130639191757
10203,0.0016855056516955087
1847,0.0001950585175552666
9847,0.0000850255076522957
15399,0.00003000900270081024
16734,0.000010003000900270082
6845,0.0002100630189056717
7107,0.0026407922376713014
14966,0.0015054516354906472
17447,0.000020006001800540163
8274,0.0007802340702210664
9822,0.00863258977693308
3822,0.000745223567070121
3806,0.002950885265579674
16598,0.004421326397919376
5420,0.007637291187356207
8781,0.0023106932079623886
16065,0.0010103030909272782
2582,0.00030509152745823747
7980,0.03498549564869461
15810,0.010048014404321296
9592,0.0001600480144043213
5048,0.000005001500450135041
2875,0.0005201560468140442
153,0.0022906872061618485
4728,0.012183655096528958
11893,0.0005951785535660699
11385,0.004556366910073022
16425,0.0018955686706011803
1116,0.00040512153646093827
6240,0.030319095728718614
7331,0.00492147644293288
6619,0.00043012903871161347
7160,0.07639791937581275
16523,0.003821146343903171
15055,0.0002850855256576973
4104,0.00032509752925877764
9414,0.0016755026507952386
11589,0.03177453235970791
9065,0.002075622686806042
3368,0.00007502250675202561
6624,0.0004451335400620186
14757,0.022221666499949985
15922,0.0007952385715714714
6848,0.0006551965589676903
14520,0.0007552265679703911
7161,0.0003200960288086426
13264,0.006421926577973392
5002,0.0000850255076522957
10475,0.0005201560468140442
10026,0.010753225967790337
7273,0.0015754726417925378
13319,0.002180654196258878
10425,0.0010153045913774133
4797,0.0025357607282184657
13203,0.17517255176552965
17502,0.000010003000900270082
5897,0.0013854156246874063
10318,0.0009002700810243073
513,0.0004951485445633691
10282,0.000010003000900270082
12221,0.00006501950585175553
9817,0.1970041012303691
8435,0.0035460638191457438
3166,0.0003351005301590477
14600,0.07303190957287187
10783,0.028548564569370813
11415,0.00007502250675202561
5125,0.0010453135940782234
13145,0.0009002700810243073
9945,0.004241272381714514
9771,0.00033009902970891267
9684,0.0013354006201860558
9535,0.07526257877363209
10044,0.0031659497849354807
6107,0.0003200960288086426
5609,0.0001350405121536461
14364,0.0015554666399919977
1472,0.0026357907372211663
16272,0.000005001500450135041
726,0.0005651695508652596
5115,0.000010003000900270082
11003,0.008647594278283485
9663,0.000025007502250675202
11498,0.0003901170351105332
6384,0.0022906872061618485
5062,0.0005301590477143143
13498,0.002560768230469141
4840,0.000025007502250675202
11858,0.013889166750025007
15787,0.0010353105931779534
3582,0.0019855956787036113
4308,0.00007002100630189057
1949,0.00015004501350405122
12988,0.00030009002700810244
12697,0.0012853856156847055
9909,0.002875862758827648
9936,0.001120336100830249
8341,0.015554666399919976
13425,0.00018005401620486145
9071,0.0005951785535660699
15867,0.000620186055816745
42,0.0009102730819245773
9504,0.026112833850155046
17300,0.000010003000900270082
16839,0.002590777233169951
6327,0.0011303391017305191
16877,0.0008402520756226868
11426,0.029623887166149845
8467,0.00047514254276282883
9804,0.06902070621186356
5613,0.00010503150945283585
3750,0.00871261378413524
3150,0.004801440432129639
11045,0.006566970091027308
15919,0.0020306091827548265
12781,0.006441932579773932
8409,0.0005401620486145844
12208,0.0005051515454636391
6124,0.004181254376312894
2483,0.004791437431229369
2309,0.004476342902870861
12121,0.0016504951485445635
16693,0.000020006001800540163
14601,0.062518755626688
1822,0.0002350705211563469
12211,0.0010203060918275483
159,0.019950985295588676
11104,0.00251075322596779
1923,0.0004651395418625588
2477,0.008522556767030108
10393,0.0005251575472641792
12215,0.00009502850855256577
11533,0.00008002400720216065
2816,0.003976192857857357
17288,0.0001700510153045914
9525,0.015784735420626188
7718,0.034325297589276785
8804,0.009657897369210763
1830,0.000040012003601080326
6169,0.001975592677803341
17109,0.016880064019205762
2066,0.0001700510153045914
6228,0.0008702610783234971
10555,0.016204861458437532
8070,0.0008402520756226868
2786,0.004601380414124237
7200,0.03960188056416925
12267,0.00033009902970891267
9727,0.00030509152745823747
7562,0.0008302490747224168
17185,0.004221266379913974
16820,0.0002700810243072922
7918,0.0006802040612183656
16596,0.0026307892367710313
11160,0.005921776532959888
1350,0.0033710113033910173
12732,0.0001600480144043213
13803,0.03944683405021506
4858,0.00018005401620486145
14086,0.0003601080324097229
4803,0.00012503751125337602
10017,0.001120336100830249
12807,0.04851955586676003
1450,0.0008502550765229569
867,0.08249474842452736
11933,0.0018705611683505052
3437,0.00015004501350405122
7217,0.0062568770631189355
73,0.023672101630489148
8365,0.0008552565769730919
7006,0.00033009902970891267
4548,0.00028008402520756227
8141,0.003596078823647094
13590,0.023712113634090228
14855,0.01523957187156147
14018,0.0927928378513554
16327,0.00015004501350405122
16149,0.0007002100630189057
7475,0.0003451035310593178
6678,0.005401620486145843
947,0.0005651695508652596
9881,0.005326597979393818
15019,0.00033009902970891267
12115,0.09676903070921276
6413,0.014969490847254177
13331,0.0002100630189056717
12399,0.27659797939381814
13450,0.009457837351205362
15244,0.000370111033309993
13504,0.008547564269280784
12352,0.007232169650895268
3584,0.0019855956787036113
7537,0.0010253075922776833
6109,0.005291587476242873
3633,0.09983995198559568
6869,0.000005001500450135041
15181,0.00033009902970891267
8037,0.0028108432529758928
671,0.014799439831949585
9113,0.0005151545463639092
5815,0.0006501950585175553
16477,0.0009552865859757927
17444,0.0020456136841052316
16229,0.0013203961188356507
7470,0.00030509152745823747
16331,0.000985295588676603
11879,0.0021556466940082022
7418,0.00019005701710513153
8469,0.0008202460738221466
13320,0.0005151545463639092
14851,0.01903070921276383
5218,0.00003000900270081024
13601,0.0023657097129138743
10270,0.00012503751125337602
8242,0.007142142642792838
1028,0.00033009902970891267
10131,0.0011653496048814643
7521,0.00010003000900270081
882,0.004916474942482745
10821,0.0008102430729218765
7157,0.00038011403421026307
6612,0.0030609182754826447
1259,0.0011903571071321397
8072,0.07722316695008502
12261,0.06301390417125137
2188,0.00025007502250675204
347,0.00010503150945283585
10148,0.03839151745523657
14622,0.0013554066219865959
15661,0.02990897269180754
14071,0.0002350705211563469
10441,0.0013754126237871362
16357,0.0006501950585175553
9505,0.0001700510153045914
6702,0.004491347404221266
3534,0.000050015004501350405
11189,0.0018005401620486145
905,0.005726718015404622
16329,0.00248074422326698
13906,0.00027508252475742724
11202,0.01092327698309493
13194,0.0004101230369110733
5793,0.00033009902970891267
7462,0.002145643693107932
611,0.0003200960288086426
805,0.000010003000900270082
6549,0.016614984495348605
1939,0.0009202760828248475
6053,0.0035260578173452036
1468,0.05498649594878464
11175,0.05124037211163349
10452,0.0875112533760128
11977,0.009617885365609683
1907,0.00011503451035310594
8871,0.0011703511053315994
294,0.0028108432529758928
377,0.0001700510153045914
659,0.0008552565769730919
16984,0.1183855156546964
5510,0.0017605281584475343
436,0.18301990597179155
12323,0.005301590477143143
4533,0.0009352805841752526
2251,0.00001500450135040512
9314,0.015014504351305392
12370,0.00031509452835850753
6211,0.00035510653195958787
11186,0.0013804141242372712
11120,0.013143943182954887
5524,0.0001600480144043213
8616,0.0005251575472641792
7516,0.000025007502250675202
16077,0.026407922376713015
16028,0.0008452535760728218
10151,0.0802740822246674
3819,0.05377113133940182
7921,0.0003401020306091828
6029,0.0009802940882264678
4403,0.0009352805841752526
4335,0.006241872561768531
1191,0.0006802040612183656
4756,0.00046013804141242375
10481,0.00032509752925877764
9285,0.0038961688506551967
13584,0.0003951185355606682
6052,0.12935380614184255
305,0.00014504351305391616
13394,0.002075622686806042
9083,0.0005501650495148545
11258,0.00014504351305391616
6656,0.13257477243172952
1120,0.00048514554366309895
8738,0.15192057617285185
12592,0.09664899469840953
3546,0.00017505251575472642
7370,0.0003951185355606682
1423,0.001480444133239972
4153,0.007757327198159448
14611,0.00043513053916174855
5519,0.0006852055616685006
8852,0.001610483144943483
14354,0.000365109532859858
12260,0.005496648994698409
1483,0.0841702510753226
6423,0.006591977593277984
9457,0.00009002700810243072
9987,0.0037661298389516855
11513,0.00014004201260378114
11488,0.017685305591677504
5908,0.0022606782034610383
3458,0.00006001800540162048
6201,0.000020006001800540163
161,0.020011003300990298
8408,0.00035010503150945284
5290,0.0002950885265579674
1224,0.0005951785535660699
12617,0.0006051815544663399
10428,0.008112433730119035
8580,0.0008252475742722817
15736,0.000005001500450135041
11291,0.005456636991097329
6316,0.010143042912873863
4095,0.008657597279183755
7323,0.003621086325897769
36,0.00030509152745823747
13599,0.0005501650495148545
2400,0.0000850255076522957
11086,0.00123036911073322
6479,0.00004501350405121536
12551,0.0017905371611483445
14150,0.0013504051215364609
14242,0.0006351905571671502
453,0.004886465939781935
1839,0.006967090127038111
8564,0.003556066820046014
13938,0.000005001500450135041
9972,0.004491347404221266
2564,0.000025007502250675202
9085,0.01433930179053716
11117,0.0017155146543963188
7104,0.00010503150945283585
2799,0.0007652295688706612
12384,0.0006101830549164749
9360,0.0005901770531159348
6084,0.0016604981494448335
8413,0.013479043713113934
1482,0.00026507952385715713
2287,0.00025007502250675204
2776,0.00019005701710513153
2537,0.000025007502250675202
8567,0.0015154546363909172
6299,0.008382514754426328
6651,0.002475742722816845
5401,0.004086225867760328
6867,0.000010003000900270082
13702,0.00048514554366309895
4952,0.0005101530459137741
6552,0.020651195358607582
11265,0.009497849354806442
12088,0.002815844753426028
17146,0.0018655596679003701
9490,0.00012503751125337602
16162,0.056912073622086626
9138,0.0010503150945283585
7847,0.004291287386215864
13079,0.0001950585175552666
237,0.0008152445733720116
9537,0.023076923076923078
12797,0.0000850255076522957
8218,0.0022606782034610383
12755,0.008482544763429028
14793,0.004856456937081124
4987,0.0017505251575472643
1263,0.0017005101530459137
9818,0.006977093127938381
6184,0.023697109132739824
888,0.0003401020306091828
14139,0.026052815844753427
6001,0.0015154546363909172
16881,0.00023006902070621187
5112,0.000005001500450135041
260,0.018845653696108834
11004,0.0007552265679703911
6795,0.0032609782934880462
6771,0.00025007502250675204
17231,0.0009352805841752526
1490,0.006421926577973392
8090,0.0001600480144043213
12817,0.00043513053916174855
6880,0.0012053616084825448
5600,0.087111133340002
2902,0.0005001500450135041
10771,0.0005151545463639092
13826,0.00011503451035310594
6719,0.00020506151845553665
13898,0.03089926978093428
6090,0.0009202760828248475
9736,0.00018005401620486145
4111,0.008667600280084025
13912,0.001225367610283085
11360,0.021646493948184454
7979,0.0024357307192157647
16605,0.001970591177353206
9797,0.012368710613183955
11681,0.0011253376012803841
667,0.002955886766029809
10423,0.0015404621386415924
4591,0.003601080324097229
16002,0.0032659797939381813
12517,0.0008102430729218765
16601,0.00003000900270081024
1756,0.00025007502250675204
2878,0.0013954186255876763
10165,0.0006101830549164749
3132,0.000040012003601080326
9739,0.04625887766329899
8741,0.16850555166549966
1609,0.017690307092127638
7015,0.012428728618585575
8306,0.0002950885265579674
9077,0.05481644493348004
13231,0.00013003901170351105
5232,0.00015004501350405122
8609,0.0010153045913774133
17263,0.0013754126237871362
155,0.0017355206561968592
9402,0.014389316795038512
13532,0.0005201560468140442
9361,0.008742622786836051
9148,0.0071871561468440535
6955,0.0037361208362508753
12545,0.006231869560868261
10436,0.00003000900270081024
7513,0.00007502250675202561
7227,0.00804741422426728
3652,0.0006802040612183656
8089,0.005191557467240172
13032,0.0006952085625687706
15301,0.001120336100830249
10183,0.00920776232869861
6323,0.002955886766029809
9940,0.0000850255076522957
11294,0.0007202160648194458
10492,0.004676402920876263
364,0.002570771231369411
10639,0.000020006001800540163
11344,0.006576973091927578
12018,0.00026507952385715713
649,0.00042512753826147844
7916,0.0447334200260078
11968,0.00033009902970891267
13021,0.1151145343603081
17280,0.0016404921476442932
618,0.0018705611683505052
3936,0.002445733720116035
2753,0.003821146343903171
16303,0.000005001500450135041
8643,0.008892667800340101
11786,0.006466940082024608
7246,0.018610583174952487
7944,0.003706111833550065
4303,0.0001700510153045914
17188,0.00006001800540162048
118,0.00045013504051215364
4700,0.000025007502250675202
196,0.0004651395418625588
13630,0.0001100330099029709
4665,0.00015004501350405122
7796,0.0015204561368410523
9642,0.0023807142142642794
5423,0.007837351205361609
14405,0.0006601980594178253
13976,0.0009002700810243073
10912,0.0003951185355606682
17549,0.0009902970891267381
57,0.00032509752925877764
4350,0.00791737521256377
13448,0.09223767130139042
174,0.0001700510153045914
12639,0.00246073822146644
12738,0.0026708012403721115
422,0.0005501650495148545
17054,0.20762728818645593
7981,0.09341802540762228
11169,0.11842052615784736
11034,0.24756426928078423
17273,0.000020006001800540163
9616,0.01739521856556967
12082,0.0003100930279083725
6980,0.00033009902970891267
352,0.03082924877463239
2501,0.00003000900270081024
8167,0.002910873261978594
5528,0.00017505251575472642
4798,0.00015504651395418625
7928,0.023717115134540362
263,0.043813143943182954
6774,0.0003200960288086426
11325,0.0003601080324097229
13020,0.0018005401620486145
16533,0.0005201560468140442
6686,0.008947684305291588
16169,0.002600780234070221
10255,0.0023757127138141444
693,0.0057917375212563765
1353,0.00011503451035310594
2362,0.003300990297089127
2642,0.000025007502250675202
3435,0.00007502250675202561
2228,0.004626387916374913
1326,0.0032609782934880462
14714,0.00009002700810243072
3963,0.0008102430729218765
6394,0.0014954486345903771
10746,0.0012753826147844354
16205,0.0003200960288086426
6388,0.0005851755526657997
10178,0.21851055316594978
1241,0.0003401020306091828
9143,0.015814744423326997
3690,0.001255376612983895
13637,0.0007952385715714714
14152,0.0008302490747224168
5142,0.000035010503150945284
14983,0.00018005401620486145
7325,0.0005001500450135041
13253,0.0006101830549164749
16381,0.0035110533159947986
13841,0.06184855456636991
16857,0.0003601080324097229
16378,0.0014504351305391616
10142,0.08336000800240072
5172,0.000005001500450135041
12177,0.0013504051215364609
13058,0.007242172651795538
17385,0.0003200960288086426
7888,0.00367110133039912
5604,0.07619785935780735
10558,0.0006702010603180954
16367,0.0017955386615984795
7468,0.2068220466139842
6021,0.0016504951485445635
11289,0.011448434530359108
15240,0.05393618085425628
184,0.002475742722816845
16119,0.0016604981494448335
13784,0.0005551665499649895
203,0.0003851155346603981
11864,0.00026507952385715713
84,0.0074222266680004
10722,0.0003951185355606682
10752,0.0005551665499649895
6627,0.0005051515454636391
5064,0.00010003000900270081
7584,0.0009802940882264678
14937,0.0014004201260378114
7958,0.006481944583375012
15472,0.002565769730919276
15998,0.00184555366609983
4955,0.0000850255076522957
16836,0.20806241872561768
10484,0.00014004201260378114
13478,0.011643493047914375
16558,0.0003401020306091828
14674,0.00020006001800540162
12066,0.037951385415624685
11217,0.08098429528858657
6363,0.0008252475742722817
5488,0.000040012003601080326
15102,0.00003000900270081024
16203,0.004216264879463839
1388,0.0006001800540162049
2167,0.00009002700810243072
17121,0.00061518455536661
15319,0.002835850755226568
10813,0.004496348904671401
7303,0.0017605281584475343
6337,0.000005001500450135041
11295,0.00035510653195958787
16666,0.0001100330099029709
8610,0.0015904771431429429
11812,0.01372411723517055
6610,0.0004451335400620186
7240,0.019510853255976793
4770,0.00012503751125337602
13521,0.13120936280884266
91,0.00007502250675202561
15476,0.00003000900270081024
10125,0.011008302490747223
3188,0.000020006001800540163
4312,0.004581374412323697
11716,0.00030009002700810244
4610,0.00016504951485445633
8266,0.00436630989296789
10741,0.00045013504051215364
4008,0.010798239471841553
9688,0.005386615984795439
11784,0.009042712813844153
13725,0.0741222366710013
7252,0.03515054516354906
13894,0.0004951485445633691
8079,0.0032659797939381813
15629,0.002970891267380214
5131,0.001225367610283085
1242,0.00025507652295688707
7419,0.03323497049114735
1257,0.0012753826147844354
12161,0.0001350405121536461
17344,0.0007502250675202561
2900,0.0005851755526657997
226,0.0007202160648194458
5535,0.000050015004501350405
17450,0.000005001500450135041
17358,0.000005001500450135041
12895,0.022211663499049714
336,0.0000850255076522957
16595,0.00033009902970891267
9498,0.0008752625787736321
13708,0.0012703811143343004
7716,0.0009202760828248475
9076,0.012658797639291787
16461,0.002205661698509553
17419,0.00033009902970891267
5198,0.00061518455536661
15017,0.001455436630989297
5855,0.00009002700810243072
1648,0.0001700510153045914
6154,0.0055066519955986794
3587,0.0013754126237871362
2709,0.002950885265579674
5052,0.00007502250675202561
15811,0.005826748024407322
13979,0.0007052115634690407
12175,0.0002700810243072922
15726,0.000010003000900270082
12752,0.0001600480144043213
7898,0.0013303991197359207
6338,0.00038011403421026307
733,0.08559567870361108
16887,0.0034760428128438534
9516,0.02116634990497149
10153,0.008422526758027408
6131,0.06299389816945083
13703,0.00030009002700810244
8022,0.002600780234070221
7461,0.2126187856356907
16062,0.012558767630289087
6956,0.000025007502250675202
13169,0.002605781734520356
5409,0.00014504351305391616
9246,0.011098329498849655
4401,0.0007652295688706612
4748,0.0023206962088626586
13340,0.0018105431629488846
8165,0.0007802340702210664
11143,0.0013153946183855156
9084,0.00033009902970891267
1517,0.00026507952385715713
13157,0.0016955086525957787
14726,0.007597279183755127
8178,0.01566970091027308
5614,0.0005001500450135041
10099,0.0009352805841752526
3908,0.006291887566269881
15465,0.006576973091927578
1828,0.0001700510153045914
14022,0.0035460638191457438
6421,0.00805741722516755
7657,0.023927178153446034
14243,0.00033009902970891267
17343,0.0018555566670001
532,0.0005251575472641792
12326,0.020236070821246375
17520,0.003300990297089127
11358,0.056236871061318396
1500,0.000005001500450135041
6917,0.00007502250675202561
627,0.002125637691307392
7128,0.0031709512853856157
11963,0.00033009902970891267
6002,0.0007752325697709313
12719,0.00803741122336701
15219,0.0009552865859757927
6583,0.0026557967390217064
2616,0.00018005401620486145
12460,0.00047514254276282883
15160,0.0004951485445633691
4692,0.00006501950585175553
8434,0.0007802340702210664
16159,0.029463839151745524
9277,0.0014304291287386215
6937,0.000005001500450135041
15843,0.001225367610283085
15569,0.00033009902970891267
8145,0.0064569370811243375
7694,0.012573772131639491
17272,0.0010353105931779534
6336,0.037621286385915775
15141,0.003185955786736021
8784,0.0026407922376713014
11695,0.0022956887066119835
1773,0.012583775132539762
1363,0.003921176352905871
17530,0.0006601980594178253
17023,0.0003451035310593178
4119,0.007827348204461338
12461,0.005746724017205162
12951,0.0005951785535660699
15568,0.0013153946183855156
1125,0.0007052115634690407
1352,0.0001950585175552666
8316,0.007902370711213365
5162,0.00031509452835850753
1427,0.0013504051215364609
223,0.0012753826147844354
13632,0.02268180454136241
6024,0.00007002100630189057
15149,0.00001500450135040512
12375,0.0007502250675202561
5355,0.00017505251575472642
8168,0.000035010503150945284
11439,0.004166249874962489
13220,0.0006101830549164749
1551,0.004051215364609383
16849,0.014004201260378114
6708,0.00024007202160648193
1098,0.021136340902270682
12357,0.005296588976693008
10358,0.0009602880864259277
680,0.0015704711413424028
15076,0.000005001500450135041
9098,0.01247374212263679
15136,0.0009902970891267381
8154,0.002820846253876163
5194,0.0006451935580674203
4568,0.0004701410423126938
12553,0.0006752025607682304
8442,0.0026758027408222466
15295,0.009712913874162248
9203,0.003290987296188857
6485,0.0003851155346603981
9376,0.006927078123437031
195,0.0008152445733720116
7856,0.058837651295388614
12690,0.002560768230469141
1004,0.00025507652295688707
10112,0.008822646794038212
7650,0.002550765229568871
6495,0.0003401020306091828
6307,0.00009502850855256577
11257,0.003336000800240072
562,0.004101230369110733
1148,0.0025257577273181953
15828,0.000010003000900270082
7949,0.005231569470841252
5620,0.08870661198359509
12950,0.008352505751725518
10828,0.03832149644893468
13688,0.0002600780234070221
10120,0.0010453135940782234
1719,0.00047514254276282883
14060,0.0005501650495148545
8418,0.00005501650495148545
14912,0.02446233870161048
15739,0.00020506151845553665
8299,0.0031659497849354807
15574,0.00005501650495148545
7082,0.1366960088026408
13357,0.00012503751125337602
11396,0.004011203361008303
17508,0.01353406021806542
6859,0.07345203561068321
6214,0.0007552265679703911
1167,0.005181554466339902
9856,0.0007502250675202561
12787,0.034165249574872464
15429,0.030014004201260377
6740,0.0003951185355606682
8036,0.00001500450135040512
15839,0.009472841852555767
16107,0.06208862658797639
16856,0.0002100630189056717
6468,0.0015504651395418627
11313,0.0015854756426928079
11412,0.00035510653195958787
4103,0.0002100630189056717
12111,0.002095628688606582
11020,0.00014504351305391616
1672,0.0006651995598679604
16440,0.059697909372811844
2302,0.00024007202160648193
9839,0.00024507352205661696
14787,0.002085625687706312
1195,0.0000850255076522957
15062,0.002100630189056717
16590,0.00006501950585175553
1820,0.00005501650495148545
7127,0.00035510653195958787
15237,0.00048514554366309895
8461,0.0015504651395418627
7752,0.0636741022306692
5700,0.0012803841152345704
1973,0.00006501950585175553
8273,0.0001850555166549965
6298,0.007837351205361609
7742,0.0007902370711213364
6190,0.0001100330099029709
16520,0.002560768230469141
2803,0.00009002700810243072
9186,0.004771431429428829
8026,0.016259877963389017
11138,0.0008452535760728218
280,0.011803541062318696
6317,0.0008152445733720116
15000,0.00021506451935580673
7304,0.022376713013904172
17173,0.00038011403421026307
12570,0.00018005401620486145
16417,0.0003200960288086426
471,0.0001700510153045914
17133,0.002245673702110633
7542,0.0003351005301590477
6171,0.023166950085025506
14094,0.07581274382314694
4943,0.0005101530459137741
15395,0.001235370611183355
6242,0.00035510653195958787
2334,0.005016504951485446
9786,0.0007202160648194458
13033,0.0006702010603180954
17166,0.012398719615884766
1722,0.0000850255076522957
4621,0.0003200960288086426
5842,0.00004501350405121536
12496,0.0004101230369110733
5541,0.000025007502250675202
15940,0.000005001500450135041
10787,0.0002100630189056717
11490,0.0017455236570971292
14161,0.000005001500450135041
589,0.01466439931979594
808,0.00009002700810243072
8560,0.006862058617585275
15398,0.03471541462438732
14846,0.00022506752025607682
898,0.025522656797039113
9543,0.00037511253376012804
8183,0.002495748724617385
8599,0.0010703210963288986
8795,0.00035010503150945284
11978,0.036245873762128636
12587,0.000025007502250675202
11249,0.003966189856957087
14605,0.032334700410123034
2834,0.000035010503150945284
17182,0.004451335400620186
1068,0.00032509752925877764
13840,0.0019455836751025308
1552,0.10597179153746124
10419,0.008427528258477543
7123,0.002845853756126838
321,0.0008052415724717415
11304,0.0009652895868760629
15605,0.0065319595878763625
12051,0.011723517055116536
8895,0.0009052715814744423
2848,0.00025507652295688707
15215,0.0008602580774232269
6684,0.0017805341602480744
6824,0.00005501650495148545
8606,0.0005551665499649895
4723,0.000010003000900270082
7285,0.00789736921076323
1087,0.0013954186255876763
13147,0.001100330099029709
5598,0.11643493047914374
4000,0.0006551965589676903
1610,0.00028008402520756227
13316,0.0729518855656697
5681,0.0003100930279083725
15558,0.00035010503150945284
6339,0.02546263879163749
17368,0.0005651695508652596
4577,0.0002700810243072922
10109,0.00024507352205661696
7375,0.0016554966489946985
13758,0.007297189156747024
1699,0.0006952085625687706
15567,0.003245973792137641
3927,0.0000850255076522957
1166,0.003696108832649795
4092,0.00007502250675202561
4829,0.0007202160648194458
7512,0.000050015004501350405
3186,0.00017505251575472642
13332,0.008742622786836051
14566,0.0002600780234070221
17297,0.000005001500450135041
4821,0.0002200660198059418
8267,0.00035510653195958787
4812,0.0001950585175552666
10968,0.08429028708612583
6778,0.0017705311593478044
2192,0.000025007502250675202
10977,0.002615784735420626
5164,0.000005001500450135041
6642,0.003936180854256277
10145,0.0036310893267980393
9235,0.024457337201160348
4847,0.00004501350405121536
951,0.000005001500450135041
1604,0.0000850255076522957
7142,0.003916174852455737
12504,0.03106932079623887
1449,0.00025507652295688707
10867,0.030874262278683604
3569,0.00012503751125337602
4968,0.0003601080324097229
16369,0.0005851755526657997
10462,0.001090327098129439
5414,0.00007002100630189057
1550,0.00038011403421026307
16291,0.0001350405121536461
6366,0.0013303991197359207
4157,0.0000850255076522957
4441,0.00025507652295688707
5688,0.00022506752025607682
9722,0.0029958987696308893
15795,0.0009802940882264678
9735,0.00035010503150945284
2505,0.000010003000900270082
2846,0.000050015004501350405
11747,0.08012403721116335
12254,0.00023006902070621187
4502,0.0038761628488546565
12609,0.00026507952385715713
1290,0.0002600780234070221
5811,0.000005001500450135041
12972,0.00018005401620486145
11810,0.013989196759027708
7688,0.0027708312493748125
1100,0.002565769730919276
11348,0.008507552265679704
11911,0.004421326397919376
7594,0.010838251475442633
6391,0.0006601980594178253
16328,0.0008502550765229569
13359,0.00019005701710513153
6419,0.0005201560468140442
4570,0.000020006001800540163
16791,0.015084525357607282
8941,0.0007952385715714714
11193,0.00040512153646093827
13338,0.0006351905571671502
15991,0.0019955986796038813
15603,0.0004901470441132339
7967,0.005471641492447735
10778,0.0031109332799839954
7239,0.21750525157547265
7674,0.00025507652295688707
13830,0.0002200660198059418
9626,0.0009002700810243073
14790,0.013323997199159748
2783,0.00003000900270081024
2406,0.00025007502250675204
426,0.0000850255076522957
7300,0.004136240872261679
5092,0.0000850255076522957
9708,0.000010003000900270082
1733,0.00024507352205661696
9662,0.00021506451935580673
9099,0.0006351905571671502
6088,0.0007952385715714714
843,0.00033009902970891267
17141,0.0020606181854556367
14930,0.003966189856957087
12332,0.02660298089426828
17475,0.0006601980594178253
2377,0.00033009902970891267
5577,0.0011653496048814643
1686,0.07525257577273183
8311,0.000005001500450135041
9351,0.014074222266680004
5205,0.0011653496048814643
2708,0.00006001800540162048
2604,0.0003351005301590477
7319,0.004061218365509653
15203,0.00018005401620486145
12309,0.002100630189056717
595,0.014244273281984595
11683,0.0016604981494448335
164,0.0006551965589676903
12987,0.00019005701710513153
1470,0.0005651695508652596
4088,0.007757327198159448
2705,0.00016504951485445633
9251,0.02554766429928979
12473,0.012843853155946784
11369,0.004211263379013704
6310,0.007792337701310393
9249,0.002235670701210363
8364,0.0013003901170351106
7849,0.0026958087426227867
5263,0.0007652295688706612
2650,0.000005001500450135041
9714,0.03392517755326598
15914,0.0008252475742722817
15416,0.0005751725517655296
13234,0.00017505251575472642
2352,0.0001850555166549965
9661,0.0011253376012803841
1977,0.005711713514054216
6805,0.001470441132339702
16390,0.001490447134140242
8534,0.009717915374612383
12098,0.0031809542862858858
8515,0.0005301590477143143
16855,0.0005901770531159348
14413,0.0009602880864259277
1570,0.002455736721016305
7592,0.0006802040612183656
9521,0.00020506151845553665
6950,0.009422826848054417
13337,0.00012003601080324097
15117,0.00037511253376012804
9178,0.009847954386315895
14926,0.0011453436030809242
10507,0.00025507652295688707
14961,0.01814044213263979
15155,0.000035010503150945284
16108,0.0003901170351105332
1402,0.009087726317895369
10207,0.00043513053916174855
6011,0.00032509752925877764
10073,0.002120636190857257
899,0.013699109732919877
15121,0.0003100930279083725
7037,0.0005701710513153946
10838,0.00811743523056917
8667,0.007797339201760528
9982,0.0013153946183855156
10506,0.056076823046914075
11371,0.0014004201260378114
10289,0.000005001500450135041
534,0.0020306091827548265
15881,0.0002950885265579674
12663,0.0006702010603180954
5217,0.00007002100630189057
1038,0.00045513654096228866
533,0.00035510653195958787
11882,0.0017855356606982095
9096,0.0006902070621186356
16442,0.0009902970891267381
10110,0.004626387916374913
2032,0.004561368410523157
8476,0.08173952185655697
14914,0.0013354006201860558
10433,0.0003100930279083725
11386,0.00004501350405121536
7164,0.0756076823046914
491,0.013258977693307993
2161,0.012883865159547864
9114,0.030589176753025908
11647,0.0032609782934880462
7681,0.001110333099929979
12784,0.026798039411823547
3893,0.000005001500450135041
7971,0.09589376813043914
17455,0.000020006001800540163
12729,0.0009302790837251176
490,0.044213263979193757
10088,0.04614384315294588
16343,0.00033009902970891267
4696,0.0002950885265579674
1826,0.005531659497849355
2863,0.0005451635490647195
6385,0.0023407022106631988
10137,0.694188256476943
2055,0.00006001800540162048
19,0.000020006001800540163
811,0.0001100330099029709
14058,0.00048514554366309895
8082,0.08274982494748424
7009,0.03431529458837651
11486,0.0002950885265579674
1158,0.000020006001800540163
5157,0.000050015004501350405
10588,0.00014504351305391616
3593,0.00025507652295688707
6224,0.0029958987696308893
17533,0.0026407922376713014
10995,0.03130939281784535
16913,0.0004201260378113434
904,0.005141542462738822
1499,0.016835050515154545
317,0.0016304891467440231
15776,0.0000850255076522957
3345,0.00015004501350405122
6799,0.0004401320396118836
5275,0.0000850255076522957
7320,0.0002100630189056717
10170,0.00438631589476843
11414,0.0018705611683505052
14225,0.08646593978193458
6694,0.01987596278883665
13897,0.08195458637591277
6765,0.003346003801140342
12983,0.00023006902070621187
12135,0.08115434630389116
862,0.0046063819145743725
12813,0.0006852055616685006
9986,0.0012703811143343004
9230,0.0251925577673302
11868,0.009532859857957387
1054,0.00012503751125337602
10435,0.0008602580774232269
11366,0.001620486145843753
8217,0.09781934580374112
12666,0.0008052415724717415
3905,0.01121336400920276
8622,0.008522556767030108
2316,0.0009902970891267381
10820,0.030209062718815644
15057,0.00024007202160648193
7035,0.00012503751125337602
2491,0.000010003000900270082
10368,0.00813744123236971
10057,0.0026257877363208963
2789,0.004636390917275183
16122,0.000040012003601080326
8514,0.000735220566169851
2549,0.00010003000900270081
13375,0.09895468640592178
15852,0.0045013504051215365
1380,0.00014504351305391616
461,0.0002100630189056717
13506,0.003195958787636291
11180,0.0014454336300890266
11112,0.0009652895868760629
17149,0.0004201260378113434
12338,0.0004951485445633691
6658,0.0018155446633990196
10603,0.027593277983395018
16775,0.00010503150945283585
13133,0.012973892167650295
16029,0.0009952985895768731
13982,0.0006501950585175553
13453,0.19629388816644994
14082,0.0023206962088626586
2149,0.006702010603180954
4330,0.0008252475742722817
10322,0.00025007502250675204
14861,0.0005501650495148545
3543,0.003285985795738722
16813,0.22540262078623588
3934,0.00043012903871161347
16471,0.0027458237471241374
2508,0.00008002400720216065
4107,0.005161548464539362
6930,0.000040012003601080326
12874,0.008662598779633891
15342,0.03734120236070821
17371,0.001480444133239972
9418,0.00007002100630189057
4383,0.0001700510153045914
13067,0.01610483144943483
16224,0.015184555366609983
12469,0.0005851755526657997
3762,0.0015854756426928079
14352,0.0020256076823046915
1324,0.0010103030909272782
14599,0.019420826247874362
9677,0.0004401320396118836
17064,0.00009502850855256577
1679,0.07399719915974792
14057,0.0013253976192857857
14051,0.010608182454736421
11608,0.012838851655496648
14874,0.0017005101530459137
4982,0.00023006902070621187
11987,0.002855856757027108
17012,0.00040512153646093827
12235,0.07965389616885066
15327,0.026883064919475844
1806,0.0068070421126337904
7296,0.0001600480144043213
10309,0.005096528958687606
15786,0.00008002400720216065
9470,0.003310993297989397
12876,0.0005451635490647195
6349,0.0005451635490647195
13516,0.003315994798439532
13536,0.0003351005301590477
3693,0.010243072921876564
8841,0.0006001800540162049
17517,0.0006451935580674203
13074,0.0006401920576172852
16415,0.00046013804141242375
1644,0.0001100330099029709
5268,0.0000850255076522957
12965,0.0004951485445633691
13843,0.0004951485445633691
4135,0.0001950585175552666
11190,0.01059817945383615
8327,0.0006702010603180954
4310,0.00014004201260378114
16526,0.006111833550065019
6894,0.002145643693107932
16698,0.000020006001800540163
10608,0.00183555066519956
16105,0.17518255476642994
7543,0.0009452835850755226
13210,0.015929778933680104
8048,0.0013954186255876763
4139,0.00040512153646093827
6188,0.00020006001800540162
12765,0.0006702010603180954
2850,0.0003901170351105332
12524,0.0005751725517655296
1406,0.00004501350405121536
11208,0.07630789236771031
10029,0.00045013504051215364
9747,0.009212763829148745
15172,0.0005601680504151245
152,0.0013604081224367311
7109,0.0077173151945583674
11482,0.00012003601080324097
8623,0.018420526157847353
8132,0.013984195258577574
6616,0.0002100630189056717
12528,0.13468040412123636
4016,0.005696709012703811
6715,0.004551365409622887
7101,0.00001500450135040512
1599,0.0001350405121536461
10948,0.03877163148944683
4969,0.0018155446633990196
3160,0.000010003000900270082
10497,0.0013003901170351106
4003,0.00021506451935580673
16713,0.0002100630189056717
12171,0.001100330099029709
2553,0.006646994098229469
7976,0.09461338401520455
17277,0.0006501950585175553
7732,0.0022856857057117134
12614,0.06025307592277683
7234,0.209777933380014
3921,0.0006802040612183656
6791,0.0008952685805741722
3629,0.0013203961188356507
16035,0.0019205761728518555
810,0.00007502250675202561
8369,0.000035010503150945284
8035,0.0003200960288086426
2532,0.00015004501350405122
7608,0.0003100930279083725
10941,0.026758027408222466
7183,0.0015254576372911873
16356,0.0033660098029408823
4193,0.00010503150945283585
2350,0.00035510653195958787
7473,0.0042362708812643795
9638,0.0013654096228868662
16413,0.012873862158647595
9269,0.013759127738321497
7568,0.027428228468540563
10032,0.0010453135940782234
4832,0.00005501650495148545
11263,0.007807342202660798
14908,0.005676703010903271
2534,0.0004201260378113434
8270,0.000745223567070121
12364,0.033650095028508555
16221,0.01881564469340802
9117,0.0010453135940782234
11591,0.0019955986796038813
4688,0.12929378813644093
1746,0.00025507652295688707
7472,0.0013854156246874063
8835,0.006416925077523257
16391,0.00045513654096228866
9776,0.02609782934880464
12952,0.008392517755326599
5261,0.002210663198959688
11636,0.00425627688306492
11744,0.1931079323797139
12109,0.012258677603280985
10986,0.11343403020906272
11090,0.0016604981494448335
3902,0.0005301590477143143
367,0.0005101530459137741
12808,0.058647594278283484
7715,0.0002850855256576973
5704,0.0002200660198059418
4163,0.002815844753426028
528,0.002505751725517655
4791,0.0002100630189056717
16553,0.0003451035310593178
4141,0.00020006001800540162
12893,0.002120636190857257
9429,0.0009102730819245773
16784,0.0005901770531159348
5678,0.00008002400720216065
13671,0.07394218265479643
11960,0.00045013504051215364
1970,0.006201860558167451
13295,0.007317195158547564
117,0.00012503751125337602
7947,0.003666099829948985
16103,0.23782634790437132
2044,0.000050015004501350405
7170,0.005976793037911373
2442,0.000005001500450135041
8596,0.00010503150945283585
11809,0.001620486145843753
13008,0.01806041812543763
2623,0.000050015004501350405
9772,0.00033009902970891267
617,0.001100330099029709
5239,0.027938381514454335
16858,0.000020006001800540163
9526,0.004716414924477343
16703,0.012163649094728418
4254,0.020586175852755826
507,0.000035010503150945284
16795,0.00047514254276282883
3999,0.0016454936480944284
4707,0.0000850255076522957
10409,0.00033009902970891267
6238,0.0011803541062318697
14386,0.00011503451035310594
1260,0.0015304591377413223
1967,0.006331899569870961
624,0.0000850255076522957
10844,0.0004401320396118836
10288,0.000020006001800540163
10731,0.00030509152745823747
14137,0.008527558267480244
12454,0.006066820046013804
12304,0.007887366209862958
1886,0.001620486145843753
6370,0.00009002700810243072
16752,0.00007502250675202561
719,0.05755226567970391
10329,0.00035010503150945284
14521,0.0006351905571671502
17152,0.00028008402520756227
1493,0.004811443433029909
2120,0.0020656196859057717
16337,0.0013904171251375413
12227,0.0005251575472641792
13744,0.026337901370411122
11336,0.002230669200760228
9937,0.0155296588976693
10093,0.0031259377813344005
11711,0.018595578673602082
5037,0.0006501950585175553
8797,0.000020006001800540163
11311,0.0008452535760728218
4646,0.00038011403421026307
12445,0.0013003901170351106
16680,0.0005001500450135041
5090,0.0003451035310593178
15094,0.0542812843853156
5126,0.0006001800540162049
15423,0.0005351605481644493
5203,0.000040012003601080326
12793,0.0009752925877763329
17030,0.07814344303290988
11831,0.023231969590877262
6105,0.0010503150945283585
5310,0.00048014404321296386
1189,0.0001700510153045914
12020,0.000050015004501350405
6801,0.1402370711213364
15189,0.00047514254276282883
4711,0.00018005401620486145
4785,0.0059717915374612384
7413,0.0001700510153045914
228,0.00016504951485445633
125,0.0034260278083425026
2179,0.0020256076823046915
16453,0.00033009902970891267
5356,0.01470441132339702
2269,0.021821546463939183
13954,0.002210663198959688
11631,0.0017805341602480744
7897,0.0011553466039811943
1205,0.001110333099929979
2475,0.00035010503150945284
14031,0.018315494648394517
10324,0.0001100330099029709
5175,0.000010003000900270082
7995,0.0034810443132939884
5056,0.000025007502250675202
4174,0.043002900870261075
5784,0.000010003000900270082
1168,0.0004951485445633691
12157,0.0005751725517655296
6563,0.018290487146143845
16106,0.016134840452135642
17011,0.00006501950585175553
3594,0.002550765229568871
9275,0.010663198959687906
10717,0.024322296689006703
6968,0.714184255276583
4750,0.0024007202160648195
7843,0.0030709212763829147
17548,0.0003401020306091828
11298,0.0010753225967790336
2656,0.000020006001800540163
9552,0.0060768230469140745
7862,0.00025507652295688707
17191,0.0023106932079623886
4687,0.0007002100630189057
16376,0.060403120936280884
6361,0.0031159347804341304
13649,0.006677003100930279
11951,0.03664099229768931
16368,0.002975892767830349
8188,0.004661398419525857
9289,0.0038611583475042515
6311,0.010083024907472241
5684,0.00010003000900270081
6908,0.004291287386215864
455,0.000005001500450135041
16336,0.004801440432129639
14496,0.0015604681404421327
1138,0.0000850255076522957
6996,0.0005401620486145844
4018,0.0031459437831349406
11196,0.00024507352205661696
3455,0.00007502250675202561
300,0.00012003601080324097
868,0.0780484145243573
6730,0.0009602880864259277
9639,0.009077723316995098
2622,0.00006001800540162048
14974,0.035460638191457436
2067,0.00023006902070621187
12685,0.0008502550765229569
9529,0.0013053916174852456
12085,0.0011703511053315994
1808,0.000620186055816745
13722,0.0025257577273181953
9218,0.004746423927178153
1787,0.00023006902070621187
4482,0.00015004501350405122
16075,0.0007552265679703911
4288,0.003826147844353306
5730,0.000025007502250675202
7269,0.0003901170351105332
13535,0.000050015004501350405
8054,0.004056216865059518
10917,0.00045513654096228866
167,0.00020006001800540162
13454,0.00123036911073322
11825,0.003240972291687506
1262,0.0020406121836550966
15406,0.0005051515454636391
10758,0.0020206061818545565
7299,0.004471341402420726
11368,0.0013654096228868662
1332,0.0037661298389516855
12970,0.00017505251575472642
8510,0.00018005401620486145
5013,0.0004701410423126938
1405,0.002875862758827648
5206,0.003240972291687506
11957,0.0009952985895768731
6911,0.0023106932079623886
4817,0.0032659797939381813
7746,0.00027508252475742724
10059,0.0017605281584475343
4357,0.00006501950585175553
2226,0.0005851755526657997
9097,0.0017055116534960488
13566,0.003566069820946284
11268,0.06871061318395519
7298,0.03496048814644393
2339,0.0005701710513153946
1129,0.0001700510153045914
1082,0.006917075122536761
7557,0.01634490347104131
1233,0.00025507652295688707
13550,0.018540562168650594
6892,0.001625487646293888
7032,0.00009502850855256577
1173,0.008967690307092128
5189,0.0011603481044313293
13790,0.0005201560468140442
10651,0.000020006001800540163
4527,0.009667900370111034
11222,0.15257077123136942
9979,0.00125037511253376
7403,0.0004101230369110733
4741,0.0038111433430029007
11178,0.00019005701710513153
15285,0.029903971191357407
16912,0.0003851155346603981
5196,0.0008852655796739022
12289,0.002475742722816845
5986,0.0001100330099029709
7678,0.008342502750825247
14391,0.00249074722416725
16387,0.0020256076823046915
7936,0.02784335300590177
16822,0.002235670701210363
3814,0.000010003000900270082
5708,0.0009152745823747125
4815,0.00001500450135040512
13052,0.0009152745823747125
11910,0.01470441132339702
13622,0.014669400820246073
1225,0.002550765229568871
2169,0.010293087926377913
6369,0.0353406021806542
175,0.005936781034310293
13797,0.03690607182154646
15649,0.004996498949684906
3551,0.000025007502250675202
9509,0.011693508052415725
13193,0.006061818545563669
7559,0.0008352505751725518
7842,0.0004151245373612084
8119,0.013434030209062718
15837,0.0007702310693207962
6600,0.0017355206561968592
7467,0.0025407622286686008
7585,0.019270781234370312
12916,0.0014104231269380814
13125,0.001120336100830249
1067,0.000010003000900270082
10068,0.02355706712013604
8406,0.0003851155346603981
9564,0.009477843353005902
13310,0.17310193057917375
14138,0.027153145943783135
12081,0.004936480944283285
2443,0.00005501650495148545
6581,0.002600780234070221
15861,0.00003000900270081024
15822,0.000005001500450135041
8542,0.0004401320396118836
16418,0.00031509452835850753
4516,0.0011753526057817346
11502,0.002940882264679404
11532,0.00040512153646093827
8987,0.00046013804141242375
11782,0.008842652795838752
6772,0.00007502250675202561
12518,0.0009352805841752526
11531,0.048484545363609084
5568,0.003295988796638992
11794,0.001120336100830249
9801,0.03555566670001
4485,0.0037261178353506052
6526,0.00031509452835850753
10993,0.003941182354706412
12844,0.0724517355206562
16529,0.003310993297989397
2831,0.00022506752025607682
1445,0.0002100630189056717
15437,0.00025007502250675204
16718,0.00004501350405121536
11493,0.04193758127438232
13934,0.00247074122236671
16525,0.001480444133239972
14838,0.023997199159747924
4604,0.000025007502250675202
1105,0.0003401020306091828
12019,0.014419325797739321
4313,0.00004501350405121536
5216,0.0005751725517655296
16715,0.00013003901170351105
11036,0.19371311393418025
11805,0.00006001800540162048
5406,0.004296288886666
15910,0.0008052415724717415
16827,0.0019505851755526658
15139,0.11067820346103831
8546,0.00124037211163349
699,0.002215664699409823
12558,0.00015504651395418625
13173,0.019920976292887867
1255,0.001105331599479844
9752,0.0009402820846253876
8778,0.0007052115634690407
2035,0.00010003000900270081
9994,0.000005001500450135041
10763,0.0027058117435230567
13456,0.0005251575472641792
11650,0.005911773532059618
14029,0.0001100330099029709
7496,0.000050015004501350405
14641,0.000005001500450135041
12831,0.15210063018905673
13837,0.0016755026507952386
13971,0.0003951185355606682
4640,0.0042262678803641094
8501,0.0001850555166549965
5272,0.0006802040612183656
661,0.0008152445733720116
11341,0.001475442632789837
7291,0.00675702710813244
5812,0.004666399919975993
15749,0.0003601080324097229
14495,0.002575772731819546
768,0.004231269380814244
13496,0.0006952085625687706
7593,0.0009202760828248475
3137,0.000035010503150945284
11865,0.009432829848954686
8884,0.0019605881764529357
2022,0.00025507652295688707
11709,0.00033009902970891267
10036,0.0006301890567170151
12251,0.007987396218865659
7436,0.0015104531359407822
9061,0.00033009902970891267
130,0.00007502250675202561
8696,0.0026507952385715714
3904,0.0011953586075822747
5914,0.000005001500450135041
3528,0.000050015004501350405
8466,0.00014004201260378114
17514,0.0041412423727118135
781,0.011883565069520857
6127,0.04006702010603181
9704,0.001490447134140242
4118,0.0017255176552965889
14553,0.07687806341902571
5946,0.16376913073922178
12281,0.0006051815544663399
7877,0.04612883865159548
12124,0.0098629588876663
16821,0.0026207862358707612
17292,0.000010003000900270082
11570,0.15423126938081425
12912,0.0012953886165849755
13523,0.002830849254776433
7922,0.000865259577873362
7463,0.0009152745823747125
2538,0.00008002400720216065
2160,0.022291687506251875
15562,0.003576072821846554
5139,0.00030509152745823747
8531,0.0004951485445633691
5353,0.000020006001800540163
13833,0.0003100930279083725
4698,0.0001100330099029709
4722,0.0000850255076522957
5988,0.03094928478543563
15798,0.0016855056516955087
13881,0.001455436630989297
5763,0.0000850255076522957
17039,0.00010503150945283585
7478,0.003586075822746824
17197,0.006011803541062319
16551,0.0005851755526657997
8028,0.014509352805841752
7548,0.0000850255076522957
11603,0.0005001500450135041
14559,0.00043513053916174855
2832,0.0037811343403020906
4495,0.00020506151845553665
2261,0.006847054116234871
9741,0.0018955686706011803
1012,0.01466439931979594
7793,0.0008902670801240372
6232,0.06144343302990897
16867,0.0004701410423126938
14134,0.03366509952985896
16868,0.0013654096228868662
16449,0.0288036410923277
8339,0.00032509752925877764
665,0.014134240272081624
464,0.0012953886165849755
9647,0.00062518755626688
15866,0.0009302790837251176
6888,0.01661998599579874
3163,0.000035010503150945284
5616,0.0729518855656697
5829,0.00797739321796539
12779,0.0068170451135340605
10803,0.0006501950585175553
12621,0.0005951785535660699
6083,0.0015704711413424028
6691,0.8492047614284285
15415,0.0006752025607682304
13727,0.000370111033309993
13986,0.09589876963088927
7376,0.0018905671701510453
12921,0.00006001800540162048
5297,0.00006001800540162048
3694,0.0006601980594178253
3550,0.000025007502250675202
11460,0.013569070721216365
7957,0.004536360908272482
3917,0.0001700510153045914
8683,0.0003951185355606682
1647,0.0013053916174852456
10328,0.00009502850855256577
9785,0.08177453235970791
17088,0.015614684405321596
8815,0.0012603781134340301
11883,0.00017505251575472642
4500,0.00040012003601080324
1238,0.0001700510153045914
7983,0.0015454636390917274
356,0.030764229268780634
10164,0.002590777233169951
5113,0.000025007502250675202
11844,0.3243222966890067
10561,0.00001500450135040512
8698,0.008737621286385916
854,0.06330899269780935
15808,0.006011803541062319
8540,0.0004101230369110733
16670,0.0020506151845553666
17516,0.000020006001800540163
996,0.00035510653195958787
13692,0.08430529158747624
10597,0.026392917875362607
11929,0.003220966289886966
13013,0.0011253376012803841
6940,0.004136240872261679
9628,0.01706011803541062
2034,0.00007002100630189057
6551,0.010138041412423728
1911,0.0011603481044313293
11572,0.00033009902970891267
10502,0.0015804741422426728
15131,0.0019455836751025308
15864,0.0020506151845553666
6212,0.0008002400720216065
14421,0.0003351005301590477
5496,0.0016955086525957787
12479,0.012428728618585575
14112,0.0002350705211563469
16825,0.00030509152745823747
4421,0.0016604981494448335
12815,0.00043012903871161347
7131,0.0003951185355606682
17226,0.0006501950585175553
3523,0.000025007502250675202
7505,0.00025007502250675204
10782,0.028228468540562168
5210,0.003986195858757627
13798,0.00033009902970891267
2590,0.000025007502250675202
11327,0.0005051515454636391
4375,0.003836150845253576
9189,0.0031709512853856157
8209,0.0023507052115634692
8708,0.000025007502250675202
9116,0.002105631689506852
5506,0.0019305791737521257
4691,0.000020006001800540163
8525,0.0022606782034610383
12668,0.033024907472241675
17240,0.0030659197759327797
1814,0.000010003000900270082
12565,0.0005051515454636391
14759,0.005601680504151245
17082,0.001105331599479844
7387,0.000010003000900270082
4651,0.00010503150945283585
16480,0.0003351005301590477
13738,0.03847154146243873
1663,0.0000850255076522957
8838,0.0019455836751025308
15669,0.0003401020306091828
12957,0.00004501350405121536
1573,0.0008102430729218765
16078,0.16169850955286585
1222,0.006646994098229469
8704,0.0003200960288086426
15950,0.0009702910873261979
1266,0.0017855356606982095
2459,0.000025007502250675202
10489,0.00010503150945283585
1339,0.000050015004501350405
315,0.00003000900270081024
8549,0.0014354306291887566
6539,0.007052115634690407
6256,0.011543463038911673
12035,0.0015254576372911873
7655,0.000865259577873362
12226,0.0014154246273882164
15959,0.00004501350405121536
13266,0.0052415724717415225
5685,0.00042512753826147844
4329,0.00029008702610783233
6195,0.0013454036210863258
14009,0.0006651995598679604
1053,0.0011253376012803841
2342,0.0008202460738221466
12857,0.0017705311593478044
6259,0.000005001500450135041
15960,0.0004151245373612084
12068,0.09386816044813444
186,0.004726417925377613
2451,0.008217465239571871
9787,0.04673402020606182
17052,0.00369110733219966
17044,0.0003851155346603981
9001,0.008967690307092128
12362,0.0008802640792237672
15013,0.03455036510953286
5049,0.000005001500450135041
10571,0.004731419425827749
4338,0.006236871061318395
15599,0.000005001500450135041
15794,0.002100630189056717
6675,0.0010553165949784935
529,0.0000850255076522957
5673,0.00021506451935580673
13518,0.003966189856957087
7579,0.005301590477143143
8303,0.002870861258377513
14014,0.09574872461738522
12268,0.0006601980594178253
4890,0.00025507652295688707
9582,0.05818745623687106
15090,0.0008002400720216065
12453,0.0010703210963288986
15493,0.04741922576773032
4371,0.003611083324997499
13664,0.0003401020306091828
7485,0.012043613083925177
17401,0.0012603781134340301
14144,0.006356907072121636
9047,0.0001850555166549965
17456,0.00003000900270081024
12310,0.0019505851755526658
9837,0.0019005701710513153
7845,0.0015604681404421327
13265,0.00033009902970891267
9884,0.0004701410423126938
16238,0.0006601980594178253
16251,0.0022806842052615784
6056,0.12866860058017404
3940,0.011923577073121937
6646,0.00425627688306492
147,0.0019555866760028007
9998,0.03022406722016605
594,0.0000850255076522957
12567,0.04204261278383515
9891,0.03466539961988597
4885,0.00025507652295688707
11624,0.0003851155346603981
12213,0.4213814144243273
3983,0.024642392717815344
15281,0.07395218565569671
5252,0.00021506451935580673
15006,0.05014004201260378
9462,0.0005351605481644493
16579,0.0015504651395418627
10377,0.00016504951485445633
10470,0.0002100630189056717
10965,0.0012603781134340301
2361,0.0056116835050515155
12308,0.0001950585175552666
16844,0.002930879263779134
14770,0.0012203661098329499
9394,0.00021506451935580673
17100,0.0009502850855256577
13126,0.003351005301590477
6473,0.0014954486345903771
12734,0.0024057217165149546
16911,0.00043012903871161347
13529,0.00028008402520756227
16385,0.0012803841152345704
11392,0.00003000900270081024
11040,0.0015104531359407822
11307,0.00016504951485445633
4762,0.0001700510153045914
1124,0.00014504351305391616
13541,0.023211963589076724
5105,0.00020506151845553665
363,0.0027208162448734623
9408,0.0003351005301590477
15473,0.000035010503150945284
12393,0.17612783835150544
13446,0.0009802940882264678
218,0.020961288386515956
7193,0.00048514554366309895
16610,0.0006702010603180954
4434,0.00014004201260378114
6161,0.00033009902970891267
10707,0.0003401020306091828
10705,0.005246573972191657
7173,0.002505751725517655
12277,0.01359407822346704
2249,0.011013303991197359
8075,0.0036460938281484443
6028,0.0027308192457737323
9336,0.01544963489046714
3749,0.005426627988396519
6629,0.003596078823647094
15796,0.0017505251575472643
16359,0.000025007502250675202
11099,0.02188656596979094
4093,0.04165749724917475
1130,0.0007152145643693108
17243,0.000005001500450135041
10953,0.06549464839451835
13552,0.007752325697709313
3322,0.0013604081224367311
8033,0.0001950585175552666
5495,0.000040012003601080326
221,0.0380964289286786
16535,0.004271281384415324
6788,0.00015504651395418625
13346,0.0009552865859757927
14489,0.0005501650495148545
2357,0.001620486145843753
12966,0.00007502250675202561
6196,0.0003100930279083725
14369,0.10446633990197059
14048,0.029238771631489448
185,0.004721416424927479
6488,0.0008102430729218765
3531,0.000025007502250675202
2095,0.00043012903871161347
5916,0.00001500450135040512
13588,0.0021606481944583377
8247,0.000025007502250675202
13567,0.013614084225267581
12150,0.00017505251575472642
13442,0.004706411923577073
13816,0.00012503751125337602
12508,0.002940882264679404
6972,0.0036460938281484443
14805,0.002880864259277783
8947,0.004811443433029909
15425,0.0001600480144043213
8411,0.0019555866760028007
16774,0.05782734820446134
16778,0.0003200960288086426
5843,0.00006501950585175553
7914,0.03327998399519856
10323,0.00020506151845553665
4124,0.0005251575472641792
17032,0.0009302790837251176
11025,0.011318395518655596
8566,0.0022906872061618485
5981,0.00040512153646093827
16158,0.1043963188956687
13512,0.0011953586075822747
12374,0.00037511253376012804
2091,0.0001700510153045914
13650,0.0009602880864259277
170,0.020616184855456635
6603,0.00046013804141242375
15248,0.0004701410423126938
12071,0.11949584875462639
11944,0.000035010503150945284
8375,0.0001850555166549965
5101,0.000010003000900270082
1994,0.00555666700010003
9427,0.0004201260378113434
8774,0.0008452535760728218
6540,0.0008152445733720116
9696,0.0011453436030809242
9500,0.0010603180954286285
8979,0.00013003901170351105
1393,0.001100330099029709
14127,0.11381414424327298
16194,0.0023056917075122535
10000,0.003591077323196959
1017,0.0644743423026908
5319,0.000040012003601080326
13812,0.0016304891467440231
17391,0.0006301890567170151
2647,0.00007502250675202561
14780,0.00184555366609983
11394,0.018825647694308292
12985,0.0010703210963288986
10690,0.0011253376012803841
17268,0.0007102130639191757
1014,0.20786736020806243
17463,0.00033009902970891267
13188,0.0009052715814744423
8284,0.0008702610783234971
14631,0.0004401320396118836
9223,0.0036310893267980393
5247,0.008307492247674303
5156,0.00012503751125337602
9034,0.0006451935580674203
14360,0.0019805941782534762
9605,0.04914974492347704
6959,0.002910873261978594
7030,0.000730219065719716
7926,0.0023306992097629287
12586,0.000010003000900270082
11011,0.020746223867160147
12669,0.0013203961188356507
13796,0.001485445633690107
938,0.0007102130639191757
15967,0.01247374212263679
1366,0.003351005301590477
4716,0.00042512753826147844
11621,0.000050015004501350405
9699,0.00003000900270081024
8305,0.0037261178353506052
11376,0.00012503751125337602
16811,0.0003200960288086426
12856,0.005761728518555566
4849,0.00001500450135040512
12935,0.002600780234070221
8164,0.0012803841152345704
7014,0.03219965989796939
3164,0.0003351005301590477
12628,0.061518455536661
8962,0.0006301890567170151
5067,0.0001700510153045914
14365,0.00043513053916174855
15553,0.0006601980594178253
13886,0.01614484345303591
1801,0.0006301890567170151
8920,0.00020006001800540162
948,0.002465739721916575
6233,0.0005201560468140442
5176,0.00001500450135040512
14234,0.08105431629488846
10984,0.00006501950585175553
14848,0.019235770731219366
8973,0.00025007502250675204
5970,0.16188356506952087
10177,0.38819145743723116
7251,0.0002950885265579674
13681,0.0689556867060118
12059,0.03706611983595078
5282,0.003240972291687506
13470,0.0006401920576172852
4002,0.00014504351305391616
5517,0.0014504351305391616
11894,0.00033009902970891267
13680,0.0651595478643593
509,0.060988296488946686
13135,0.02588776632989897
8572,0.013864159247774331
14627,0.0005001500450135041
12120,0.000365109532859858
4158,0.00010003000900270081
15283,0.030884265279583874
830,0.0001350405121536461
13259,0.006541962588776633
9652,0.003461038311493448
8911,0.0016554966489946985
23,0.040242072621786536
8896,0.0024157247174152246
12169,0.00030009002700810244
2240,0.0000850255076522957
1643,0.00024007202160648193
3596,0.0005951785535660699
8437,0.0027308192457737323
1271,0.000020006001800540163
15021,0.0014304291287386215
12919,0.0011753526057817346
11476,0.0019805941782534762
2605,0.000020006001800540163
5256,0.0001350405121536461
16190,0.003250975292587776
13571,0.0010103030909272782
8635,0.002910873261978594
14756,0.0000850255076522957
6797,0.0032759827948384513
1947,0.0009752925877763329
4374,0.0012753826147844354
16126,0.0065219565869760925
6278,0.0022856857057117134
343,0.00035510653195958787
6902,0.0009902970891267381
6248,0.0005051515454636391
392,0.00037511253376012804
8595,0.00012503751125337602
5975,0.14604881464439332
16555,0.0009802940882264678
2885,0.0003851155346603981
16751,0.000020006001800540163
15414,0.0006451935580674203
8094,0.09119735920776233
9882,0.0003451035310593178
8787,0.003300990297089127
12632,0.058697609282784835
8131,0.0039711913574072225
13280,0.00048014404321296386
1342,0.0030459137741322396
17093,0.01485445633690107
7619,0.0013504051215364609
761,0.00925777733319996
11937,0.003290987296188857
12658,0.00425627688306492
9941,0.00008002400720216065
7241,0.00007502250675202561
14623,0.038566569970991296
11545,0.0009202760828248475
12127,0.013013904171251376
10667,0.0006551965589676903
11048,0.03209962988896669
15725,0.00006001800540162048
668,0.000010003000900270082
16597,0.005406621986595979
234,0.004846453936180854
14670,0.0008952685805741722
11064,0.04242272681804542
9562,0.12184155246573972
9179,0.0008452535760728218
3153,0.002580774232269681
15730,0.000035010503150945284
2883,0.00015504651395418625
7873,0.0036310893267980393
15516,0.00033009902970891267
15617,0.0008752625787736321
10916,0.0007602280684205261
861,0.07748824647394219
10260,0.00014504351305391616
1888,0.01785035510653196
13987,0.033790137041112334
12262,0.021981594478343504
4936,0.0006802040612183656
681,0.02629288786635991
457,0.0051365409622886864
3311,0.0006551965589676903
9464,0.0008352505751725518
9216,0.0015654696408922677
15636,0.0023106932079623886
14217,0.000740222066619986
7730,0.0013854156246874063
16790,0.036866059817945385
5276,0.0001700510153045914
4515,0.00016504951485445633
1047,0.0018005401620486145
8640,0.0009202760828248475
9369,0.00916775032509753
7084,0.00061518455536661
11418,0.0006501950585175553
8872,0.0020356106832049616
16269,0.000025007502250675202
4714,0.003611083324997499
13363,0.0007552265679703911
7950,0.002515754726417925
8006,0.0004201260378113434
9387,0.0011903571071321397
7454,0.0017155146543963188
11881,0.007097129138741622
16567,0.0004901470441132339
14916,0.000035010503150945284
10635,0.000025007502250675202
15807,0.012663799139741923
11158,0.10886265879763929
2587,0.005321596478943683
11076,0.00005501650495148545
7031,0.0010003000900270082
251,0.016865059517855358
8325,0.00677703310993298
11314,0.0001600480144043213
9706,0.00040012003601080324
15151,0.000025007502250675202
16172,0.02837851355406622
871,0.01897069120736221
9944,0.04520856256877063
2335,0.00003000900270081024
2548,0.0064569370811243375
8496,0.006977093127938381
8618,0.022806842052615784
16125,0.0007702310693207962
7465,0.0006501950585175553
13451,0.0046163849154746426
17099,0.000730219065719716
12295,0.0007702310693207962
14949,0.04124737421226368
7122,0.007567270181054317
7373,0.04714414324297289
5086,0.0008302490747224168
8626,0.0028908672601780532
15351,0.0013253976192857857
4082,0.0007902370711213364
13023,0.0015654696408922677
16013,0.002910873261978594
5146,0.00006001800540162048
9686,0.004496348904671401
16265,0.00007002100630189057
7590,0.0012703811143343004
15302,0.0007552265679703911
17383,0.00031509452835850753
16568,0.0007102130639191757
2118,0.023311993598079422
6267,0.00123036911073322
10420,0.0023407022106631988
15891,0.0009202760828248475
11751,0.0004701410423126938
6350,0.0002200660198059418
11892,0.00047514254276282883
6890,0.0015004501350405122
735,0.08573572071621487
12119,0.014424327298189456
8256,0.0006601980594178253
14555,0.0023006902070621185
12305,0.0034260278083425026
7477,0.002860858257477243
994,0.0008102430729218765
4781,0.00015004501350405122
4296,0.00013003901170351105
10215,0.009482844853456037
12672,0.03207462238671602
15012,0.03458037411223367
1592,0.000020006001800540163
15364,0.0008552565769730919
3415,0.0001700510153045914
9089,0.00040512153646093827
7385,0.00005501650495148545
13783,0.009242772831849554
10222,0.43325497649294786
5124,0.00024007202160648193
12249,0.04633390017005101
3809,0.0001700510153045914
2301,0.00009502850855256577
16426,0.09144743423026908
9723,0.00014004201260378114
1434,0.00032509752925877764
11427,0.07377713313994198
8151,0.002875862758827648
3411,0.0006802040612183656
1654,0.0009902970891267381
12498,0.004651395418625587
6726,0.00006501950585175553
5513,0.00366109832949885
10230,0.004361308392517756
9612,0.0006451935580674203
9430,0.00020506151845553665
2216,0.05057517255176553
7545,0.002195658697609283
7133,0.00023006902070621187
16756,0.000010003000900270082
6294,0.006451935580674202
15832,0.0008552565769730919
9916,0.0005701710513153946
5520,0.0005351605481644493
9388,0.00045513654096228866
5051,0.00001500450135040512
14027,0.07451235370611184
12052,0.00009002700810243072
13309,0.0007702310693207962
3640,0.0001700510153045914
10657,0.000010003000900270082
13561,0.0003451035310593178
14608,0.02944883465039512
16437,0.07639791937581275
1502,0.00026507952385715713
5635,0.000005001500450135041
9669,0.0004651395418625588
16195,0.00009502850855256577
5274,0.0000850255076522957
6100,0.00011503451035310594
13927,0.00029008702610783233
7175,0.0002700810243072922
14953,0.0018655596679003701
12216,0.2520956286886066
12981,0.0007552265679703911
17035,0.0003601080324097229
12188,0.014619385815744724
13491,0.0010303090927278183
12459,0.0005701710513153946
11559,0.0001100330099029709
1364,0.006957087126137841
10216,0.00033009902970891267
8582,0.015694708412523756
1718,0.0010003000900270082
1056,0.0009652895868760629
12366,0.00026507952385715713
8085,0.002915874762428729
8579,0.0030309092727818345
6544,0.004271281384415324
1139,0.0001700510153045914
6244,0.017420226067820347
10430,0.000005001500450135041
9150,0.000025007502250675202
10964,0.0003351005301590477
4702,0.00003000900270081024
7212,0.034465339601880564
11187,0.0007102130639191757
4656,0.000010003000900270082
17337,0.000035010503150945284
11232,0.0002950885265579674
10607,0.0017805341602480744
8100,0.00011503451035310594
3655,0.0003401020306091828
4681,0.0004401320396118836
9849,0.028703611083324997
12879,0.01413924177253176
13921,0.0005001500450135041
10392,0.0008202460738221466
16880,0.0014454336300890266
16517,0.0016855056516955087
15863,0.003330999299789937
13007,0.0012953886165849755
12187,0.00007002100630189057
1009,0.00735220566169851
3755,0.000985295588676603
15480,0.000010003000900270082
14839,0.00047514254276282883
487,0.013003901170351105
7758,0.0003901170351105332
11027,0.002195658697609283
1542,0.001470441132339702
547,0.0000850255076522957
5340,0.00010003000900270081
5191,0.000010003000900270082
6858,0.054806441932579775
6266,0.0003401020306091828
4841,0.0000850255076522957
12623,0.0002700810243072922
14975,0.0010003000900270082
11595,0.008787636290887265
12695,0.0010803240972291689
15879,0.00019005701710513153
5006,0.0005101530459137741
14964,0.1169000700210063
452,0.00015504651395418625
7783,0.020706211863559067
9811,0.012088626587976393
12257,0.01912073622086626
939,0.00006001800540162048
6760,0.0024207262178653596
8512,0.0032559767930379112
6445,0.0006301890567170151
15210,0.00031509452835850753
14199,0.02292187656296889
9404,0.0009202760828248475
12597,0.0006551965589676903
8842,0.0006852055616685006
12192,0.0006802040612183656
11185,0.001235370611183355
5344,0.00001500450135040512
10556,0.0003200960288086426
17557,0.0013203961188356507
10672,0.00013003901170351105
10946,0.014019205761728519
10482,0.00033009902970891267
6282,0.0007952385715714714
7882,0.00248074422326698
501,0.05009002700810243
16723,0.00006001800540162048
6767,0.00018005401620486145
698,0.000730219065719716
6753,0.2025807742322697
5949,0.0003601080324097229
10640,0.00007502250675202561
11082,0.0001700510153045914
11669,0.168815644693408
4318,0.00037511253376012804
15077,0.00020006001800540162
3549,0.00007502250675202561
15096,0.00001500450135040512
16837,0.0009452835850755226
7149,0.0024157247174152246
7267,0.000050015004501350405
5959,0.0022706812043613083
1256,0.0013604081224367311
3568,0.00024007202160648193
8241,0.00009502850855256577
654,0.0001700510153045914
5748,0.00001500450135040512
6177,0.004741422426728019
9349,0.00043012903871161347
16472,0.05443633089926978
635,0.00042512753826147844
13328,0.00021506451935580673
1744,0.014214264279283784
828,0.000735220566169851
1559,0.005181554466339902
3944,0.0015854756426928079
11525,0.0019805941782534762
13916,0.037106131839551866
5869,0.00004501350405121536
10865,0.0013053916174852456
3234,0.0000850255076522957
11522,0.0020556166850055017
13813,0.03670101030309093
11466,0.0015454636390917274
8304,0.0000850255076522957
13499,0.0001950585175552666
15826,0.0002350705211563469
16589,0.00038011403421026307
16552,0.00004501350405121536
9346,0.014939481844553366
11350,0.008062418725617686
7408,0.0008452535760728218
17071,0.01674002200660198
10725,0.0031159347804341304
2318,0.0013203961188356507
10385,0.0013354006201860558
12886,0.00061518455536661
11001,0.008122436731019306
6034,0.0003901170351105332
6941,0.006056817045113534
14368,0.001600480144043213
4985,0.00024507352205661696
12599,0.06262878863659098
15949,0.0011453436030809242
16347,0.0007152145643693108
9442,0.002190657197159148
13372,0.0001600480144043213
15576,0.0006702010603180954
4341,0.00010503150945283585
11762,0.000620186055816745
11674,0.00033009902970891267
2510,0.00977293187956387
11390,0.00123036911073322
17512,0.0007002100630189057
17384,0.003821146343903171
7444,0.0009352805841752526
10365,0.0005951785535660699
1395,0.0072621786535960785
3913,0.0000850255076522957
10418,0.003285985795738722
8250,0.000010003000900270082
44,0.00010003000900270081
15765,0.002820846253876163
7482,0.0034810443132939884
13139,0.026337901370411122
11285,0.00555666700010003
10621,0.00026507952385715713
7892,0.013389016705011504
11454,0.018405521656496948
8457,0.07971391417425228
16348,0.0008002400720216065
783,0.0006601980594178253
11361,0.024807442232669803
17170,0.007137141142342703
4200,0.00003000900270081024
14717,0.00125037511253376
8257,0.000050015004501350405
2194,0.000050015004501350405
10161,0.002715814744423327
13019,0.003300990297089127
277,0.018400520156046814
16927,0.0008952685805741722
12203,0.07481244373311993
880,0.0007152145643693108
11505,0.000740222066619986
9383,0.0010203060918275483
1025,0.0006601980594178253
11256,0.03374512353706112
10305,0.00249074722416725
6541,0.0023557067120136043
14574,0.00033009902970891267
13653,0.03423527058117435
3961,0.002545763729118736
14833,0.056882064619385816
9181,0.00043012903871161347
9880,0.0000850255076522957
12973,0.000985295588676603
3844,0.004051215364609383
8405,0.0032609782934880462
3226,0.000050015004501350405
5504,0.006101830549164749
8984,0.00048014404321296386
8083,0.0005451635490647195
9354,0.0013454036210863258
8964,0.0037911373412023606
2323,0.000050015004501350405
7923,0.0018155446633990196
3107,0.003185955786736021
2552,0.000025007502250675202
5777,0.00035010503150945284
12871,0.0016654996498949685
4694,0.000025007502250675202
11988,0.00020006001800540162
1984,0.011178353506051815
12833,0.01945083525057517
13347,0.0015704711413424028
10802,0.03697109132739822
15774,0.00048514554366309895
2561,0.00014004201260378114
1819,0.003581074322296689
3145,0.00008002400720216065
12031,0.002855856757027108
5309,0.00010003000900270081
1811,0.00020506151845553665
11146,0.00031509452835850753
11926,0.0037961388416524956
15040,0.0009552865859757927
12376,0.0031209362808842654
7126,0.00245073522056617
11010,0.020311093327998398
3321,0.0020406121836550966
12616,0.0002350705211563469
6280,0.002560768230469141
16104,0.23529058717615284
12743,0.020506151845553666
9132,0.008082424727418226
6809,0.00038011403421026307
6200,0.0009352805841752526
1554,0.002575772731819546
17017,0.0024157247174152246
9469,0.002865859757927378
1370,0.000005001500450135041
10521,0.0003100930279083725
1863,0.0001100330099029709
9501,0.00027508252475742724
4249,0.00004501350405121536
3939,0.005561668500550165
4366,0.003686105831749525
1966,0.022231669500850256
12531,0.13465039511853555
10710,0.00033009902970891267
5702,0.0001700510153045914
10010,0.01295888766629989
16524,0.0001950585175552666
2144,0.00025507652295688707
12148,0.00012503751125337602
11586,0.002915874762428729
6546,0.000010003000900270082
8246,0.0004201260378113434
12074,0.00004501350405121536
1451,0.0001700510153045914
850,0.00062518755626688
1688,0.0703411023306992
11433,0.00932779833950185
4754,0.00014504351305391616
10729,0.002075622686806042
5697,0.0008902670801240372
5302,0.00012003601080324097
8207,0.00029008702610783233
2337,0.00014004201260378114
16571,0.000025007502250675202
9809,0.0016805041512453736
2749,0.0014454336300890266
9286,0.004756426928078423
16907,0.0002700810243072922
15577,0.0015904771431429429
6176,0.0015154546363909172
12334,0.028928678603581073
5169,0.000005001500450135041
9905,0.000005001500450135041
14053,0.019345803741122335
1816,0.00012503751125337602
6095,0.0015204561368410523
9164,0.002825847754326298
3344,0.0002350705211563469
12608,0.000020006001800540163
5892,0.0008552565769730919
706,0.007287186155846754
13786,0.0019655896769030707
16546,0.0014054216264879464
8699,0.012708812643793138
2908,0.00020006001800540162
14080,0.0010653195958787636
3788,0.007652295688706612
146,0.000020006001800540163
2322,0.0026257877363208963
4628,0.0008302490747224168
11321,0.0015204561368410523
46,0.00003000900270081024
12320,0.01356406922076623
3821,0.0005201560468140442
10753,0.00043513053916174855
14589,0.004866459937981394
6051,0.00009002700810243072
8479,0.00007502250675202561
9622,0.00010503150945283585
12339,0.00020506151845553665
14807,0.06275882764829449
12914,0.0016404921476442932
15930,0.000020006001800540163
11154,0.0001100330099029709
942,0.0003100930279083725
16665,0.00015004501350405122
11555,0.0012603781134340301
11928,0.0014304291287386215
10313,0.0022706812043613083
1022,0.0017105131539461838
12589,0.0004151245373612084
12940,0.0013654096228868662
2289,0.0003100930279083725
10533,0.000745223567070121
9651,0.018115434630389116
11552,0.0007952385715714714
9014,0.00001500450135040512
653,0.0001350405121536461
6615,0.004771431429428829
13249,0.03630589176753026
1735,0.0001850555166549965
15075,0.044993498049414826
17431,0.00011503451035310594
183,0.0037611283385015504
13323,0.0005201560468140442
13511,0.007492247674302291
17399,0.03942182654796439
14801,0.002840852255676703
1741,0.00038011403421026307
14946,0.00024007202160648193
13575,0.007522256677003101
1910,0.000040012003601080326
10091,0.0012053616084825448
575,0.00035510653195958787
7767,0.002120636190857257
7887,0.014309292787836351
2643,0.00015004501350405122
9914,0.008682604781434431
11238,0.0034860458137441234
4471,0.013904171251375413
9852,0.0007852355706712014
10951,0.011703511053315995
9831,0.035160548164449336
13042,0.00014004201260378114
4668,0.00010503150945283585
16534,0.0008502550765229569
6577,0.026507952385715714
14612,0.0006601980594178253
12477,0.0010303090927278183
16057,0.0005001500450135041
6136,0.031224367310193058
7195,0.007667300190057017
12884,0.0010403120936280884
6281,0.0002600780234070221
16593,0.00033009902970891267
16576,0.0017105131539461838
11617,0.005806742022606782
12182,0.0002350705211563469
14775,0.0016554966489946985
7368,0.002205661698509553
17042,0.060828248474542365
5950,0.03366009802940882
11096,0.00027508252475742724
2358,0.0004901470441132339
8865,0.0001100330099029709
17000,0.000025007502250675202
6569,0.0026457937381214364
14236,0.0005951785535660699
13805,0.03660598179453836
8634,0.013539061718515554
9769,0.005076522956887066
8468,0.0008002400720216065
14097,0.015824747424227268
7606,0.0026908072421726516
16208,0.044378313494048215
3833,0.0003851155346603981
11863,0.005821746523957188
4121,0.00012003601080324097
9733,0.032464739421826545
1002,0.00008002400720216065
1904,0.00015004501350405122
11626,0.013193958187456237
5008,0.0000850255076522957
2368,0.0016504951485445635
8003,0.05626187856356907
10779,0.0007702310693207962
12543,0.001620486145843753
5152,0.0001850555166549965
7941,0.00023006902070621187
14924,0.003976192857857357
6162,0.00033009902970891267
3151,0.003310993297989397
10536,0.02160148044413324
2121,0.007292187656296889
1,0.003981194358307493
10768,0.0001700510153045914
9447,0.0018055416624987496
13473,0.0009752925877763329
5990,0.030774232269680905
11822,0.0040362108632589775
16168,0.0009902970891267381
9342,0.00013003901170351105
8850,0.00023006902070621187
9813,0.007112133640092028
4122,0.00006001800540162048
11209,0.0008702610783234971
14518,0.08122936881064319
6818,0.003981194358307493
13991,0.0042462738821646496
8248,0.001110333099929979
7410,0.000745223567070121
16197,0.0007052115634690407
2800,0.000020006001800540163
7509,0.00012503751125337602
420,0.00015004501350405122
12894,0.005461638491547465
15883,0.00046013804141242375
17525,0.0036310893267980393
7289,0.00006001800540162048
11161,0.004291287386215864
9738,0.03463539061718515
12196,0.044618385515654696
11037,0.0013604081224367311
5954,0.0013303991197359207
403,0.00370111033309993
14041,0.0002200660198059418
6352,0.0010703210963288986
7927,0.03234470341102331
5425,0.000010003000900270082
1726,0.0003200960288086426
11370,0.01969590877263179
10925,0.003956186856056817
8169,0.00426627988396519
1807,0.006471941582474742
6599,0.00022506752025607682
9163,0.014204261278383515
16252,0.0003200960288086426
293,0.001840552165649695
14390,0.0010603180954286285
6335,0.00010503150945283585
550,0.27481744523357005
8034,0.00032509752925877764
7357,0.0010603180954286285
15647,0.00033009902970891267
13636,0.0036360908272481743
12053,0.004476342902870861
9745,0.012683805141542463
11756,0.0006501950585175553
17382,0.0015854756426928079
8669,0.0009452835850755226
12675,0.00017505251575472642
12866,0.030049014704411323
5814,0.004136240872261679
1668,0.0027308192457737323
17335,0.000010003000900270082
8559,0.0013404021206361908
2496,0.006747024107232169
8465,0.0002950885265579674
10471,0.0007652295688706612
1742,0.00017505251575472642
8291,0.003200960288086426
14049,0.03149944983495048
8181,0.014509352805841752
9810,0.057697309192757826
15232,0.0018905671701510453
4207,0.000005001500450135041
5979,0.0008402520756226868
8060,0.007152145643693108
213,0.00045513654096228866
1991,0.005131539461838552
14089,0.00003000900270081024
9549,0.0005501650495148545
7642,0.00003000900270081024
17184,0.001970591177353206
5759,0.000010003000900270082
16076,0.024337301190357107
9090,0.0010453135940782234
8231,0.08347504251275382
718,0.05860758227468241
17034,0.0000850255076522957
5744,0.0001700510153045914
1134,0.05246073822146644
9149,0.00040012003601080324
8340,0.0025307592277683303
10226,0.0007802340702210664
9892,0.0005351605481644493
14397,0.0016404921476442932
2295,0.0008502550765229569
1709,0.01706511953586076
13723,0.0007952385715714714
9692,0.003245973792137641
6962,0.6655396618985696
8637,0.0008002400720216065
9898,0.0009102730819245773
7987,0.006481944583375012
9885,0.004151245373612084
7450,0.00025007502250675204
6784,0.0016805041512453736
16707,0.002970891267380214
26,0.04047714314294288
6895,0.0016504951485445635
11898,0.00030509152745823747
9568,0.0018555566670001
5790,0.0006001800540162049
5901,0.000740222066619986
11851,0.00009002700810243072
8809,0.0008752625787736321
13565,0.006742022606782035
1231,0.00061518455536661
11278,0.077518255476643
5737,0.000020006001800540163
17540,0.0039611883565069525
1494,0.0013003901170351106
11755,0.000365109532859858
5257,0.0000850255076522957
2201,0.00014004201260378114
1982,0.00007002100630189057
16090,0.06098329498849655
8807,0.0001700510153045914
12829,0.001225367610283085
16816,0.002105631689506852
9793,0.003090927278183455
12316,0.00014004201260378114
7327,0.0011253376012803841
11787,0.0022906872061618485
5265,0.00042512753826147844
15923,0.0012203661098329499
6706,0.0011253376012803841
3910,0.00992297689306792
11738,0.0008902670801240372
6769,0.00025007502250675204
7278,0.0010003000900270082
6687,0.0677003100930279
5214,0.00020006001800540162
15878,0.00010503150945283585
6596,0.008212463739121736
16109,0.004261278383515054
3177,0.00035010503150945284
7577,0.003461038311493448
2775,0.000035010503150945284
1995,0.038641592477743326
12093,0.0020356106832049616
9518,0.024357307192157646
8289,0.0010353105931779534
16099,0.00043513053916174855
6841,0.000010003000900270082
2516,0.0001850555166549965
8296,0.001245373612083625
14068,0.0002350705211563469
16036,0.00013003901170351105
9863,0.0017955386615984795
8025,0.0005201560468140442
3576,0.00047514254276282883
7194,0.0002950885265579674
11677,0.03464039211763529
11463,0.00040512153646093827
14613,0.05677203160948285
8660,0.006006802040612184
12494,0.00022506752025607682
395,0.0008802640792237672
2911,0.0001850555166549965
7572,0.16024307292187656
12890,0.0009152745823747125
12163,0.0002200660198059418
9208,0.00062518755626688
9770,0.007847354206261878
6354,0.0010203060918275483
9571,0.00005501650495148545
7105,0.0001700510153045914
11535,0.00250075022506752
2603,0.00005501650495148545
8577,0.0007902370711213364
3103,0.000020006001800540163
7573,0.017005101530459137
6202,0.004856456937081124
7962,0.007227168150445134
5711,0.0004451335400620186
1361,0.002575772731819546
17057,0.0017805341602480744
8843,0.0003100930279083725
12790,0.029778933680104033
2468,0.006661998599579874
2745,0.002570771231369411
8942,0.007022106631989597
10194,0.00007502250675202561
6438,0.0019305791737521257
4581,0.0000850255076522957
8290,0.0019105731719515854
9206,0.009897969390817244
14477,0.011603481044313293
14125,0.10185055516654996
15186,0.0024107232169650896
5167,0.000010003000900270082
736,0.09105731719515854
11101,0.0031059317795338603
3865,0.0000850255076522957
15344,0.000985295588676603
15797,0.0034910473141942584
7794,0.024432329698909672
2058,0.00040512153646093827
10169,0.0011953586075822747
13963,0.002600780234070221
4634,0.0006101830549164749
11467,0.03163949184755427
8969,0.0014454336300890266
2928,0.0003851155346603981
1803,0.0027008102430729217
10129,0.42600280084025205
17413,0.00011503451035310594
15469,0.008582574772431729
6487,0.001830549164749425
435,0.18739121736520956
9589,0.00019005701710513153
7177,0.004801440432129639
6461,0.000370111033309993
11335,0.0037711313394018205
20,0.00011503451035310594
11203,0.0003851155346603981
13222,0.0003401020306091828
500,0.05755226567970391
9226,0.012513754126237871
9726,0.009677903371011303
3183,0.00003000900270081024
11602,0.014079223767130139
13811,0.001245373612083625
9205,0.0033560068020406122
13405,0.00046013804141242375
6807,0.02535260578173452
12077,0.038516554966489945
325,0.003981194358307493
2099,0.012683805141542463
15830,0.0015604681404421327
12396,0.10883765129538861
17136,0.0001600480144043213
10472,0.00013003901170351105
12480,0.0014154246273882164
12067,0.022016604981494447
10033,0.001860558167450235
9968,0.00001500450135040512
13580,0.0002350705211563469
12097,0.001605481644493348
6585,0.0015304591377413223
17446,0.00007502250675202561
17001,0.002110633189956987
1421,0.00003000900270081024
15286,0.010798239471841553
13592,0.003826147844353306
2005,0.000010003000900270082
411,0.00016504951485445633
6252,0.00048514554366309895
4196,0.000010003000900270082
4753,0.002230669200760228
4619,0.000050015004501350405
14126,0.00033009902970891267
7284,0.008862658797639292
5832,0.008412523757127139
16621,0.00033009902970891267
13633,0.0019505851755526658
16145,0.000620186055816745
16456,0.03684605381614484
9362,0.02169150745223567
7544,0.0007152145643693108
5055,0.000010003000900270082
9515,0.04613884165249575
5872,0.000040012003601080326
17113,0.0010703210963288986
10544,0.017965389616885066
12959,0.0019155746724017204
4824,0.0000850255076522957
12902,0.0003901170351105332
11093,0.0009302790837251176
9637,0.017160148044413324
6396,0.000040012003601080326
7659,0.00005501650495148545
3761,0.000370111033309993
14967,0.018110433129938982
1240,0.002210663198959688
12794,0.005361608482544763
10997,0.004906471941582475
4780,0.000040012003601080326
14596,0.099444833450035
6432,0.00045513654096228866
6215,0.0010203060918275483
14384,0.0014454336300890266
9194,0.001975592677803341
10223,0.004691407422226668
11134,0.0059817945383615085
6567,0.003561068320496149
1713,0.000730219065719716
8632,0.03375512653796139
13969,0.0010753225967790336
13696,0.000020006001800540163
3328,0.0022956887066119835
13638,0.0007802340702210664
6860,0.18655096528958687
12055,0.018095428628588577
2478,0.0001700510153045914
8333,0.0845703711113334
14624,0.0011303391017305191
4643,0.00043012903871161347
1506,0.0007502250675202561
14915,0.0003851155346603981
13534,0.0011953586075822747
4940,0.00009502850855256577
4661,0.00017505251575472642
17047,0.0004151245373612084
10550,0.0009602880864259277
9748,0.014274282284685406
16676,0.0006101830549164749
2275,0.00007002100630189057
9925,0.0019155746724017204
1906,0.0011303391017305191
13674,0.0013954186255876763
1075,0.0072521756526958085
12373,0.0020256076823046915
12638,0.0010353105931779534
9032,0.0019055716715014504
7870,0.0031359407822346705
7484,0.0005251575472641792
1254,0.002125637691307392
2710,0.002230669200760228
11144,0.007437231169350805
15069,0.011158347504251275
14788,0.002205661698509553
8024,0.0004951485445633691
6620,0.029058717615284585
2506,0.00024007202160648193
14753,0.00011503451035310594
3139,0.000040012003601080326
14978,0.0006802040612183656
13832,0.0023707112133640094
11649,0.0030459137741322396
3850,0.0006601980594178253
14436,0.004631389416825047
5819,0.0013454036210863258
6142,0.00030009002700810244
13890,0.06488946684005202
10417,0.02716815044513354
17375,0.000005001500450135041
9263,0.00009502850855256577
17378,0.0006451935580674203
5639,0.000020006001800540163
9412,0.00033009902970891267
4337,0.00017505251575472642
12236,0.0037361208362508753
6922,0.0030609182754826447
11991,0.000025007502250675202
11870,0.006356907072121636
11715,0.0005051515454636391
8529,0.00007502250675202561
2754,0.00006001800540162048
2531,0.0002200660198059418
17266,0.0007952385715714714
2528,0.002135640692207662
6903,0.009152745823747125
13154,0.00033009902970891267
3417,0.00025507652295688707
7765,0.0011953586075822747
16872,0.000005001500450135041
9932,0.001105331599479844
15161,0.000010003000900270082
17309,0.0006601980594178253
10450,0.002555766730019006
12561,0.0005801740522156647
13415,0.0001700510153045914
17155,0.006717015104531359
3,0.0023807142142642794
5617,0.0004401320396118836
8288,0.004676402920876263
15272,0.00123036911073322
71,0.02410223066920076
1320,0.0026557967390217064
669,0.010958287486245874
9617,0.0000850255076522957
4706,0.00016504951485445633
13490,0.03766629988996699
16340,0.00033009902970891267
2119,0.0018705611683505052
16178,0.00030009002700810244
8162,0.0002700810243072922
11191,0.0013003901170351106
14857,0.013243973191957588
13427,0.0022756827048114434
15063,0.0006051815544663399
7011,0.014649394818445533
5334,0.000005001500450135041
5861,0.00001500450135040512
265,0.0006501950585175553
1753,0.00003000900270081024
17061,0.016990097029108732
12387,0.018410523156947085
4625,0.000730219065719716
1965,0.0008402520756226868
16668,0.0009052715814744423
15008,0.015199559867960389
4713,0.0002700810243072922
7754,0.0005501650495148545
16060,0.0002600780234070221
12593,0.0010803240972291689
14378,0.00004501350405121536
348,0.00032509752925877764
12448,0.0023607082124637393
11419,0.02923377013103931
9196,0.0010753225967790336
8298,0.0008102430729218765
11656,0.00005501650495148545
12106,0.0004951485445633691
2419,0.000025007502250675202
14469,0.0005451635490647195
9006,0.00047514254276282883
14096,0.0018055416624987496
5926,0.000005001500450135041
535,0.0008402520756226868
16436,0.038326497949384815
269,0.01913073922176653
15943,0.000005001500450135041
11527,0.03308992697809343
1323,0.00736220866259878
14929,0.0003351005301590477
8886,0.0003451035310593178
7302,0.00425627688306492
16897,0.00001500450135040512
1783,0.0003200960288086426
14849,0.003571071321396419
837,0.0000850255076522957
231,0.00042512753826147844
13117,0.00045513654096228866
13887,0.00010003000900270081
9673,0.046353906171851554
15182,0.0009952985895768731
1681,0.03528058417525257
13564,0.0044063218965689705
15894,0.002515754726417925
8071,0.07731819545863759
15328,0.05812743823146944
17303,0.000010003000900270082
13151,0.00006001800540162048
5079,0.0013804141242372712
12315,0.003571071321396419
8283,0.0008702610783234971
11216,0.1545263579073722
8240,0.004696408922676803
13517,0.10720716214864459
5132,0.0001700510153045914
5411,0.00024507352205661696
9420,0.00031509452835850753
12560,0.0013454036210863258
7939,0.003290987296188857
13105,0.0005301590477143143
6964,0.021421426427928377
1778,0.00043012903871161347
15391,0.0014154246273882164
5969,0.15946784035210562
7218,0.0023707112133640094
8573,0.10404121236370911
11672,0.00003000900270081024
11601,0.00679703911173352
9443,0.0020406121836550966
5940,0.000010003000900270082
6915,0.00040512153646093827
6174,0.0023156947084125236
8057,0.1242522756827048
14626,0.03763128938681604
10527,0.0010303090927278183
15494,0.014639391817545264
7615,0.001245373612083625
15909,0.00033009902970891267
2242,0.02179153746123837
11483,0.00018005401620486145
2525,0.000025007502250675202
7424,0.03337001100330099
1578,0.0005701710513153946
1925,0.0010703210963288986
4845,0.00011503451035310594
12701,0.0001950585175552666
2017,0.002590777233169951
1029,0.0006301890567170151
553,0.2558117435230569
8475,0.005911773532059618
1088,0.00020506151845553665
3424,0.000010003000900270082
4636,0.0001700510153045914
9056,0.00033009902970891267
7859,0.00557667300190057
5783,0.00012503751125337602
7580,0.15220566169850955
14005,0.0003451035310593178
11732,0.020191057317195157
12061,0.06019805941782535
10067,0.02975892767830349
12888,0.0008102430729218765
10923,0.0004151245373612084
10637,0.000035010503150945284
16992,0.003921176352905871
10617,0.00017505251575472642
359,0.03725117535260578
6734,0.004151245373612084
3325,0.0001700510153045914
14403,0.10759727918375513
7707,0.002615784735420626
8118,0.00025507652295688707
7757,0.0013354006201860558
14517,0.0020356106832049616
4612,0.00011503451035310594
6333,0.038376512953886166
11157,0.011443433029908972
12962,0.0010353105931779534
11590,0.000985295588676603
10447,0.00033009902970891267
6210,0.00047514254276282883
9600,0.00025507652295688707
3431,0.00008002400720216065
236,0.003921176352905871
10819,0.005101530459137742
16863,0.00009502850855256577
7798,0.006732019605881765
12219,0.000020006001800540163
1600,0.00022506752025607682
2671,0.000010003000900270082
6182,0.0004151245373612084
5317,0.009602880864259278
6920,0.05482144643393018
12535,0.0002850855256576973
6717,0.0018655596679003701
7168,0.022616785035510654
5068,0.0007152145643693108
4351,0.018810643192957888
2524,0.0005301590477143143
12619,0.00037511253376012804
1503,0.0001100330099029709
5863,0.00006501950585175553
13071,0.0016905071521456437
712,0.00033009902970891267
6993,0.0023807142142642794
11243,0.00033009902970891267
702,0.016229868960688208
11395,0.0002700810243072922
10382,0.006762028608582575
1504,0.017030109032709812
6251,0.0009052715814744423
4436,0.00011503451035310594
4771,0.00042512753826147844
11303,0.0011253376012803841
11799,0.0015254576372911873
12132,0.06567470241072322
14484,0.009677903371011303
6929,0.0021556466940082022
3849,0.003346003801140342
13695,0.0006051815544663399
14879,0.00369110733219966
3918,0.0005601680504151245
16324,0.0021556466940082022
5893,0.00009002700810243072
9087,0.00042512753826147844
16431,0.0009652895868760629
12242,0.002180654196258878
10985,0.018680604181254376
13492,0.00048014404321296386
13438,0.06848054416324897
12327,0.02769330799239772
10815,0.028108432529758927
881,0.0052515754726417925
4606,0.00012503751125337602
148,0.0008202460738221466
10974,0.07886365909772931
3146,0.004811443433029909
2488,0.00007502250675202561
12199,0.0005751725517655296
6371,0.00030509152745823747
9802,0.04504851455436631
16058,0.00010503150945283585
1518,0.01933079923977193
3446,0.0001600480144043213
2762,0.00021506451935580673
12832,0.020471141342402722
7191,0.004551365409622887
8967,0.0004151245373612084
10231,0.13034910473141942
3846,0.0007052115634690407
9340,0.000020006001800540163
15890,0.0002350705211563469
2021,0.0001700510153045914
5254,0.0003601080324097229
3571,0.0009802940882264678
1448,0.00025507652295688707
9984,0.00009002700810243072
17060,0.0017005101530459137
10628,0.0010603180954286285
3973,0.00028008402520756227
6891,0.0037661298389516855
1617,0.0000850255076522957
8790,0.0005301590477143143
10681,0.0016604981494448335
1133,0.002105631689506852
3271,0.000025007502250675202
4466,0.000050015004501350405
4954,0.00025507652295688707
9255,0.009552865859757927
3805,0.003195958787636291
5574,0.000025007502250675202
15253,0.1050515154546364
8419,0.01491447434230269
1535,0.0001700510153045914
6909,0.00010503150945283585
2544,0.00004501350405121536
7617,0.0023857157147144144
1409,0.0015754726417925378
14061,0.059532859857957386
7556,0.00046013804141242375
5072,0.0000850255076522957
5698,0.0013554066219865959
598,0.0001700510153045914
2637,0.000020006001800540163
9807,0.06528458537561269
9458,0.1282634790437131
4090,0.00019005701710513153
16794,0.0010053015904771432
16271,0.0003351005301590477
72,0.00024507352205661696
8312,0.007287186155846754
14000,0.019515854756426927
14669,0.0008802640792237672
1162,0.0002700810243072922
1492,0.0003200960288086426
12283,0.008222466740022007
13398,0.0003451035310593178
7697,0.0005601680504151245
1684,0.00855256576973092
15601,0.0020656196859057717
2246,0.019780934280284084
14909,0.01466439931979594
8302,0.0005701710513153946
10874,0.03129438831649495
6532,0.0028958687606281883
13387,0.025662698809642892
10994,0.00025007502250675204
3941,0.011608482544763429
7136,0.000005001500450135041
8693,0.0005051515454636391
6247,0.00031509452835850753
6469,0.003336000800240072
14359,0.000005001500450135041
13660,0.0019655896769030707
11374,0.020216064819445833
14973,0.0006952085625687706
1523,0.0001700510153045914
4143,0.0004901470441132339
3223,0.00062518755626688
17507,0.013864159247774331
54,0.022876863058917674
6181,0.024552365709712913
10952,0.08387016104831449
11891,0.013263979193758128
12789,0.007337201160348104
2599,0.0021506451935580672
4319,0.0001700510153045914
5486,0.009747924377313194
14015,0.0009202760828248475
12118,0.014544363308992697
16891,0.0009252775832749825
6408,0.00005501650495148545
5636,0.000005001500450135041
13620,0.0030259077723316995
5304,0.000005001500450135041
12850,0.03414524357307192
10611,0.0003351005301590477
1214,0.03904671401420426
47,0.000020006001800540163
11318,0.000365109532859858
7722,0.0009402820846253876
6737,0.0005951785535660699
8138,0.0013554066219865959
2449,0.000040012003601080326
7078,0.0010503150945283585
1135,0.05247074122236671
841,0.000005001500450135041
10082,0.0022556767030109033
11356,0.002915874762428729
17004,0.000020006001800540163
8134,0.003956186856056817
1802,0.005361608482544763
9466,0.0012053616084825448
6804,0.002880864259277783
4001,0.00001500450135040512
12069,0.00009502850855256577
11127,0.00048014404321296386
9093,0.0010803240972291689
8519,0.0037911373412023606
5270,0.0001700510153045914
11950,0.0024007202160648195
13691,0.0009302790837251176
1780,0.0013153946183855156
9938,0.0009502850855256577
11733,0.021081324397319197
10764,0.0006401920576172852
12766,0.001090327098129439
9152,0.0023156947084125236
10825,0.0006651995598679604
7438,0.0008402520756226868
9796,0.007507252175652696
14,0.00020506151845553665
16129,0.00005501650495148545
4724,0.0015004501350405122
4587,0.0006451935580674203
1509,0.00021506451935580673
13158,0.026122836851055316
8971,0.000005001500450135041
17293,0.000010003000900270082
10023,0.0005001500450135041
224,0.02787336200860258
13186,0.00062518755626688
4015,0.0030259077723316995
13054,0.0004651395418625588
9481,0.01898069420826248
16382,0.00006001800540162048
12495,0.0022806842052615784
9800,0.0015854756426928079
11942,0.004906471941582475
16815,0.0002700810243072922
5689,0.00032509752925877764
2502,0.000010003000900270082
2482,0.00006001800540162048
15851,0.0069020706211863556
10652,0.000020006001800540163
8980,0.0010803240972291689
15294,0.05193558067420226
12359,0.0006001800540162049
4680,0.00033009902970891267
9512,0.02614284285285586
15987,0.00004501350405121536
1288,0.001480444133239972
97,0.00010003000900270081
12607,0.0004101230369110733
1312,0.0018155446633990196
6766,0.00040512153646093827
2497,0.000020006001800540163
12820,0.00003000900270081024
1196,0.00025507652295688707
6117,0.0008602580774232269
1389,0.00008002400720216065
16102,0.06514954486345904
15362,0.00123036911073322
9316,0.005361608482544763
3535,0.0013103931179353806
3375,0.00007002100630189057
4106,0.005236570971291387
12747,0.0005651695508652596
16292,0.0002600780234070221
3189,0.00001500450135040512
16284,0.0008952685805741722
17055,0.003956186856056817
16266,0.000050015004501350405
5505,0.0001700510153045914
8770,0.0019355806742022608
8124,0.00023006902070621187
8108,0.00006001800540162048
3695,0.00033009902970891267
11083,0.0013103931179353806
15363,0.0006501950585175553
3903,0.0003100930279083725
303,0.00046013804141242375
17461,0.000735220566169851
1279,0.000010003000900270082
12354,0.007417225167550265
1694,0.056371911573472044
9959,1
9283,0.009482844853456037
3753,0.0010003000900270082
6110,0.0058767630289086725
10553,0.0019605881764529357
15746,0.00021506451935580673
10341,0.0005901770531159348
16215,0.06932579773932179
10879,0.003936180854256277
1454,0.0000850255076522957
7879,0.013709112733820146
5437,0.002185655696709013
12412,0.24777933380014006
6794,0.0002100630189056717
2586,0.000025007502250675202
10407,0.0006101830549164749
10236,0.0946333900170051
14056,0.001610483144943483
13110,0.00011503451035310594
8995,0.0003100930279083725
5226,0.00020006001800540162
5441,0.0038861658497549266
13146,0.0009052715814744423
14847,0.001830549164749425
15341,0.0008302490747224168
4504,0.00009002700810243072
4545,0.000025007502250675202
7860,0.016925077523256976
5063,0.0004101230369110733
3891,0.000035010503150945284
2292,0.0019655896769030707
5840,0.00024507352205661696
243,0.0002600780234070221
10931,0.000620186055816745
13482,0.011643493047914375
13103,0.0010453135940782234
5996,0.005301590477143143
11080,0.0012203661098329499
1670,0.0005401620486145844
6961,0.6646343903170951
12842,0.0001850555166549965
8293,0.0005601680504151245
11464,0.02131639491847554
4102,0.011733520056016805
3359,0.0004901470441132339
1261,0.001615484645393618
13515,0.03999699909972992
17073,0.0051465439631889565
16420,0.029583875162548765
11071,0.018550565169550864
6654,0.0021606481944583377
14638,0.0000850255076522957
7137,0.005231569470841252
11221,0.101370411123337
12579,0.00062518755626688
17400,0.0009902970891267381
105,0.000050015004501350405
9687,0.0045013504051215365
1705,0.0026808042412723816
14007,0.0012853856156847055
1724,0.0022906872061618485
8431,0.013719115734720417
15664,0.03011403421026308
4590,0.00032509752925877764
2921,0.000020006001800540163
6779,0.1311443433029909
10870,0.0009752925877763329
13645,0.0010103030909272782
13668,0.016584975492647796
13539,0.0006401920576172852
7644,0.0009102730819245773
16475,0.0023757127138141444
15047,0.05538661598479544
5421,0.0003401020306091828
13428,0.0026808042412723816
2172,0.005401620486145843
4796,0.00023006902070621187
16139,0.00021506451935580673
7208,0.00557667300190057
1543,0.002860858257477243
1071,0.20110533159947985
2588,0.000050015004501350405
448,0.18902170651195357
10298,0.0013704111233370012
5754,0.000020006001800540163
11033,0.0019805941782534762
15483,0.000005001500450135041
13325,0.00015504651395418625
15502,0.015224567370211063
10890,0.00024507352205661696
3991,0.0012703811143343004
7449,0.001605481644493348
7531,0.002205661698509553
1156,0.00494148244473342
10559,0.00033009902970891267
4662,0.0001350405121536461
2659,0.0002100630189056717
2830,0.00011503451035310594
14686,0.00045013504051215364
2298,0.000620186055816745
2662,0.000010003000900270082
5431,0.0011653496048814643
10299,0.0005701710513153946
3684,0.016339901970591177
6447,0.011988596578973693
2877,0.00048014404321296386
9624,0.0009402820846253876
12503,0.09041212363709113
11459,0.0006601980594178253
7605,0.0008302490747224168
11274,0.030484145243573072
12087,0.0026357907372211663
1204,0.00027508252475742724
11890,0.013429028708612584
1868,0.0001350405121536461
5736,0.0000850255076522957
2,0.0003200960288086426
13878,0.005871761528458538
3332,0.0011903571071321397
14556,0.0009002700810243073
8878,0.0005901770531159348
8402,0.0008152445733720116
6453,0.002715814744423327
10366,0.000020006001800540163
8818,0.001110333099929979
8653,0.10414124237271181
13558,0.006331899569870961
3745,0.0006601980594178253
13315,0.10286585975792738
9295,0.011288386515954787
6261,0.009282784835450635
5618,0.07358207462238672
15065,0.013479043713113934
13230,0.0026858057417225166
9632,0.017320196058817645
10909,0.0005551665499649895
11201,0.0005101530459137741
8892,0.0009502850855256577
12230,0.0007852355706712014
15920,0.001595478643593078
14486,0.000985295588676603
832,0.0003401020306091828
8474,0.00004501350405121536
7795,0.005831749524857458
9479,0.01860558167450235
13164,0.0023957187156146845
2654,0.00017505251575472642
13214,0.14542362708812645
17423,0.0003200960288086426
14667,0.001600480144043213
4195,0.00006501950585175553
12536,0.24775432629788938
13538,0.00012503751125337602
14936,0.0005701710513153946
11816,0.3235870761228368
15266,0.0017905371611483445
15439,0.00018005401620486145
9139,0.000005001500450135041
6530,0.0015804741422426728
16779,0.0028058417525257577
5578,0.001470441132339702
12017,0.00030509152745823747
17105,0.00046013804141242375
16256,0.0013003901170351106
6101,0.00010003000900270081
16726,0.000025007502250675202
4513,0.00015504651395418625
3548,0.000050015004501350405
15292,0.009637891367410223
5136,0.0000850255076522957
11393,0.008707612283685105
1005,0.000005001500450135041
17250,0.000035010503150945284
178,0.000050015004501350405
13929,0.001850555166549965
12875,0.0047764329298789635
7866,0.0005151545463639092
3790,0.0008502550765229569
12439,0.017595278583575073
6417,0.006982094628388517
8511,0.002505751725517655
9379,0.0005451635490647195
15771,0.0011453436030809242
1422,0.0019305791737521257
1442,0.00033009902970891267
7709,0.0004101230369110733
851,0.000745223567070121
8970,0.0008102430729218765
11354,0.00015004501350405122
16562,0.0006351905571671502
11198,0.00020006001800540162
7781,0.000005001500450135041
11685,0.001730519155746724
16200,0.00033009902970891267
12401,0.00048514554366309895
827,0.001480444133239972
16491,0.0009802940882264678
11074,0.0008302490747224168
12475,0.0014454336300890266
12825,0.0009102730819245773
15225,0.00038011403421026307
6470,0.002210663198959688
7021,0.005866760028008402
14763,0.0008302490747224168
1335,0.000020006001800540163
17483,0.00033009902970891267
182,0.0024207262178653596
11736,0.2244773432029609
8524,0.007117135140542162
13030,0.0017705311593478044
13,0.00016504951485445633
5014,0.0008752625787736321
9432,0.003320996298889667
6476,0.017580274082224668
2746,0.0005901770531159348
12905,0.0012003601080324098
6742,0.0005501650495148545
9511,0.014539361808542563
7785,0.0012053616084825448
2143,0.0047014104231269385
8449,0.0030409122736821045
15254,0.1016404921476443
10468,0.001095328598579574
6123,0.004556366910073022
16826,0.006211863559067721
4573,0.0003601080324097229
15216,0.0006902070621186356
11184,0.06968590577173152
9729,0.0005401620486145844
9970,0.012743823146944083
9070,0.0008252475742722817
17005,0.00047514254276282883
14382,0.00015504651395418625
13378,0.06337901370411124
707,0.002225667700310093
10800,0.02827848354506352
2546,0.00006001800540162048
8441,0.002090627188156447
16687,0.00015504651395418625
14004,0.0019555866760028007
9650,0.009537861358407522
2354,0.0005101530459137741
6857,0.12557267180154047
10147,0.03434530359107733
8985,0.02387216164849455
17130,0.000730219065719716
5787,0.000010003000900270082
4293,0.001625487646293888
14609,0.032819845953786134
734,0.08520556166850055
15872,0.0003901170351105332
1356,0.00003000900270081024
275,0.0018155446633990196
6091,0.0011303391017305191
7254,0.00030009002700810244
7004,0.00033009902970891267
555,0.2790687206161849
9232,0.026357907372211664
11800,0.0005851755526657997
89,0.00037511253376012804
12246,0.0015004501350405122
2768,0.004576372911873562
6099,0.0004951485445633691
5674,0.0003901170351105332
8011,0.005481644493348005
16063,0.00029008702610783233
6868,0.000005001500450135041
12205,0.2603731119335801
9840,0.007157147144143243
7762,0.01973592077623287
10048,0.0005351605481644493
1568,0.00040512153646093827
13483,0.0002350705211563469
8175,0.017420226067820347
10538,0.0026407922376713014
15937,0.0024207262178653596
10625,0.0013003901170351106
1281,0.000005001500450135041
3827,0.3538311493448034
6733,0.0001600480144043213
5188,0.000050015004501350405
8562,0.002815844753426028
9100,0.0003451035310593178
1824,0.0036560968290487144
12413,0.018205461638491547
1070,0.20097529258777633
6243,0.00018005401620486145
7566,0.09857957387216165
11235,0.0031259377813344005
16235,0.014524357307192157
1725,0.00061518455536661
10062,0.0018055416624987496
3100,0.00005501650495148545
12184,0.0035110533159947986
4991,0.002950885265579674
1953,0.017715314594378313
13460,0.001465439631889567
11284,0.007847354206261878
3757,0.00031509452835850753
11657,0.0010603180954286285
8665,0.0009552865859757927
7080,0.02843853155946784
17436,0.0010103030909272782
3808,0.0063519055716715015
8077,0.004691407422226668
7656,0.03416024807442233
4368,0.003621086325897769
2791,0.00001500450135040512
8187,0.003310993297989397
687,0.02039111733520056
12253,0.0065119535860758224
13611,0.0015804741422426728
12904,0.0017605281584475343
15572,0.0019855956787036113
10766,0.000010003000900270082
4126,0.000050015004501350405
8502,0.0006902070621186356
1511,0.00018005401620486145
13195,0.0012003601080324098
13497,0.00014504351305391616
11073,0.00024507352205661696
13679,0.046864059217765326
11526,0.0028058417525257577
1916,0.0032559767930379112
17056,0.0038511553466039814
10569,0.0008602580774232269
9667,0.0002200660198059418
11102,0.007502250675202561
3765,0.000050015004501350405
15408,0.002870861258377513
5227,0.00008002400720216065
6812,0.2076072821846554
12994,0.0007602280684205261
5862,0.00020506151845553665
5034,0.0017655296588976693
14578,0.0008152445733720116
13060,0.000365109532859858
557,0.003341002300690207
15224,0.0013954186255876763
15089,0.0007952385715714714
16564,0.005771731519455836
6783,0.0004101230369110733
9301,0.0004401320396118836
14755,0.0001700510153045914
9310,0.0006601980594178253
12386,0.0008202460738221466
7274,0.0004901470441132339
2529,0.001840552165649695
13698,0.000005001500450135041
1287,0.0020656196859057717
15184,0.0012053616084825448
12381,0.007492247674302291
9920,0.0019905971791537463
10265,0.00024507352205661696
5977,0.0003351005301590477
863,0.0011553466039811943
16083,0.07422726818045414
691,0.007642292687806342
15609,0.0009602880864259277
13729,0.07379713914174252
14189,0.0011303391017305191
12650,0.0003451035310593178
7863,0.00029008702610783233
11225,0.05271581474442333
289,0.030239071721516454
15841,0.000010003000900270082
6125,0.04803441032309693
3836,0.02391217365209563
12655,0.00015504651395418625
6382,0.00048014404321296386
17083,0.014969490847254177
8849,0.0008952685805741722
9368,0.0009902970891267381
816,0.000010003000900270082
2533,0.00003000900270081024
8444,0.013123937181154345
5234,0.008957687306191857
8747,0.0042362708812643795
4286,0.00249074722416725
4633,0.0007152145643693108
1809,0.0001600480144043213
10749,0.0007202160648194458
11173,0.005101530459137742
7864,0.0006351905571671502
10346,0.00024507352205661696
9514,0.0007202160648194458
12606,0.00013003901170351105
10564,0.002515754726417925
7764,0.0006401920576172852
4745,0.0001850555166549965
4412,0.00025507652295688707
11975,0.016815044513354006
9533,0.0000850255076522957
1757,0.00010503150945283585
13433,0.04436330899269781
13809,0.036711013303991194
13582,0.006051815544663399
6057,0.0009202760828248475
11575,0.0009902970891267381
15365,0.0003401020306091828
13419,0.003346003801140342
8314,0.0996148844653396
11475,0.00033009902970891267
5243,0.008562568770631189
4519,0.0002950885265579674
4390,0.0002850855256576973
12158,0.0013203961188356507
15303,0.0004401320396118836
1436,0.0009902970891267381
12703,0.03003401020306092
8318,0.00013003901170351105
5308,0.0011353406021806542
9112,0.009727918375512654
3284,0.000040012003601080326
207,0.00014004201260378114
7651,0.003190957287186156
6893,0.004086225867760328
11776,0.1592377713313994
2274,0.002175652695808743
13180,0.05474142242672802
6322,0.000865259577873362
1099,0.036711013303991194
4327,0.003926177853356007
1419,0.008007402220666199
7355,0.006226868060418125
6729,0.001595478643593078
11150,0.10813243973191958
1771,0.0062468740622186655
2889,0.000025007502250675202
9519,0.0007952385715714714
9185,0.0005301590477143143
14163,0.0001850555166549965
763,0.048049414824447335
1661,0.002235670701210363
14522,0.0007002100630189057
11880,0.00033009902970891267
15892,0.0003451035310593178
2300,0.0005601680504151245
903,0.0009902970891267381
14721,0.0034210263078923676
17102,0.015029508852655797
9546,0.01359407822346704
1524,0.023927178153446034
2750,0.0005151545463639092
2225,0.026347904371311393
13586,0.009797939381814544
9115,0.03137441232369711
9980,0.004071221366409923
11997,0.00027508252475742724
12945,0.0002700810243072922
3575,0.0007152145643693108
11558,0.014584375312593777
721,0.0013203961188356507
12868,0.006571971591477444
916,0.0009102730819245773
16792,0.00037511253376012804
689,0.151555466639992
5593,0.049834950485145545
14920,0.006266880064019206
12714,0.00030009002700810244
7693,0.0011503451035310593
12105,0.000365109532859858
17050,0.2062668800640192
14567,0.0014354306291887566
16430,0.05763228968690607
15623,0.0009902970891267381
12982,0.0007202160648194458
3787,0.0001700510153045914
2748,0.00007002100630189057
17457,0.000040012003601080326
12361,0.000370111033309993
15741,0.00001500450135040512
1209,0.0005501650495148545
1993,0.00020506151845553665
14795,0.00560668200460138
17336,0.000005001500450135041
515,0.0017705311593478044
11317,0.0016955086525957787
8136,0.004441332399719916
15944,0.0001600480144043213
12311,0.02510253075922777
10620,0.00035010503150945284
7985,0.0003451035310593178
10464,0.002195658697609283
12442,0.001120336100830249
14098,0.004656396919075723
5580,0.001485445633690107
3113,0.00035510653195958787
16220,0.0006601980594178253
5570,0.0011253376012803841
9803,0.04095728718615585
17253,0.00003000900270081024
12819,0.000865259577873362
3274,0.000035010503150945284
2657,0.000005001500450135041
10100,0.0034310293087926377
949,0.00001500450135040512
7611,0.004321296388916675
9758,0.001455436630989297
11697,0.0001100330099029709
14569,0.001460438131439432
6416,0.008297489246774032
16818,0.0009652895868760629
13488,0.03801140342102631
10332,0.00001500450135040512
8114,0.0007752325697709313
16388,0.001090327098129439
792,0.020636190857257177
6689,0.002880864259277783
14614,0.06239371811543463
11884,0.007712313694108233
443,0.006436931079323797
5010,0.0009552865859757927
12128,0.003205961788536561
7354,0.0019805941782534762
8828,0.0019105731719515854
15869,0.003576072821846554
13522,0.000010003000900270082
11443,0.005086525957787336
1737,0.0008252475742722817
12647,0.11235870761228368
5036,0.0006601980594178253
13678,0.046513954186255875
13635,0.0020056016805041514
995,0.007907372211663499
13327,0.006001800540162049
15369,0.0013754126237871362
9213,0.0028058417525257577
2222,0.06977593277983395
2472,0.0012053616084825448
9633,0.03678103431029309
1772,0.012298689606882065
9550,0.055131539461838554
1501,0.00027508252475742724
1616,0.00003000900270081024
2367,0.0019805941782534762
10158,0.40484645393618085
10269,0.00004501350405121536
13276,0.043533059917975396
9436,0.0016554966489946985
12202,0.2679603881164349
2306,0.000010003000900270082
14033,0.021121336400920277
10860,0.029238771631489448
3083,0.00003000900270081024
4287,0.033324997499249776
16840,0.0009202760828248475
12996,0.0008402520756226868
910,0.009342802840852255
7954,0.00250075022506752
3171,0.0005801740522156647
4451,0.005376612983895169
11405,0.019465839751925576
10465,0.00011503451035310594
5955,0.0019855956787036113
11444,0.00030009002700810244
7458,0.0034310293087926377
216,0.0042262678803641094
7372,0.0007102130639191757
11660,0.13208462538761628
13914,0.004706411923577073
111,0.000050015004501350405
5742,0.0034910473141942584
8536,0.00035010503150945284
4521,0.00045513654096228866
1883,0.00048014404321296386
5185,0.000370111033309993
12725,0.025962788836650996
6927,0.0006051815544663399
10928,0.0005401620486145844
70,0.024037211163349004
11107,0.0010553165949784935
4369,0.00016504951485445633
6194,0.02531259377813344
16401,0.0012903871161348405
3686,0.0019955986796038813
9834,0.002140642192657797
8206,0.00029008702610783233
13634,0.0021656496949084727
16432,0.00004501350405121536
8216,0.09569870961288386
12860,0.0030409122736821045
2059,0.000040012003601080326
15674,0.0017005101530459137
2465,0.005246573972191657
74,0.00015004501350405122
16167,0.03265479643893168
5083,0.000745223567070121
8630,0.002930879263779134
12172,0.00010503150945283585
9973,0.000010003000900270082
16591,0.0026657997399219765
8664,0.00005501650495148545
14146,0.0015604681404421327
11032,0.19417325197559268
11568,0.03377013103931179
7906,0.002210663198959688
8019,0.0002700810243072922
3958,0.0545963789136741
12610,0.00004501350405121536
14377,0.0022906872061618485
7854,0.001245373612083625
11837,0.32145643693107934
10071,0.004431329398819646
12605,0.012798839651895568
2887,0.00028008402520756227
7646,0.0005751725517655296
12294,0.004461338401520456
1998,0.01905071521456437
16457,0.0016855056516955087
9819,0.07677303190957287
6844,0.0001850555166549965
7700,0.000005001500450135041
6219,0.03055416624987496
10429,0.0017555266579973993
1089,0.0004701410423126938
13687,0.0014254276282884865
14115,0.00009502850855256577
8427,0.004446333900170051
17168,0.011983595078523557
11300,0.0008252475742722817
7013,0.02725817745323597
16736,0.00001500450135040512
3911,0.0003451035310593178
13137,0.0022906872061618485
13719,0.0017405221566469942
1723,0.0008002400720216065
8819,0.00035510653195958787
11666,0.000370111033309993
16451,0.056236871061318396
12837,0.0038811643493047916
8767,0.00033009902970891267
16805,0.019175752725817747
6919,0.000010003000900270082
13262,0.033084925477643294
16574,0.005096528958687606
15686,0.004426327898369511
10330,0.00017505251575472642
86,0.0005501650495148545
6042,0.005391617485245573
7667,0.00040512153646093827
2880,0.00012503751125337602
410,0.003696108832649795
1111,0.0040362108632589775
15105,0.000050015004501350405
8764,0.0007502250675202561
7041,0.0012953886165849755
1798,0.00020006001800540162
3418,0.0001700510153045914
8974,0.00008002400720216065
11409,0.00032509752925877764
9621,0.00025007502250675204
17041,0.0005751725517655296
15690,0.0004101230369110733
4934,0.00030509152745823747
10726,0.0029058717615284583
4362,0.0007702310693207962
12446,0.09019205761728519
17308,0.01225367610283085
6721,0.00004501350405121536
7641,0.0009352805841752526
6649,0.0023807142142642794
16406,0.0017805341602480744
9284,0.011253376012803842
2286,0.00013003901170351105
4243,0.00016504951485445633
5566,0.001120336100830249
15742,0.0006802040612183656
1041,0.0003401020306091828
5785,0.00009002700810243072
15038,0.05002000600180054
6358,0.001860558167450235
14409,0.0010153045913774133
16573,0.0023106932079623886
3451,0.00010503150945283585
6568,0.00877263178953686
13975,0.000740222066619986
3410,0.0000850255076522957
15235,0.0004101230369110733
6138,0.017010103030909274
13683,0.011848554566369912
13221,0.005801740522156647
8658,0.004016204861458437
6545,0.014094228268480544
1531,0.0015204561368410523
334,0.005631689506852056
16273,0.00023006902070621187
16411,0.0013153946183855156
5564,0.00003000900270081024
6989,0.00033009902970891267
3566,0.0005901770531159348
10774,0.0005751725517655296
12064,0.02227668300490147
4975,0.0019005701710513153
9844,0.0026808042412723816
1800,0.00024007202160648193
503,0.0020256076823046915
7760,0.017835350605181554
12591,0.0002200660198059418
17494,0.0026407922376713014
15488,0.000010003000900270082
13096,0.0007802340702210664
6621,0.0027608282484745425
7003,0.0009952985895768731
13948,0.0007952385715714714
3589,0.0008552565769730919
1646,0.00025507652295688707
9934,0.014284285285585676
7447,0.2149294788436531
15512,0.00033009902970891267
3627,0.00033009902970891267
2152,0.00043012903871161347
16055,0.0008252475742722817
9604,0.022926878063419025
6839,0.00033009902970891267
7504,0.000050015004501350405
703,0.003346003801140342
8575,0.016569970991297388
3432,0.000020006001800540163
4790,0.000865259577873362
6787,0.00040512153646093827
11264,0.049944983495048514
10045,0.008882664799439832
9933,0.002580774232269681
9106,0.10617185155546664
6905,0.0009902970891267381
10789,0.03235970791237371
10781,0.0009752925877763329
9561,0.08260478143443033
10058,0.0015304591377413223
13302,0.22357207162148646
9506,0.05798239471841553
1400,0.0031159347804341304
16709,0.010898269480844254
8796,0.000020006001800540163
7110,0.00032509752925877764
17079,0.0007252175652695808
13090,0.0017405221566469942
15022,0.0011253376012803841
13095,0.000005001500450135041
11316,0.0015854756426928079
7159,0.00805741722516755
9900,0.0009002700810243073
16938,0.0013904171251375413
382,0.0008902670801240372
5573,0.0007052115634690407
10983,0.0008202460738221466
17244,0.00004501350405121536
3935,0.0003951185355606682
6216,0.0013454036210863258
8277,0.0032609782934880462
16764,0.00001500450135040512
10671,0.005191557467240172
14371,0.0005451635490647195
1161,0.016459937981394418
9874,0.00427628288486546
15917,0.004946483945183555
7124,0.0009702910873261979
10455,0.03558067420226068
5005,0.0000850255076522957
7550,0.0007202160648194458
6828,0.000010003000900270082
13531,0.0006451935580674203
17096,0.014699409822946884
16654,0.00007502250675202561
6120,0.00502150645193558
8586,0.00125037511253376
2594,0.00005501650495148545
4460,0.001105331599479844
549,0.2560918275482645
4459,0.0000850255076522957
12027,0.013674102230669201
6975,0.00033009902970891267
1044,0.0005001500450135041
8399,0.015674702410723218
17318,0.0010353105931779534
9836,0.001860558167450235
8955,0.7083274982494748
16140,0.000020006001800540163
11644,0.00022506752025607682
4492,0.0035410623186956087
4253,0.0003451035310593178
16335,0.00033009902970891267
3817,0.001465439631889567
13672,0.026557967390217065
8581,0.0021606481944583377
11293,0.025557667300190056
11592,0.006411923577073122
13754,0.0002600780234070221
14394,0.0026507952385715714
9843,0.006311893568070421
4752,0.0023657097129138743
4585,0.00024007202160648193
4402,0.0001700510153045914
16361,0.00009002700810243072
335,0.0007852355706712014
531,0.00061518455536661
12943,0.0002850855256576973
3273,0.0001100330099029709
13474,0.030714214264279283
4675,0.001255376612983895
16657,0.02475742722816845
4173,0.044643393017905375
4647,0.000025007502250675202
15100,0.00006501950585175553
7395,0.0007702310693207962
13334,0.002095628688606582
11465,0.17828348504551367
17491,0.00033009902970891267
5335,0.000010003000900270082
13760,0.0374962488746624
7984,0.006907072121636491
16038,0.00022506752025607682
16899,0.000010003000900270082
11731,0.019700910273081924
15600,0.00183555066519956
15886,0.00030509152745823747
2023,0.0003401020306091828
16547,0.00015504651395418625
189,0.00033009902970891267
6089,0.0011703511053315994
9225,0.010463138941682505
10929,0.0006001800540162049
10458,0.15550165049514855
17062,0.13197959387816344
2600,0.000040012003601080326
10357,0.0819295788736621
9042,0.0117185155546664
8065,0.2021706511953586
13507,0.000050015004501350405
4734,0.01493448034410323
6213,0.0005351605481644493
846,0.0006301890567170151
9037,0.001595478643593078
14597,0.03324997499249775
10790,0.002235670701210363
11042,0.0009152745823747125
15231,0.0019405821746523958
14948,0.07043613083925178
16092,0.0003351005301590477
556,0.005116534960488146
6050,0.012703811143343003
16991,0.004176252875862759
10166,0.0003601080324097229
10829,0.0001600480144043213
3178,0.0005701710513153946
16530,0.0006601980594178253
4151,0.0011503451035310593
7019,0.007852355706712014
12108,0.0000850255076522957
12234,0.0005851755526657997
17395,0.0041412423727118135
9478,0.004006201860558167
166,0.0038011403421026307
6952,0.005321596478943683
5236,0.0001850555166549965
4551,0.0007652295688706612
7855,0.0072621786535960785
6305,0.0009652895868760629
6776,0.00024507352205661696
15652,0.005091527458237472
9325,0.018910673201960587
16053,0.0006451935580674203
3088,0.00006501950585175553
17237,0.0005501650495148545
10911,0.007227168150445134
4541,0.0000850255076522957
5732,0.0003601080324097229
7238,0.00030009002700810244
13732,0.057457237171151344
6059,0.004086225867760328
1525,0.0001700510153045914
1889,0.008382514754426328
11874,0.0026607982394718415
12307,0.007767330199059718
8554,0.00030509152745823747
2154,0.007057117135140542
3951,0.0005701710513153946
7085,0.002835850755226568
2405,0.00035010503150945284
7272,0.003686105831749525
17029,0.0009202760828248475
6411,0.00003000900270081024
16344,0.0002700810243072922
15242,0.02131639491847554
3354,0.000020006001800540163
10515,0.0012753826147844354
5515,0.0015904771431429429
15557,0.0026507952385715714
12594,0.0008602580774232269
2836,0.000010003000900270082
2514,0.009602880864259278
10606,0.04528858657597279
5848,0.000010003000900270082
8918,0.0010703210963288986
4413,0.01366409922976893
2057,0.00012003601080324097
7326,0.002235670701210363
7360,0.0008352505751725518
14198,0.0013053916174852456
8823,0.000985295588676603
15352,0.02893368010403121
13120,0.0010503150945283585
9767,0.0013203961188356507
8520,0.0013203961188356507
793,0.0009802940882264678
7120,0.0005801740522156647
14135,0.001095328598579574
11739,0.000040012003601080326
16225,0.002970891267380214
2052,0.00045513654096228866
15245,0.08478043413023907
16134,0.000010003000900270082
16366,0.0001950585175552666
9907,0.03517555266579974
7118,0.002855856757027108
13562,0.00029008702610783233
16373,0.05644193257977393
818,0.000010003000900270082
7307,0.012023607082124637
309,0.0015754726417925378
15097,0.000005001500450135041
2471,0.006837051115334601
5250,0.0009052715814744423
13920,0.03782634790437131
3430,0.00005501650495148545
8334,0.015599679903971191
16493,0.0004651395418625588
15293,0.06665499649894968
10724,0.002475742722816845
9211,0.006536961088326498
14119,0.0003901170351105332
6554,0.013814144243272982
7886,0.04230269080724217
14102,0.000740222066619986
13578,0.008042412723817146
13281,0.00015504651395418625
14478,0.00025507652295688707
7756,0.0000850255076522957
1669,0.0006702010603180954
12699,0.00006001800540162048
7885,0.0008602580774232269
10106,0.0002700810243072922
9528,0.000620186055816745
3974,0.036110833249974994
5727,0.00003000900270081024
10568,0.000010003000900270082
539,0.000010003000900270082
4457,0.0000850255076522957
12600,0.0005101530459137741
7598,0.0012703811143343004
15222,0.0011453436030809242
10901,0.000370111033309993
1229,0.0023807142142642794
15475,0.000010003000900270082
9690,0.0020656196859057717
2824,0.00019005701710513153
273,0.008182454736420926
10572,0.0013504051215364609
15027,0.01360408122436731
9471,0.0018155446633990196
10476,0.0012803841152345704
1963,0.0018105431629488846
15938,0.008497549264779435
7313,0.026577973392017604
14075,0.0024407322196658998
13219,0.14578373512053616
4531,0.008337501250375112
13002,0.005841752525757728
15421,0.00012003601080324097
12759,0.0004701410423126938
12198,0.04679903971191358
7210,0.0054116234870461135
15821,0.00043513053916174855
7629,0.00006001800540162048
10537,0.0003100930279083725
418,0.000005001500450135041
4170,0.01857557267180154
7318,0.002585775732719816
16499,0.0006601980594178253
8095,0.00035510653195958787
11039,0.0019955986796038813
433,0.0003951185355606682
4425,0.0003100930279083725
8472,0.0006051815544663399
16173,0.03588076422926878
11728,0.00062518755626688
4635,0.002240672201660498
12450,0.00807742322696809
15905,0.000005001500450135041
6727,0.000620186055816745
7852,0.0003951185355606682
10956,0.0010253075922776833
13710,0.0004151245373612084
9401,0.00018005401620486145
10070,0.0008852655796739022
5521,0.00007502250675202561
9393,0.005186555966790037
6677,0.0051465439631889565
4600,0.0001600480144043213
15158,0.00042512753826147844
11121,0.017230169050715213
2690,0.008082424727418226
6325,0.00023006902070621187
9272,0.0058767630289086725
17087,0.0015254576372911873
10858,0.0020406121836550966
17227,0.01045813744123237
5498,0.0001700510153045914
2444,0.00008002400720216065
2522,0.0020306091827548265
13915,0.008577573271981595
13358,0.0001950585175552666
17069,0.001595478643593078
6640,0.006381914574372312
7901,0.001110333099929979
8705,0.001605481644493348
2166,0.010138041412423728
2336,0.0005751725517655296
5828,0.0005851755526657997
17286,0.000010003000900270082
676,0.025307592277683304
9545,0.003716114834450335
8988,0.0005051515454636391
2498,0.007212163649094728
10212,0.023782134640392118
3953,0.0004151245373612084
13022,0.0179703911173352
10321,0.0011653496048814643
9465,0.12828348504551365
4876,0.0001950585175552666
9683,0.0031259377813344005
17435,0.00032509752925877764
8220,0.002925877763328999
2861,0.00007502250675202561
3448,0.00007502250675202561
17342,0.0009902970891267381
10395,0.00308592577773332
12659,0.03917675302590777
7861,0.0010503150945283585
7400,0.0006902070621186356
12537,0.00021506451935580673
9244,0.004731419425827749
13206,0.0010503150945283585
201,0.0023206962088626586
14845,0.0017905371611483445
2416,0.005221566469940982
13402,0.00030509152745823747
6289,0.0002700810243072922
6821,0.0035460638191457438
7695,0.00025507652295688707
1948,0.003986195858757627
5994,0.008012403721116335
2485,0.000050015004501350405
2741,0.0006702010603180954
13026,0.034515354606381915
333,0.006131839551865559
3144,0.0017855356606982095
7224,0.00025007502250675204
13576,0.003566069820946284
7117,0.007387216164849455
14076,0.0024407322196658998
3357,0.0002100630189056717
13239,0.0015404621386415924
8990,0.0002850855256576973
2220,0.0006501950585175553
8482,0.0008802640792237672
7297,0.0016504951485445635
9634,0.004746423927178153
13462,0.00033009902970891267
4537,0.00017505251575472642
11610,0.00033009902970891267
8677,0.004566369910973292
13073,0.0001350405121536461
548,0.00006501950585175553
10487,0.008287486245873762
16408,0.0007702310693207962
13376,0.16468440532159648
4012,0.00017505251575472642
1179,0.003561068320496149
10439,0.00048514554366309895
11087,0.003320996298889667
4864,0.000035010503150945284
12247,0.0005801740522156647
92,0.003576072821846554
5427,0.00247074122236671
12677,0.031274382314694406
3843,0.0008902670801240372
2722,0.000020006001800540163
9219,0.0015604681404421327
9902,0.036165849754926475
3980,0.02757327198159448
13057,0.009202760828248474
11330,0.0001950585175552666
6017,0.0006451935580674203
16101,0.005256576973091928
8686,0.0017055116534960488
4967,0.0016955086525957787
697,0.03331499449834951
6160,0.022906872061618486
13903,0.1341702510753226
4505,0.00012003601080324097
11519,0.01810043012903871
6389,0.0019155746724017204
5721,0.0001700510153045914
11753,0.0017205161548464539
188,0.005181554466339902
7115,0.006687006101830549
9278,0.006211863559067721
13820,0.0009252775832749825
7546,0.00032509752925877764
13960,0.005681704511353406
14415,0.008242472741822547
2265,0.009762928878663599
1211,0.024012203661098328
8103,0.00030009002700810244
16093,0.0010753225967790336
10179,0.0005051515454636391
9510,0.0028058417525257577
2351,0.000040012003601080326
11292,0.0010753225967790336
9191,0.0006401920576172852
5758,0.000035010503150945284
11530,0.0018205461638491547
599,0.028603581074322298
11972,0.0006601980594178253
14577,0.0005601680504151245
7281,0.0022856857057117134
16740,0.000035010503150945284
12861,0.03150945283585076
873,0.0007002100630189057
4565,0.00006001800540162048
1955,0.0009002700810243073
2892,0.0009252775832749825
1593,0.00015004501350405122
2851,0.000010003000900270082
13015,0.0011953586075822747
16835,0.00042512753826147844
8120,0.001245373612083625
5352,0.002095628688606582
6030,0.004011203361008303
833,0.0000850255076522957
2294,0.00018005401620486145
14951,0.010138041412423728
8440,0.012493748124437331
3763,0.000005001500450135041
7806,0.001615484645393618
9671,0.0008252475742722817
3598,0.0026357907372211663
10077,0.050920276082824845
10872,0.000025007502250675202
10195,0.0016705011503451036
13258,0.0383665099529859
10990,0.00009002700810243072
5484,0.000010003000900270082
2675,0.00005501650495148545
7182,0.014694408322496749
14355,0.0023206962088626586
5432,0.0005401620486145844
6928,0.0026758027408222466
16988,0.00045513654096228866
13143,0.08661598479543862
1837,0.006822046613984195
16852,0.014049214764429328
6288,0.004031209362808843
8372,0.00019005701710513153
12937,0.0006702010603180954
16995,0.0003601080324097229
9238,0.0004701410423126938
10262,0.00017505251575472642
10960,0.05082024607382215
8310,0.008527558267480244
5870,0.000010003000900270082
10967,0.007552265679703911
9188,0.003931179353806141
2347,0.0004451335400620186
48,0.0005501650495148545
4438,0.00012503751125337602
15357,0.0015454636390917274
16350,0.001105331599479844
12280,0.009592877863359007
2264,0.014269280784235271
27,0.03928178453536061
4605,0.0004451335400620186
6696,0.0038961688506551967
10703,0.0004201260378113434
11110,0.0010603180954286285
9300,0.0015704711413424028
10225,0.05079023707112133
4613,0.00006501950585175553
759,0.0003901170351105332
5913,0.000020006001800540163
13243,0.018340502150645192
13791,0.0009302790837251176
16883,0.00045013504051215364
10859,0.0006601980594178253
9928,0.0005301590477143143
11819,0.16709012703811144
15952,0.00032509752925877764
12313,0.005486645993798139
9499,0.00027508252475742724
5822,0.0008052415724717415
2835,0.00009002700810243072
10700,0.003315994798439532
6560,0.0004951485445633691
4497,0.0006301890567170151
17175,0.00007502250675202561
4487,0.00010503150945283585
8978,0.0001950585175552666
15239,0.05351605481644493
15758,0.0006601980594178253
6414,0.015369610883264979
9345,0.0004151245373612084
11639,0.00047514254276282883
6367,0.0007952385715714714
6827,0.00001500450135040512
8069,0.07882864859457837
11017,0.0003901170351105332
13101,0.001625487646293888
16450,0.03733620086025808
13935,0.021306391917575274
1685,0.04629888966690007
13546,0.11479943983194958
7712,0.021476442932879865
1981,0.00009002700810243072
5111,0.00003000900270081024
17534,0.0006601980594178253
16935,0.00040012003601080324
13430,0.1602780834250275
10987,0.03196959087726318
14830,0.021686505951785534
1091,0.00435630689206762
11270,0.14972491747524258
14575,0.0005851755526657997
13953,0.004766429928978693
9091,0.030539161748524557
3650,0.00042512753826147844
413,0.0012753826147844354
10494,0.0006301890567170151
10027,0.011448434530359108
12971,0.0010803240972291689
11149,0.00026507952385715713
12513,0.000865259577873362
12214,0.23763128938681605
11670,0.11752525757727318
15500,0.0005451635490647195
16410,0.0008452535760728218
171,0.00010503150945283585
592,0.000005001500450135041
12568,0.012198659597879365
1612,0.02151145343603081
12534,0.13426527958387516
8030,0.0003351005301590477
4580,0.0003401020306091828
3336,0.00010003000900270081
16522,0.009402820846253877
11472,0.0005651695508652596
1453,0.001105331599479844
5158,0.00040012003601080324
12764,0.06724017205161549
13348,0.002515754726417925
9594,0.0002200660198059418
12584,0.000365109532859858
13091,0.0005901770531159348
8066,0.000620186055816745
156,0.002880864259277783
16853,0.00032509752925877764
16895,0.00043012903871161347
13224,0.0003851155346603981
7000,0.0013604081224367311
7145,0.0075472641792537765
9489,0.01814544363308993
5246,0.0245073522056617
6587,0.010273081924577373
12367,0.0002600780234070221
8917,0.0016554966489946985
6302,0.0003851155346603981
10793,0.0003851155346603981
853,0.0013654096228868662
9538,0.06232869860958287
11236,0.00025507652295688707
14958,0.0033910173051915574
14357,0.0013103931179353806
12330,0.026758027408222466
9887,0.0010653195958787636
9308,0.0006601980594178253
6187,0.00011503451035310594
12000,0.000050015004501350405
1566,0.00489146744023207
8568,0.005401620486145843
15659,0.005461638491547465
8368,0.00015504651395418625
1513,0.01842552765829749
1147,0.025367610283084926
11538,0.01759027708312494
11763,0.0014454336300890266
16012,0.000025007502250675202
437,0.18749124737421227
8265,0.0003200960288086426
16532,0.0011503451035310593
10629,0.0002200660198059418
13306,0.0002850855256576973
1358,0.0019155746724017204
7595,0.050920276082824845
2285,0.00019005701710513153
7144,0.07633790137041112
16383,0.005231569470841252
11259,0.011783535060518156
10052,0.002455736721016305
9399,0.00014504351305391616
11981,0.012953886165849755
2243,0.02565769730919276
1832,0.007742322696809043
15404,0.0009652895868760629
1076,0.2013554066219866
3826,0.001090327098129439
8687,0.009012703811143344
10689,0.00026507952385715713
14767,0.0009702910873261979
2054,0.000040012003601080326
8939,0.000620186055816745
11512,0.00554666399919976
12574,0.014424327298189456
13355,0.00018005401620486145
11111,0.008787636290887265
4194,0.00001500450135040512
9857,0.0015454636390917274
8029,0.002825847754326298
8401,0.09915474642392717
1382,0.00037511253376012804
6789,0.1256226868060418
17526,0.0009902970891267381
11541,0.002215664699409823
3091,0.0001600480144043213
5841,0.17302690807242171
12811,0.00030009002700810244
12523,0.0836000800240072
5057,0.00008002400720216065
14231,0.0013203961188356507
5412,0.011923577073121937
11066,0.042327698309492845
8851,0.0008152445733720116
15046,0.04210263078923677
16544,0.0005851755526657997
8045,0.018450535160548166
14222,0.08668600580174052
4509,0.0000850255076522957
12271,0.06523957187156147
3215,0.000035010503150945284
3823,0.15862758827648293
2258,0.015244573372011603
8307,0.0007852355706712014
17351,0.0001950585175552666
291,0.0019655896769030707
2113,0.0909372811843553
7623,0.002590777233169951
14379,0.00045513654096228866
8495,0.0039711913574072225
7409,0.00017505251575472642
13628,0.0016905071521456437
9398,0.000985295588676603
14760,0.021271381414424327
8910,0.00020006001800540162
621,0.0020406121836550966
2615,0.00020506151845553665
609,0.00024507352205661696
8287,0.002515754726417925
13757,0.11447434230269081
12696,0.0030609182754826447
5264,0.00025507652295688707
15844,0.07966389916975093
12353,0.0003451035310593178
2897,0.0009202760828248475
14399,0.0013103931179353806
8285,0.0030359107732319695
15756,0.0003200960288086426
16232,0.0016504951485445635
6531,0.0011553466039811943
6462,0.000365109532859858
9338,0.01549964989496849
8328,0.0009502850855256577
10811,0.003586075822746824
10902,0.0302740822246674
9995,0.00014004201260378114
7036,0.00030009002700810244
1987,0.005471641492447735
2593,0.0002700810243072922
10075,0.04844953486045814
946,0.0019505851755526658
11916,0.1138741622486746
8881,0.002345703711113334
6542,0.00010003000900270081
17430,0.0004101230369110733
16165,0.0025407622286686008
5792,0.0031109332799839954
12174,0.0007852355706712014
5448,0.03972191657497249
9494,0.0012153646093828149
11024,0.03364509352805842
12566,0.106036811043313
13835,0.005806742022606782
9520,0.004536360908272482
2539,0.00019005701710513153
158,0.0001950585175552666
15074,0.024352305691707512
9242,0.004866459937981394
950,0.000005001500450135041
12143,0.00007502250675202561
17341,0.0008852655796739022
15995,0.00032509752925877764
9828,0.00042512753826147844
11402,0.0005001500450135041
9337,0.00022506752025607682
11682,0.002175652695808743
168,0.016634990497149144
17162,0.0010153045913774133
12328,0.02558267480244073
15834,0.0007202160648194458
8762,0.00245073522056617
9378,0.008842652795838752
7875,0.0004951485445633691
3580,0.0002950885265579674
11458,0.010118035410623187
7507,0.00037511253376012804
7691,0.011723517055116536
2417,0.000025007502250675202
8470,0.0007052115634690407
13651,0.005741722516755026
9779,0.000365109532859858
7317,0.004106231869560868
3887,0.000050015004501350405
17116,0.0005551665499649895
9428,0.0006902070621186356
3296,0.000050015004501350405
1700,0.00369110733219966
261,0.03933179953986196
11781,0.0019655896769030707
14604,0.05962288686605982
15806,0.001245373612083625
9370,0.000370111033309993
10711,0.024502350705211562
7506,0.000050015004501350405
2821,0.0006902070621186356
362,0.0026708012403721115
12264,0.0015654696408922677
6227,0.0005351605481644493
10810,0.03801140342102631
1210,0.0008852655796739022
16003,0.0037711313394018205
10905,0.0010503150945283585
13808,0.0020156046814044214
5724,0.00015504651395418625
1951,0.0008702610783234971
12758,0.011573472041612484
5283,0.00019005701710513153
11067,0.0017855356606982095
9055,0.00014504351305391616
10074,0.0027258177453235973
7315,0.0834150245073522
3327,0.0001700510153045914
1909,0.0009452835850755226
10228,0.0015804741422426728
14810,0.06194858457537261
16783,0.0031009302790837253
14748,0.0008802640792237672
3995,0.0013904171251375413
10792,0.003245973792137641
6582,0.000035010503150945284
10348,0.016695008502550766
2612,0.000025007502250675202
2619,0.0001100330099029709
6258,0.0015354606381914574
13828,0.00001500450135040512
8092,0.00016504951485445633
6330,0.0021506451935580672
9260,0.0033660098029408823
9248,0.010248074422326697
11301,0.0006802040612183656
14380,0.00045013504051215364
16652,0.0043012903871161344
8539,0.008857657297189157
2583,0.005521656496949085
6550,0.012768830649194759
10160,0.0005401620486145844
9274,0.009977993398019407
15257,0.056156847054116235
14786,0.004241272381714514
16773,0.00007502250675202561
262,0.003230969290787236
8232,0.005481644493348005
9553,0.01726517955386616
15284,0.08961188356506952
8182,0.0006702010603180954
10063,0.011373412023607083
700,0.0008002400720216065
666,0.028578573572071622
1375,0.00020006001800540162
1163,0.006937081124337301
8506,0.004656396919075723
11347,0.038111433430029006
10732,0.0030359107732319695
1788,0.0002350705211563469
3824,0.05935280584175252
12967,0.001475442632789837
4626,0.0000850255076522957
7138,0.00023006902070621187
1440,0.00033009902970891267
6340,0.00021506451935580673
4569,0.0003851155346603981
7257,0.00033009902970891267
17002,0.000005001500450135041
16309,0.00003000900270081024
4444,0.00018005401620486145
16548,0.0006601980594178253
15947,0.0027608282484745425
760,0.006111833550065019
13733,0.06906071821546464
9177,0.015989796939081726
4239,0.00035010503150945284
7309,0.033054916474942485
16379,0.0016855056516955087
4898,0.003305991797539262
13918,0.004551365409622887
5482,0.0001700510153045914
10961,0.0005401620486145844
15848,0.008922676803040912
4648,0.000010003000900270082
13931,0.000745223567070121
9234,0.00013003901170351105
16828,0.004636390917275183
7223,0.0027858357507252176
12237,0.00006001800540162048
12476,0.0012603781134340301
2879,0.00004501350405121536
9833,0.0011453436030809242
789,0.00033009902970891267
7442,0.0019005701710513153
5278,0.0001700510153045914
13037,0.0028058417525257577
12715,0.0009302790837251176
6606,0.00125037511253376
13305,0.0009202760828248475
1698,0.015054516354906473
14668,0.0011453436030809242
3709,0.09074722416725017
9868,0.0003100930279083725
15559,0.0016705011503451036
4667,0.0002350705211563469
10546,0.01735520656196859
5952,0.0013704111233370012
13686,0.0013754126237871362
4096,0.007752325697709313
6639,0.0005851755526657997
16550,0.001245373612083625
1368,0.0009902970891267381
2214,0.028748624587376214
9104,0.0019555866760028007
2366,0.0006601980594178253
16566,0.00018005401620486145
10605,0.1178403521056317
10463,0.0014204261278383515
10650,0.00010003000900270081
12512,0.0010703210963288986
5325,0.000005001500450135041
7171,0.00048514554366309895
8697,0.0006501950585175553
12870,0.0069020706211863556
11607,0.0015604681404421327
15510,0.001120336100830249
12942,0.00021506451935580673
7631,0.007377213163949185
15128,0.001830549164749425
9082,0.014619385815744724
7791,0.004221266379913974
7362,0.00025007502250675204
9599,0.00006501950585175553
10897,0.008567570271081324
17112,0.017165149544863458
13267,0.010433129938981694
15880,0.0010053015904771432
13329,0.008267480244073222
357,0.0003851155346603981
11956,0.002715814744423327
12134,0.0020556166850055017
11137,0.01818545563669101
1594,0.00022506752025607682
15129,0.055671701510453135
13947,0.0001950585175552666
4075,0.001105331599479844
15751,0.0031209362808842654
1968,0.00006001800540162048
2558,0.0005901770531159348
7324,0.004586375912773832
12564,0.012778833650095028
6016,0.0003901170351105332
6401,0.00003000900270081024
14079,0.0009202760828248475
10862,0.003210963288986696
12141,0.07866860058017405
13892,0.03641592477743323
14101,0.0005401620486145844
6874,0.0010303090927278183
16043,0.0004101230369110733
558,0.0012653796138841651
4314,0.0002350705211563469
15792,0.0014954486345903771
7934,0.0033710113033910173
10509,0.0007702310693207962
9474,0.00011503451035310594
3191,0.00047514254276282883
1404,0.0031309392817845355
12582,0.0003601080324097229
14090,0.0005701710513153946
9048,0.0001850555166549965
1769,0.0062468740622186655
6862,0.1864559367810343
10775,0.0004201260378113434
15604,0.0038611583475042515
12360,0.00019005701710513153
11824,0.32480244073221964
13369,0.00033009902970891267
16931,0.0007602280684205261
14954,0.010178053416024808
13386,0.06291387416224868
9079,0.11114834450335101
4693,0.000040012003601080326
17425,0.0006601980594178253
13236,0.0030409122736821045
4811,0.00004501350405121536
3798,0.0001700510153045914
1721,0.00009002700810243072
4285,0.025147544263278983
1553,0.0003951185355606682
1414,0.0014004201260378114
5141,0.00017505251575472642
15067,0.0003351005301590477
526,0.0018755626688006402
1645,0.00010503150945283585
11563,0.14409822946884066
10013,0.00029008702610783233
16545,0.0006051815544663399
16074,0.00003000900270081024
7312,0.002835850755226568
3710,0.0006601980594178253
9627,0.018340502150645192
7250,0.2153746123837151
2393,0.0000850255076522957
840,0.00032509752925877764
8709,0.000005001500450135041
15273,0.0010103030909272782
5446,0.00016504951485445633
15438,0.00014504351305391616
12520,0.00019005701710513153
8068,0.08277983395018505
1011,0.20870761228368512
14392,0.0008502550765229569
9162,0.00001500450135040512
14396,0.0015854756426928079
8010,0.0033610083024907473
10560,0.001850555166549965
5122,0.000040012003601080326
14052,0.0019105731719515854
7113,0.0011403421026307892
16358,0.0003401020306091828
9054,0.00047514254276282883
13713,0.0010403120936280884
8255,0.08459537861358407
4737,0.0005551665499649895
5933,0.0001600480144043213
7996,0.011458437531259379
12324,0.007532259677903371
15205,0.003240972291687506
9689,0.002820846253876163
1040,0.0002950885265579674
11619,0.00025507652295688707
13970,0.0008952685805741722
14591,0.07018105431629489
12774,0.014454336300890267
7384,0.0010103030909272782
8810,0.005681704511353406
9865,0.029008702610783234
13368,0.0004451335400620186
16419,0.5037111133340002
8914,0.002220666199859958
12397,0.19936480944283286
13665,0.0016404921476442932
16691,0.000010003000900270082
13792,0.002240672201660498
9971,0.0037461238371511454
6273,0.00022506752025607682
2797,0.00009002700810243072
10356,0.0012803841152345704
17420,0.0010603180954286285
2633,0.00003000900270081024
11188,0.0017955386615984795
13373,0.08807142142642793
12349,0.007237171151345404
13115,0.010948284485345603
10809,0.0001700510153045914
14462,0.0009502850855256577
11748,0.39523357007102133
6480,0.0002950885265579674
10480,0.000005001500450135041
13950,0.005386615984795439
6277,0.000040012003601080326
16538,0.003946183855156547
15397,0.00033009902970891267
7380,0.0013854156246874063
6525,0.00015504651395418625
7890,0.0422776833049915
1319,0.0006401920576172852
5178,0.0009702910873261979
12768,0.021586475942782835
10150,0.0018155446633990196
9423,0.0013554066219865959
15555,0.0012903871161348405
9889,0.005646694008202461
10913,0.0019805941782534762
1957,0.017130139041712514
9386,0.00048514554366309895
4294,0.03300990297089127
14724,0.00024507352205661696
8046,0.0001700510153045914
2638,0.000025007502250675202
6808,0.005461638491547465
4842,0.00004501350405121536
440,0.18341002300690207
16189,0.005121536460938282
2717,0.00028008402520756227
7690,0.0035110533159947986
7150,0.0003100930279083725
13424,0.007902370711213365
16861,0.00007502250675202561
13390,0.0017755326597979394
9030,0.0003901170351105332
16908,0.0006301890567170151
5200,0.0007652295688706612
8800,0.0013404021206361908
9946,0.000735220566169851
17353,0.058457537261178354
386,0.00045513654096228866
7214,0.004071221366409923
13731,0.061458437531259374
6957,0.0016554966489946985
5154,0.00014504351305391616
14145,0.0030409122736821045
12908,0.001625487646293888
3537,0.0006551965589676903
15470,0.006366910073021906
3784,0.007482244673402021
13882,0.00022506752025607682
14610,0.03375012503751125
2380,0.0006601980594178253
9446,0.0012053616084825448
9923,0.000985295588676603
16160,0.05643192957887366
7710,0.0009702910873261979
14557,0.07658797639291788
4411,0.015124537361208362
12125,0.000050015004501350405
12351,0.00048014404321296386
5900,0.0006501950585175553
7483,0.01945083525057517
6918,0.0007102130639191757
16765,0.000005001500450135041
8416,0.00009002700810243072
10266,0.00015004501350405122
4760,0.0000850255076522957
10198,0.00977293187956387
7570,0.005466639991997599
9763,0.010903270981294389
6647,0.36950585175552664
7660,0.00004501350405121536
12258,0.06299889966990097
16365,0.0001850555166549965
8041,0.0006001800540162049
11866,0.013889166750025007
296,0.0010703210963288986
1146,0.001975592677803341
7130,0.07675302590777233
13527,0.00676703010903271
2727,0.00008002400720216065
5183,0.0003451035310593178
11594,0.002245673702110633
6785,0.12511753526057817
11680,0.00014004201260378114
4686,0.001100330099029709
11063,0.017785335600680203
10306,0.001235370611183355
14854,0.0028008402520756227
12317,0.005571671501450435
13251,0.0017255176552965889
8756,0.002560768230469141
8868,0.00015004501350405122
9530,0.006551965589676903
14988,0.10918775632689807
10188,0.019500850255076523
10336,0.00033009902970891267
683,0.008262478743623087
16166,0.02816845053516055
7255,0.008762628788636592
17186,0.013273982194658397
1585,0.0016304891467440231
16434,0.018150445133540062
13602,0.0010453135940782234
5259,0.0007652295688706612
16323,0.0006902070621186356
17097,0.000035010503150945284
3890,0.0004451335400620186
17256,0.000020006001800540163
16394,0.000010003000900270082
9202,0.001120336100830249
8497,0.021736520956286885
17022,0.0007852355706712014
12742,0.0012653796138841651
15912,0.0037911373412023606
15926,0.000025007502250675202
12651,0.04458837651295389
11450,0.00490147044113234
11213,0.0013203961188356507
12986,0.0009802940882264678
5190,0.00013003901170351105
13706,0.0005251575472641792
2197,0.000050015004501350405
9033,0.01654996498949685
12928,0.020971291387416224
6693,0.06740022006601981
11640,0.003981194358307493
12923,0.004166249874962489
2825,0.0003451035310593178
14943,0.0005901770531159348
16554,0.000620186055816745
10453,0.05887266179853956
6006,0.0002950885265579674
12924,0.003351005301590477
35,0.00013003901170351105
2833,0.0001850555166549965
11441,0.2847654296288887
1466,0.0030759227768330497
4491,0.00003000900270081024
10976,0.020496148844653395
13072,0.0020256076823046915
6364,0.002135640692207662
67,0.00035510653195958787
569,0.0000850255076522957
7198,0.005986796038811643
2215,0.0007602280684205261
1508,0.0004701410423126938
9215,0.009477843353005902
8812,0.006947084125237571
3280,0.0001700510153045914
8876,0.00003000900270081024
10274,0.00010503150945283585
1282,0.00010003000900270081
10491,0.0030359107732319695
1950,0.000040012003601080326
7977,0.005356606982094629
8438,0.0008352505751725518
13104,0.0007952385715714714
10599,0.0005951785535660699
4367,0.00023006902070621187
4601,0.000010003000900270082
1856,0.000025007502250675202
5989,0.0012003601080324098
11023,0.012418725617685306
14913,0.005046513954186256
12880,0.0016905071521456437
7203,0.005796739021706512
3897,0.012613784135240572
12130,0.0017205161548464539
614,0.0005051515454636391
13573,0.00007502250675202561
10046,0.0008002400720216065
3216,0.00013003901170351105
5592,0.11554466339901971
10397,0.00033009902970891267
5069,0.0005101530459137741
10277,0.00013003901170351105
560,0.17182654796438931
15402,0.0006601980594178253
1614,0.0037411223367010103
4806,0.00011503451035310594
1336,0.0006051815544663399
16704,0.0028108432529758928
12250,0.0346854056216865
6164,0.00031509452835850753
9896,0.0010353105931779534
11474,0.00035510653195958787
12139,0.00004501350405121536
14762,0.00558667600280084
9977,0.0030809242772831848
13088,0.0027558267480244075
16421,0.004771431429428829
9502,0.0442482744823447
10297,0.0037261178353506052
8558,0.009047714314294289
14595,0.000985295588676603
2597,0.00012003601080324097
590,0.01726517955386616
10386,0.004816444933480044
8528,0.0007852355706712014
17458,0.000020006001800540163
10563,0.0015054516354906472
13468,0.03866159847954386
16187,0.06998599579873963
4449,0.00047514254276282883
6528,0.000985295588676603
11053,0.020386115834750425
14411,0.0010003000900270082
13563,0.0005801740522156647
1960,0.00005501650495148545
12383,0.00676703010903271
11616,0.0008952685805741722
10817,0.00492147644293288
9653,0.027283184955486647
424,0.005356606982094629
6320,0.0007952385715714714
3837,0.11082824847454237
6096,0.0009552865859757927
7665,0.001235370611183355
1174,0.004506351905571672
16914,0.32170151045313594
10234,0.007817345203561069
4435,0.00008002400720216065
8047,0.017520256076823046
10918,0.0020006001800540163
16986,0.005201560468140442
9195,0.00035510653195958787
8880,0.0001350405121536461
7176,0.018055416624987497
14035,0.001235370611183355
13574,0.006301890567170151
11177,0.002880864259277783
5964,0.0021506451935580672
4602,0.00007002100630189057
7125,0.001115334600380114
4445,0.000050015004501350405
1330,0.0019555866760028007
16682,0.00013003901170351105
12682,0.000365109532859858
8710,0.00001500450135040512
7905,0.001490447134140242
16372,0.0006651995598679604
2392,0.0005451635490647195
14764,0.021726517955386614
17429,0.0007202160648194458
8816,0.0019655896769030707
10601,0.0013604081224367311
6275,0.0002350705211563469
10596,0.008342502750825247
3764,0.000365109532859858
13603,0.0010003000900270082
17128,0.004886465939781935
15348,0.001620486145843753
9935,0.0010753225967790336
16603,0.0037961388416524956
15750,0.00048014404321296386
10936,0.000020006001800540163
8875,0.0002600780234070221
10998,0.012858857657297188
11897,0.00025507652295688707
7536,0.01183855156546964
12705,0.028483545063519057
8993,0.000035010503150945284
13345,0.0005101530459137741
12975,0.00025007502250675204
12557,0.0009752925877763329
6231,0.0031209362808842654
12372,0.0005551665499649895
10634,0.00001500450135040512
1221,0.0027508252475742724
6133,0.0011603481044313293
6713,0.000025007502250675202
10982,0.00048514554366309895
8322,0.007327198159447834
9209,0.00676703010903271
8846,0.0005501650495148545
13480,0.0007002100630189057
6450,0.001860558167450235
3937,0.017600280084025206
14077,0.00035510653195958787
17319,0.00035510653195958787
3319,0.002515754726417925
11495,0.016169850955286585
9544,0.044378313494048215
8179,0.00027508252475742724
6203,0.0009952985895768731
5345,0.00010503150945283585
11220,0.15257077123136942
10539,0.00062518755626688
3971,0.04253776132839852
2761,0.00018005401620486145
1976,0.00045013504051215364
4807,0.0001350405121536461
13657,0.0017605281584475343
7706,0.0005351605481644493
7500,0.000025007502250675202
12451,0.011308392517755327
2105,0.00033009902970891267
7151,0.012823847154146244
13339,0.0006351905571671502
2521,0.0023757127138141444
7744,0.0008402520756226868
13122,0.0027308192457737323
3179,0.00029008702610783233
16510,0.001090327098129439
16146,0.0004401320396118836
10582,0.002130639191757527
1122,0.0007952385715714714
9963,0.006066820046013804
4127,0.0003401020306091828
11698,0.0016504951485445635
103,0.00007502250675202561
2202,0.0005901770531159348
9000,0.0024257277183154947
12601,0.0009502850855256577
10549,0.0007252175652695808
1890,0.005286585975792738
9931,0.005731719515854756
5538,0.000010003000900270082
13152,0.0005601680504151245
9919,0.0004901470441132339
10107,0.003551065319595879
12521,0.0006351905571671502
16427,0.02039111733520056
6971,0.0037311193358007403
12123,0.015689706912073623
322,0.0004201260378113434
17369,0.00010503150945283585
7211,0.03420526157847354
10018,0.0005901770531159348
4311,0.00006001800540162048
2303,0.00004501350405121536
6437,0.005766730019005702
2325,0.000050015004501350405
16143,0.000005001500450135041
4172,0.005631689506852056
15988,0.005261578473542063
6376,0.001225367610283085
3988,0.0012903871161348405
9105,0.00024507352205661696
8292,0.0004451335400620186
14030,0.0005351605481644493
16285,0.00042512753826147844
2486,0.000010003000900270082
15305,0.055906772031609486
7908,0.0013003901170351106
16854,0.0008302490747224168
16879,0.0002700810243072922
10688,0.00001500450135040512
3090,0.0002850855256576973
12563,0.013394018205461638
13718,0.00026507952385715713
1758,0.002970891267380214
865,0.004451335400620186
13050,0.00031509452835850753
10510,0.00012003601080324097
13392,0.13125437631289386
14460,0.0009352805841752526
9548,0.009722916875062519
8186,0.010093027908372512
10257,0.0002950885265579674
13400,0.0019005701710513153
6442,0.0012903871161348405
3412,0.001105331599479844
14766,0.0008902670801240372
7790,0.004451335400620186
8521,0.010823246974092227
13945,0.007152145643693108
5211,0.0001700510153045914
3591,0.00016504951485445633
10530,0.00021506451935580673
9016,0.000005001500450135041
9656,0.0031709512853856157
1164,0.00014504351305391616
282,0.015289586876062819
14791,0.004496348904671401
14571,0.00033009902970891267
11912,0.04525357607282185
13379,0.025852755826748026
3628,0.00033009902970891267
15264,0.023622086625987797
12578,0.013619085725717715
10098,0.007477243172951885
10483,0.00029008702610783233
3697,0.003946183855156547
17014,0.0006501950585175553
10785,0.00033009902970891267
3754,0.0006601980594178253
7322,0.0020456136841052316
5108,0.0014154246273882164
1304,0.0023907172151645495
6269,0.03784635390617185
13494,0.000745223567070121
7857,0.00047514254276282883
16812,0.00006501950585175553
1301,0.0034460338101430428
7696,0.0008002400720216065
332,0.0027108132439731918
7262,0.018650595178553567
3152,0.00033009902970891267
13936,0.0008102430729218765
172,0.00061518455536661
6166,0.00035510653195958787
11523,0.013589076723016905
15427,0.004476342902870861
15793,0.001600480144043213
630,0.0000850255076522957
11952,0.00035510653195958787
2607,0.00028008402520756227
11556,0.0010303090927278183
13303,0.19111233370011002
13431,0.17333199959987997
766,0.004441332399719916
11469,0.0023357007102130637
4830,0.0015404621386415924
15854,0.008302490747224167
13880,0.0915074522356707
567,0.0009902970891267381
11269,0.02903371011303391
8561,0.0048814644393317995
14194,0.10434630389116735
10235,0.0009402820846253876
6561,0.036135840752225666
5295,0.00009502850855256577
5413,0.00006001800540162048
7763,0.000035010503150945284
1658,0.002100630189056717
9768,0.0009902970891267381
13211,0.15109532859857958
8775,0.0002350705211563469
10340,0.0007852355706712014
13720,0.00016504951485445633
8999,0.00028008402520756227
2038,0.000050015004501350405
1227,0.002570771231369411
7244,0.001100330099029709
2408,0.00020006001800540162
14718,0.0024057217165149546
5426,0.004111233370011003
12505,0.0005101530459137741
8410,0.001100330099029709
11906,0.005471641492447735
113,0.000025007502250675202
7867,0.010243072921876564
16664,0.001455436630989297
16414,0.00040512153646093827
6714,0.00047514254276282883
10009,0.000010003000900270082
12058,0.008192457737321196
1079,0.00040012003601080324
2517,0.000620186055816745
4140,0.00035510653195958787
4976,0.0011953586075822747
15747,0.001225367610283085
16181,0.002605781734520356
593,0.01678003401020306
8155,0.00023006902070621187
279,0.0003901170351105332
17126,0.0002350705211563469
9915,0.00007502250675202561
743,0.00025507652295688707
16808,0.0007552265679703911
3653,0.0056116835050515155
2752,0.000035010503150945284
1306,0.002595778733620086
10035,0.01067820346103831
11742,0.0369110733219966
4820,0.0036560968290487144
2204,0.00015004501350405122
15252,0.0026207862358707612
11985,0.042462738821646494
6543,0.007002100630189057
14751,0.00047514254276282883
8483,0.0823146944083225
9259,0.007637291187356207
6594,0.00030009002700810244
12585,0.00015004501350405122
3704,0.008567570271081324
1665,0.00012503751125337602
56,0.023136941082324697
285,0.0019005701710513153
606,0.0019005701710513153
10706,0.003315994798439532
9927,0.00916775032509753
421,0.0003351005301590477
11528,0.0013604081224367311
13084,0.0020456136841052316
10154,0.005836751025307592
1177,0.00437631289386816
6626,0.0003200960288086426
9281,0.0008402520756226868
9145,0.0011253376012803841
2365,0.0006601980594178253
16116,0.000020006001800540163
7492,0.005946784035210563
6494,0.002965889766930079
15933,0.005091527458237472
238,0.0010003000900270082
4322,0.0035310593177953387
9348,0.0015804741422426728
9228,0.0026257877363208963
12084,0.031084325297589276
16720,0.00011503451035310594
8144,0.0013303991197359207
12671,0.0006401920576172852
15729,0.00009502850855256577
13568,0.0034010203060918275
11062,0.0004401320396118836
3577,0.004471341402420726
9842,0.0060868260478143445
9298,0.001090327098129439
17229,0.01061818545563669
13292,0.005531659497849355
12223,0.00024007202160648193
3317,0.0008152445733720116
12340,0.03412523757127138
6548,0.0005051515454636391
16017,0.002935880764229269
11872,0.00030009002700810244
