# Directed graph (each unordered pair of nodes is saved once): roadNet-CA.txt 
# California road network
# Nodes: 1965206 Edges: 5533214
# FromNodeId	ToNodeId
0	1
0	2
0	469
1	0
1	6
1	385
2	0
2	3
469	0
469	380
469	37415
6	1
6	5
385	1
385	384
385	386
3	2
3	4
3	419
3	422
4	3
4	5
4	98
4	420
419	3
419	420
419	35698
422	3
422	183
422	423
422	37415
5	4
5	6
5	98
98	4
98	5
98	470
98	35729
420	4
420	419
420	35709
7	8
7	9
7	79
8	7
8	33
9	7
9	10
9	84
79	7
79	78
79	119
33	8
33	32
33	34
10	9
10	11
10	84
10	110
84	9
84	10
84	83
84	85
11	10
11	12
11	110
110	10
110	11
110	111
110	112
12	11
12	13
12	95
12	108
13	12
13	14
13	94
13	95
108	12
108	109
108	113
108	123
95	12
95	13
95	96
14	13
14	15
14	16
14	77
94	13
94	77
94	93
15	14
16	14
16	17
77	14
77	17
77	94
17	16
17	18
17	77
17	3254
18	17
18	19
18	3254
3254	17
3254	18
3254	3255
3254	36971
19	18
19	20
19	23
20	19
20	21
20	22
23	19
23	24
23	25
21	20
22	20
24	23
25	23
25	26
25	27
26	25
27	25
27	28
27	29
28	27
29	27
29	30
29	3255
30	29
30	31
30	3247
30	3253
3255	29
3255	3253
3255	3254
3255	35943
31	30
31	32
31	3246
3247	30
3247	3248
3247	3249
3253	30
3253	3204
3253	3255
3253	35950
32	31
32	33
32	2203
3246	31
3246	2203
3246	3252
3246	3257
2203	32
2203	2146
2203	2204
2203	3246
34	33
35	36
35	50
35	1199
36	35
36	37
36	35885
36	1645159
50	35
50	49
50	185
1199	35
1199	1198
1199	1205
37	36
37	38
37	1641586
35885	36
35885	35884
35885	1645157
1645159	36
1645159	1645156
1645159	1645157
1645159	1648644
38	37
38	39
38	1641586
1641586	37
1641586	38
1641586	1633418
39	38
39	40
39	1641587
40	39
40	41
40	1641577
1641587	39
1641587	1633418
1641587	1641576
1641587	1641606
41	40
41	42
41	1641355
1641577	40
1641577	1641363
1641577	1641576
42	41
42	43
42	1639779
1641355	41
1641355	1628954
1641355	1639780
1641355	1641363
43	42
43	44
43	1639779
1639779	42
1639779	43
1639779	1639780
44	43
44	45
44	1542024
45	44
45	46
45	1154
45	1538392
1542024	44
1542024	1542023
1542024	1639781
46	45
46	47
46	27108
46	27325
1154	45
1154	1153
1154	1155
1538392	45
1538392	1538362
1538392	1538390
1538392	1538391
47	46
47	48
47	27325
27108	46
27108	27107
27108	27250
27325	46
27325	47
27325	27323
27325	27335
48	47
48	49
48	27343
49	48
49	50
49	184
27343	48
27343	27342
27343	35887
27343	39411
184	49
184	185
184	35886
185	50
185	184
185	1198
52	53
52	54
52	4152
53	52
53	54
53	223
53	225
54	52
54	53
54	4120
4152	52
4152	4148
4152	4153
4152	4156
223	53
223	224
223	3937
223	4113
225	53
225	224
225	4114
225	4148
4120	54
4120	3937
4120	4153
4120	4154
55	56
55	57
55	1068
55	1099
56	55
56	76
56	1069
57	55
57	58
57	1071
57	1072
1068	55
1068	1069
1068	1096
1068	1116
1068	36235
1099	55
76	56
76	74
76	1075
1069	56
1069	1068
1069	1116
58	57
58	59
58	1089
58	32419
1072	57
1072	1070
1072	32419
1071	57
1071	1070
1071	1098
1071	1110
59	58
59	60
59	61
59	62
1089	58
1089	62
1089	171
1089	172
32419	58
32419	1072
60	59
61	59
62	59
62	63
62	1089
63	62
63	64
63	339
64	63
64	65
64	2220
339	63
339	338
339	341
339	36187
65	64
65	66
65	2155
65	2157
2220	64
2220	2219
2220	2221
66	65
66	67
66	68
66	2254
2155	65
2155	2156
2155	2254
2157	65
2157	2158
2157	2161
2157	2219
67	66
68	66
68	69
68	70
68	2251
2254	66
2254	2155
2254	2252
69	68
70	68
70	71
70	1052
70	2251
2251	68
2251	70
2251	2252
71	70
71	72
71	1049
1052	70
1052	1050
1052	2256
1052	2258
72	71
72	73
72	74
1049	71
1049	1048
1049	1050
73	72
74	72
74	75
74	76
75	74
1075	76
1075	1073
1075	1076
78	79
78	80
78	455
80	78
80	81
455	78
455	105
455	454
119	79
119	116
119	118
119	342
81	80
81	82
81	104
82	81
82	83
82	113
104	81
104	105
104	107
104	124
83	82
83	84
83	112
113	82
113	108
113	109
112	83
112	110
112	111
112	114
85	84
86	87
86	88
86	128
86	315
87	86
87	97
87	134
88	86
88	89
88	128
315	86
315	146
128	86
128	88
128	129
128	452
97	87
97	96
97	123
97	134
134	87
134	97
134	135
134	316
89	88
89	90
89	91
90	89
91	89
91	92
92	91
92	93
93	92
93	94
93	133
133	93
133	132
133	139
96	95
96	97
123	97
123	108
123	124
470	98
470	410
470	471
470	35881
35729	98
35729	35728
35729	35881
99	100
99	101
99	136
99	6790
100	99
100	103
100	137
100	6760
101	99
101	102
101	6771
101	6790
136	99
136	137
136	421
136	6792
136	6805
6790	99
6790	101
6790	6791
6790	6792
6790	6802
103	100
103	102
103	6713
103	6748
137	100
137	136
137	421
137	6764
6760	100
6760	6748
6760	6757
6760	6764
102	101
102	103
102	6733
102	6738
6771	101
6771	6738
6771	6772
6771	6791
6733	102
6733	6722
6733	6734
6733	6736
6738	102
6738	6736
6738	6737
6738	6765
6738	6771
6738	6772
6713	103
6713	6711
6713	6714
6713	6717
6713	6734
6748	103
6748	6747
6748	6759
6748	6760
105	104
105	106
105	455
107	104
107	106
107	124
107	135
124	104
124	107
124	123
106	105
106	107
106	135
106	151
135	106
135	107
135	134
135	316
151	106
151	150
151	152
151	454
109	108
109	111
109	113
111	109
111	110
111	112
114	112
115	116
115	117
115	120
115	169
116	115
116	119
116	122
117	115
117	118
117	169
117	454
120	115
120	121
120	170
120	171
169	115
169	117
169	152
122	116
122	121
122	36184
118	117
118	119
118	453
454	117
454	151
454	453
454	455
453	118
453	454
342	119
342	338
342	340
342	36185
121	120
121	122
121	171
170	120
171	120
171	121
171	172
171	1089
36184	122
125	126
125	127
125	176
125	355
125	383
126	125
126	127
126	176
126	354
127	125
127	126
127	353
127	443
355	125
355	381
176	125
176	126
176	153
176	155
383	125
383	381
383	384
383	37498
354	126
354	153
354	353
353	127
353	354
353	356
353	358
443	127
443	442
129	128
129	130
129	154
129	444
452	128
452	145
452	41762
130	129
130	131
130	132
130	154
154	129
154	130
154	153
154	356
444	129
444	359
444	36966
444	41761
131	130
132	130
132	133
132	138
138	132
138	139
138	155
139	133
139	138
139	387
316	134
316	135
316	150
421	136
421	137
421	6770
421	6793
6792	136
6792	6790
6792	6802
6792	6805
6805	136
6805	6792
6805	6793
6805	6797
6764	137
6764	6760
6764	6763
6764	6766
155	138
155	153
155	176
387	139
387	386
387	388
140	141
140	142
140	391
141	140
141	142
141	388
142	140
142	141
142	389
391	140
391	389
388	141
388	387
388	392
389	142
389	390
389	391
143	144
143	146
143	177
144	143
144	145
144	178
144	186
146	143
146	145
146	315
177	143
177	178
177	187
145	144
145	146
145	452
145	41763
178	144
178	177
178	186
186	144
186	178
186	187
41763	145
147	148
147	149
147	166
147	167
148	147
148	152
148	168
149	147
149	150
149	317
166	147
166	162
166	36963
167	147
152	148
152	151
152	169
168	148
150	149
150	151
150	316
317	149
317	303
317	318
153	154
153	155
153	176
153	354
356	154
356	353
356	357
356	359
156	157
156	158
156	1057
157	156
157	175
157	1093
158	156
158	159
158	1057
1057	156
1057	158
1057	1058
175	157
175	173
175	1093
1093	157
1093	175
1093	1070
159	158
159	160
159	1056
160	159
160	161
160	36965
1056	159
1056	303
1056	1055
161	160
161	162
161	36964
36965	160
162	161
162	163
162	166
36964	161
163	162
163	164
163	165
164	163
165	163
36963	166
172	171
172	173
172	1089
173	172
173	174
173	175
174	173
187	177
187	186
187	314
179	180
179	181
179	425
179	42066
180	179
180	183
180	379
180	434
181	179
181	182
181	426
181	35695
425	179
425	424
425	426
425	42066
42066	179
42066	425
42066	42067
42066	42074
183	180
183	182
183	380
183	422
379	180
379	380
379	435
434	180
434	435
434	460
434	42076
182	181
182	183
182	423
182	35699
35695	181
35695	35696
35695	35703
35695	35746
426	181
426	424
426	425
426	35746
423	182
423	422
423	35698
35699	182
380	183
380	379
380	469
35886	184
35886	35890
35886	35891
35886	35892
1198	185
1198	1199
1198	1205
1198	35895
314	187
314	312
314	41764
188	189
188	190
188	369
189	188
189	191
189	357
189	358
190	188
190	191
190	193
190	351
369	188
369	367
369	368
191	189
191	190
191	441
357	189
357	356
357	360
358	189
358	353
358	440
193	190
193	192
193	195
193	461
351	190
351	350
351	371
441	191
441	440
441	442
192	193
192	194
192	201
194	192
194	195
194	203
194	375
201	192
201	202
201	352
195	193
195	194
195	462
461	193
461	435
461	462
203	194
203	202
203	373
375	194
375	374
375	460
375	42079
462	195
462	461
196	197
196	198
196	7178
197	196
197	200
197	23401
198	196
198	199
198	15697
7178	196
7178	7176
7178	7179
200	197
200	199
23401	197
23401	503
23401	24015
199	198
199	200
15697	198
15697	7332
15697	15686
202	201
202	203
352	201
352	350
352	373
373	203
373	205
373	352
373	372
204	205
204	206
204	213
204	372
205	204
205	209
205	373
205	374
206	204
206	207
206	433
372	204
372	213
372	373
213	204
213	211
213	212
213	372
209	205
209	208
209	344
209	374
374	205
374	209
374	375
374	42079
207	206
207	208
207	432
433	206
208	207
208	209
208	344
208	432
432	207
432	208
432	260
432	343
344	208
344	209
344	343
210	211
210	212
210	235
211	210
211	213
211	350
211	371
212	210
212	213
212	227
212	230
235	210
235	236
235	41752
371	211
371	351
371	370
371	41755
350	211
350	351
350	352
230	212
230	229
230	260
230	261
227	212
227	226
227	234
214	215
214	216
214	309
215	214
215	216
215	312
216	214
216	215
216	308
309	214
309	310
309	311
312	215
312	313
312	314
308	216
308	307
308	36178
217	218
217	222
217	7925
218	217
218	219
218	7923
222	217
222	221
222	4895
222	4899
222	7926
7925	217
219	218
219	220
219	7922
7923	218
7923	7922
7923	7924
220	219
220	221
220	7931
7922	219
7922	7921
7922	7923
221	220
221	222
221	7901
221	7918
7931	220
7931	7932
7931	7937
7901	221
7901	7881
7901	7888
7901	7932
7918	221
7918	4895
7918	7882
7918	7887
4895	222
4895	4896
4895	7918
4899	222
4899	4898
4899	7926
7926	222
7926	4899
7926	7927
7926	43222
224	223
224	225
224	4109
224	4110
4113	223
4113	3940
4113	4110
3937	223
3937	3938
3937	3940
3937	4120
4109	224
4109	4100
4109	4114
4110	224
4110	4096
4110	4113
4114	225
4114	4099
4114	4109
4114	4117
4148	225
4148	4117
4148	4149
4148	4152
226	227
226	228
226	251
228	226
228	229
228	255
251	226
251	234
251	273
234	227
234	233
234	251
229	228
229	230
229	255
255	228
255	229
255	254
260	230
260	259
260	432
260	42078
261	230
231	232
231	233
231	289
232	231
232	236
232	245
233	231
233	234
233	273
233	276
289	231
289	276
289	288
236	232
236	235
236	250
245	232
245	244
245	246
245	247
273	233
273	251
273	274
273	275
276	233
276	277
276	278
276	289
41752	235
41752	41753
41752	41754
250	236
250	243
250	247
250	248
237	238
237	239
237	3930
238	237
238	239
238	241
238	3295
239	237
239	238
239	240
239	3271
239	3889
3930	237
3930	3889
3930	3931
241	238
241	240
241	3292
3295	238
3295	3296
3295	4080
240	239
240	241
240	3276
3271	239
3271	3272
3271	3888
3889	239
3889	3890
3889	3930
3276	240
3276	3275
3276	3277
3276	3292
3292	241
3292	3276
3292	3291
242	243
242	244
242	36178
243	242
243	248
243	250
244	242
244	245
244	36218
36178	242
36178	253
36178	308
248	243
248	247
248	249
248	250
36218	244
36218	36219
246	245
247	245
247	248
247	250
249	248
252	253
252	1159
253	252
253	36178
1159	252
1159	307
1159	1158
254	255
254	256
256	254
256	257
257	256
257	258
257	272
258	257
258	259
258	35850
258	42587
272	257
272	271
272	42587
259	258
259	260
259	35851
259	42078
35850	258
35850	35851
35850	36974
35850	42588
42587	258
42587	272
42587	42586
35851	259
35851	35850
35851	36974
35851	36975
42078	259
42078	260
42078	42077
262	263
262	264
262	549
263	262
263	278
263	288
263	550
264	262
264	265
264	267
549	262
549	548
278	263
278	276
278	279
288	263
288	289
288	36211
550	263
550	525
550	36210
265	264
265	266
267	264
267	268
267	1918
266	265
268	267
268	269
268	290
268	297
1918	267
1918	1919
1918	36987
269	268
269	270
269	42585
290	268
290	291
290	327
290	1920
297	268
297	296
297	42583
270	269
270	271
270	301
42585	269
271	270
271	272
271	301
301	270
301	271
301	42582
274	273
275	273
277	276
279	278
280	281
280	282
280	35769
281	280
281	285
281	42598
282	280
282	283
282	286
282	35773
35769	280
35769	35768
35769	35852
285	281
285	284
285	35845
285	35846
42598	281
42598	35841
42598	35854
42598	42600
283	282
283	284
283	286
286	282
286	283
286	287
286	35772
35773	282
284	283
284	285
284	287
284	35846
287	284
287	286
287	35775
287	35847
35846	284
35846	285
35846	35845
35846	35847
35845	285
35845	35844
35845	35846
35772	286
35772	35771
35775	287
35775	35774
35775	42570
35847	287
35847	35846
35847	35848
36211	288
36211	36212
36211	36215
291	290
291	292
291	327
327	290
327	291
327	1919
1920	290
292	291
292	293
292	480
293	292
293	294
293	480
293	35805
480	292
480	293
480	479
294	293
294	295
294	35795
294	35796
35805	293
295	294
295	296
35796	294
35796	35795
35796	35797
35796	35799
35795	294
35795	35770
35795	35796
296	295
296	297
296	42583
42583	296
42583	297
42583	42582
42583	42584
298	299
298	300
298	42582
299	298
299	300
299	42586
300	298
300	299
300	35863
42582	298
42582	301
42582	42583
42582	42586
42586	299
42586	42582
42586	42587
35863	300
35863	35768
35863	35770
35863	36974
302	303
302	304
302	305
303	302
303	317
303	1056
303	1092
304	302
305	302
305	306
305	1103
305	1156
1092	303
1092	1090
1092	1100
1092	1143
306	305
306	307
306	1158
1103	305
1103	1101
1103	1124
1156	305
1156	1157
1156	1165
307	306
307	308
307	1159
1158	306
1158	1157
1158	1159
310	309
311	309
313	312
41764	314
318	317
319	320
320	319
321	322
321	323
321	326
321	3481
322	321
322	324
322	325
322	3479
323	321
323	324
323	3430
323	3432
326	321
326	325
326	4173
326	4175
3481	321
3481	3434
3481	4173
324	322
324	323
324	3431
324	3475
325	322
325	326
325	3480
325	4175
325	4181
3479	322
3479	3475
3479	3480
3479	3482
3432	323
3432	3369
3432	3429
3432	3434
3430	323
3430	3415
3430	3427
3430	3431
3431	324
3431	3416
3431	3430
3431	3474
3475	324
3475	3474
3475	3476
3475	3479
3480	325
3480	3424
3480	3479
3480	4178
4175	325
4175	326
4175	4174
4175	4179
4181	325
4181	4178
4181	4179
4181	4182
4173	326
4173	3481
4173	4132
4173	4174
1919	327
1919	1918
1919	36979
1919	36980
328	329
328	330
328	40094
329	328
329	330
329	11435
330	328
330	329
330	12041
40094	328
11435	329
11435	11433
11435	11434
12041	330
12041	12022
12041	12058
331	332
331	333
331	386
332	331
332	333
332	35734
333	331
333	332
333	404
386	331
386	385
386	387
386	36967
35734	332
35734	35731
35734	35735
404	333
404	405
334	335
334	337
335	334
335	336
337	334
337	336
337	12138
336	335
336	337
336	12176
12176	336
12176	11433
12176	12175
12176	12202
12138	337
12138	12032
12138	12033
338	339
338	340
338	342
338	36186
340	338
340	341
340	342
36186	338
341	339
341	340
341	2202
36187	339
2202	341
36185	342
343	344
343	432
343	42082
42082	343
42082	42081
42082	42594
42082	42595
345	346
345	347
345	3294
346	345
346	349
346	3290
346	3291
346	3338
347	345
347	348
347	3285
347	3294
3294	345
3294	347
3294	3290
349	346
349	348
349	3338
349	3339
3290	346
3290	3293
3290	3294
3291	346
3291	3292
3291	3296
3338	346
3338	349
3338	3296
348	347
348	349
348	3319
3285	347
3285	3284
3285	3286
3285	3319
3319	348
3319	3285
3319	3314
3319	3339
3339	349
3339	3319
3339	3340
3339	3347
3339	36261
381	355
381	382
381	383
359	356
359	360
359	361
359	444
360	357
360	359
360	362
440	358
440	441
361	359
361	362
361	36966
362	360
362	361
362	363
362	41760
36966	361
36966	444
363	362
363	364
363	370
363	41759
41760	362
364	363
364	365
364	366
370	363
370	366
370	371
370	41758
41759	363
365	364
366	364
366	367
366	370
367	366
367	368
367	369
368	367
368	369
41758	370
41755	371
41755	41756
41755	41757
42079	374
42079	375
42079	460
42079	42597
460	375
460	434
460	42074
460	42079
376	377
376	378
376	16472
377	376
377	378
377	12226
377	12227
378	376
378	377
378	12230
378	12247
16472	376
16472	1176
16472	37523
12226	377
12226	12225
12226	16399
12227	377
12227	12228
12227	12229
12230	378
12230	12231
12247	378
12247	12248
12247	37522
435	379
435	434
435	461
382	381
382	392
382	393
392	382
392	388
392	393
393	382
393	392
384	383
384	385
384	468
37498	383
37498	468
468	384
468	442
468	37498
36967	386
390	389
394	395
394	396
394	7162
395	394
395	399
395	42094
396	394
396	397
396	7163
7162	394
7162	7163
7162	7184
7162	7186
399	395
399	398
399	457
42094	395
42094	457
42094	7184
42094	42329
397	396
397	398
397	3263
7163	396
7163	3263
7163	7162
7163	7186
398	397
398	399
398	3261
3263	397
3263	3264
3263	7163
3263	21184
3261	398
3261	3262
3261	20839
457	399
457	456
457	459
457	20849
457	41945
457	42094
400	401
400	403
400	592
401	400
401	402
401	41613
403	400
403	402
403	450
592	400
592	591
592	2661
402	401
402	403
402	445
41613	401
41613	2625
41613	42211
445	402
445	446
445	40748
450	403
450	449
450	451
405	404
405	410
405	411
410	405
410	411
410	470
410	472
411	405
411	410
411	36193
406	407
406	408
406	6024
407	406
407	409
407	6025
407	36209
408	406
408	409
408	6300
6024	406
6024	6025
6024	6048
409	407
409	408
409	5636
409	6301
6025	407
6025	6024
6025	6049
6025	36224
36209	407
36209	5636
36209	36224
6300	408
6300	6301
6300	6302
5636	409
5636	5637
5636	5638
5636	36209
6301	409
6301	5637
6301	6300
472	410
472	471
472	473
36193	411
36193	35717
412	413
412	414
412	683
413	412
413	418
413	755
413	7795
414	412
414	415
414	682
683	412
683	677
683	699
418	413
418	417
418	7794
755	413
755	756
755	758
755	7793
7795	413
7795	7792
7795	7794
415	414
415	416
415	682
682	414
682	415
682	681
416	415
416	417
416	1025
417	416
417	418
417	1024
417	7757
1025	416
1024	417
1024	1023
1024	7756
7757	417
7757	7755
7757	7756
7757	7794
7794	418
7794	7757
7794	7787
7794	7795
35698	419
35698	423
35698	35405
35698	35709
35709	420
35709	35698
35709	35710
6770	421
6770	6769
6770	6793
6793	421
6793	6770
6793	6794
6793	6798
6793	6805
37415	422
37415	469
424	425
424	426
424	427
427	424
427	35747
427	42052
35746	426
35746	35695
35746	35703
35747	427
35747	35748
35747	35749
35747	42058
42052	427
42052	42053
42052	42054
42052	42067
428	429
428	430
428	7190
428	40005
429	428
429	431
429	12629
429	40022
430	428
430	431
430	5927
430	5970
7190	428
7190	611
7190	7156
40005	428
40005	40006
431	429
431	430
431	5925
431	12629
12629	429
12629	431
12629	6855
40022	429
40022	40015
40022	40017
40022	40023
5927	430
5927	5928
5927	5929
5927	5971
5970	430
5970	5971
5970	7130
5925	431
5925	5926
42076	434
436	437
436	439
436	23898
437	436
437	438
437	33468
439	436
439	438
439	20655
439	23896
23898	436
23898	23897
23898	40853
438	437
438	439
438	15713
438	20655
33468	437
33468	33467
33468	33469
33468	39690
20655	438
20655	439
20655	23896
20655	39962
15713	438
15713	15712
15713	15714
15713	40848
23896	439
23896	20655
23896	23897
23896	39978
442	441
442	443
442	468
41761	444
446	445
446	447
446	2648
40748	445
40748	40749
40748	42208
447	446
447	448
447	2647
2648	446
2648	2649
2648	40749
448	447
448	449
2647	447
2647	2646
2647	2934
2647	2938
449	448
449	450
449	591
591	449
591	592
591	2652
451	450
41762	452
456	457
456	458
456	21970
458	456
458	459
458	20811
458	20812
458	21121
21970	456
21970	20869
21970	21969
459	457
459	458
459	21121
20849	457
20849	20848
20849	21969
41945	457
41945	21122
41945	41944
41945	42092
20811	458
20811	20813
20811	21122
20812	458
20812	20772
20812	20803
20812	20813
21121	458
21121	459
21121	21122
42074	460
42074	42066
42074	42073
42074	42596
463	464
463	467
463	20571
464	463
464	465
464	5314
464	5315
467	463
467	466
467	20718
467	25505
20571	463
20571	20572
20571	20576
20571	20725
465	464
465	466
465	40105
465	41916
5314	464
5314	5312
5314	42134
5315	464
5315	5313
5315	20576
466	465
466	467
466	41916
41916	465
41916	466
41916	41917
40105	465
40105	40104
40105	40110
20718	467
20718	20554
20718	20716
20718	20723
25505	467
25505	20534
25505	20554
25505	20556
471	470
471	472
35881	470
35881	35729
35881	35739
473	472
474	475
474	479
475	474
475	476
475	36979
475	1594983
479	474
479	478
479	480
476	475
476	477
476	36977
36979	475
36979	1919
36979	36986
1594983	475
1594983	1594984
1594983	1610675
477	476
477	478
36977	476
36977	36978
36977	1594985
478	477
478	479
478	35803
478	36976
35803	478
35803	35800
35803	35809
35803	35818
36976	478
36976	36978
481	482
481	507
482	481
482	483
482	5926
507	481
507	506
507	21548
483	482
483	484
483	4074
5926	482
5926	5805
5926	5925
484	483
484	485
484	4040
484	4074
4074	483
4074	484
4074	4041
4074	5937
485	484
485	486
4040	484
4040	4039
4040	4041
486	485
486	487
486	5809
487	486
487	488
487	489
5809	486
5809	4039
5809	5807
5809	5943
488	487
489	487
489	490
489	5808
490	489
490	491
490	5951
5808	489
5808	5807
5808	5951
491	490
491	492
491	4077
5951	490
5951	4077
5951	5808
5951	5948
492	491
492	493
492	4076
4077	491
4077	4075
4077	5951
4077	5954
493	492
493	494
493	7131
4076	492
4076	4075
4076	5813
494	493
494	495
494	7133
7131	493
7131	5813
7131	7132
7131	7152
495	494
495	496
495	7154
7133	494
7133	7132
7133	7154
496	495
496	497
496	7145
7154	495
7154	7133
7154	7153
7154	7161
7154	7206
497	496
497	498
497	7142
7145	496
7145	7142
7145	7146
7145	7207
498	497
498	499
7142	497
7142	499
7142	7141
7142	7145
499	498
499	500
499	7142
500	499
500	501
500	7141
501	500
501	502
501	7164
501	7165
501	23431
7141	500
7141	7142
7141	7144
7141	7165
502	501
502	503
502	7179
7164	501
7164	7165
7164	7166
7164	23431
7165	501
7165	7141
7165	7164
7165	7166
23431	501
23431	7164
23431	7180
503	502
503	504
503	23401
7179	502
7179	7178
7179	7180
504	503
504	505
504	4044
505	504
505	506
505	4044
505	24013
4044	504
4044	505
4044	24012
506	505
506	507
506	24012
24013	505
24013	24012
24012	506
24012	4044
24012	24013
21548	507
21548	21549
21548	24014
509	510
509	511
509	6685
510	509
510	513
510	6681
511	509
511	512
511	6684
511	6696
6685	509
6685	6679
6685	6684
6685	6699
513	510
513	512
513	6616
6681	510
6681	6621
6681	6679
6681	6682
512	511
512	513
512	6604
512	6683
6684	511
6684	6685
6684	6700
6684	6963
6696	511
6696	6683
6696	6700
6696	6953
6604	512
6604	6605
6604	6606
6604	6620
6683	512
6683	6620
6683	6696
6683	6893
6616	513
6616	6605
6616	6621
514	515
514	516
514	1119
514	5892
515	514
515	516
515	1120
516	514
516	515
516	5883
516	5884
516	5894
1119	514
1119	1118
1119	5890
1119	5896
5892	514
1120	515
1120	1118
1120	5902
5883	516
5883	5874
5883	5882
5883	5893
5884	516
5884	5862
5884	5874
5884	5894
5894	516
5894	5854
5894	5864
5894	5884
517	518
517	519
517	8146
518	517
518	520
518	8154
518	8155
519	517
519	520
519	8145
519	8153
8146	517
8146	8137
8146	8147
520	518
520	519
520	8153
520	8155
8154	518
8154	8147
8154	8156
8155	518
8155	520
8155	8152
8155	8157
8145	519
8145	8124
8145	8148
8145	8153
8153	519
8153	520
8153	8145
8153	8151
8153	8152
521	522
521	36982
521	36992
522	521
522	523
522	548
36982	521
36982	36983
36992	521
36992	36991
36992	36993
523	522
523	524
523	525
548	522
548	549
524	523
524	526
524	36201
525	523
525	526
525	550
526	524
526	525
526	1166
36201	524
36201	36200
36201	36202
1166	526
1166	1165
1166	1167
527	528
527	529
527	532
528	527
528	531
528	534
528	5432
529	527
529	530
529	5418
532	527
532	533
532	5444
532	5449
531	528
531	530
531	5421
531	5422
534	528
534	535
534	5433
534	5438
5432	528
5432	5421
5432	5433
530	529
530	531
530	5423
5418	529
5418	5368
5418	5417
5418	5424
5423	530
5423	5367
5423	5422
5423	5424
5422	531
5422	5423
5421	531
5421	5391
5421	5420
5421	5432
533	532
533	535
533	5450
5444	532
5444	5417
5444	5445
5444	5448
5449	532
5449	5450
535	533
535	534
535	5443
5450	533
5450	5449
5438	534
5438	5437
5438	5442
5438	7984
5433	534
5433	5431
5433	5432
5433	5436
5443	535
5443	5442
5443	5447
536	537
536	541
536	542
537	536
537	538
537	36981
541	536
541	540
541	36986
542	536
542	543
538	537
538	539
538	36985
538	1603443
36981	537
36981	543
539	538
539	540
539	1603442
36985	538
36985	36984
36985	1603443
1603443	538
1603443	36985
1603443	1603442
1603443	1607299
540	539
540	541
540	1594982
1603442	539
1603442	1603443
1603442	1607298
1594982	540
1594982	36986
1594982	1593601
36986	541
36986	36979
36986	1594982
543	542
543	36981
544	545
544	546
544	4371
544	4373
545	544
545	547
545	4481
546	544
546	547
4371	544
4371	4372
4371	4476
4371	4487
4373	544
4373	4372
4373	4481
4373	4485
547	545
547	546
4481	545
4481	4373
4481	4480
4481	4484
36210	550
551	552
551	553
551	559
552	551
552	555
552	556
553	551
553	554
553	36197
559	551
559	558
559	560
555	552
555	554
555	556
556	552
556	555
556	557
554	553
554	555
554	557
554	1189
36197	553
36197	36196
36197	36207
557	554
557	556
557	561
1189	554
1189	1187
1189	1190
561	557
561	568
558	559
558	560
558	2023
560	558
560	559
560	2025
560	37003
2023	558
2023	2024
2023	37015
2025	560
2025	2024
2025	37004
37003	560
37003	37004
37003	37005
568	561
568	573
562	563
562	566
562	567
563	562
563	564
563	37017
566	562
566	565
566	567
566	569
567	562
567	566
567	37020
564	563
564	565
564	37016
37017	563
37017	37018
37017	37019
565	564
565	566
565	569
37016	564
569	565
569	566
569	579
37020	567
573	568
573	577
579	569
579	578
570	571
570	572
571	570
571	589
572	570
572	574
589	571
589	578
574	572
574	580
577	573
577	575
580	574
580	587
575	576
575	577
576	575
576	588
588	576
588	590
578	579
578	589
587	580
587	590
581	582
581	583
581	22099
582	581
582	586
582	22099
583	581
583	584
583	22098
22099	581
22099	582
22099	21926
586	582
586	585
586	944
584	583
584	585
22098	583
22098	21927
22098	22151
585	584
585	586
585	944
585	22105
585	22107
585	22113
944	585
944	586
944	31944
22107	585
22107	22108
22107	22113
22105	585
22105	17398
22105	22106
22113	585
22113	22107
22113	22108
590	587
590	588
2652	591
2652	2575
2652	2653
2652	2935
2661	592
2661	2660
2661	2671
593	596
596	593
596	594
596	595
594	595
594	596
594	36021
595	594
595	596
595	36020
36021	594
36020	595
36020	36017
36020	36022
597	598
597	599
597	6851
597	7251
598	597
598	599
598	7066
599	597
599	598
599	6859
6851	597
6851	6007
6851	7261
7251	597
7251	7250
7251	7263
7066	598
7066	7068
7066	7263
7066	7351
6859	599
6859	6858
6859	7067
600	601
600	603
600	663
600	3470
601	600
601	602
601	3484
601	3498
603	600
603	602
603	664
663	600
663	665
663	3469
3470	600
3470	3469
3470	3473
3470	3494
602	601
602	603
602	3452
3484	601
3484	3452
3484	3478
3484	3497
3484	3498
3498	601
3498	3484
3498	3494
3498	3504
3452	602
3452	3453
3452	3484
664	603
664	665
664	3439
664	3451
604	605
604	606
604	676
604	36183
605	604
605	608
606	604
606	607
606	41826
676	604
676	675
676	695
676	36179
36183	604
36183	36179
36183	36182
36183	36190
608	605
608	607
608	675
607	606
607	608
607	673
41826	606
41826	41825
41826	41892
673	607
673	672
673	674
675	608
675	672
675	676
675	692
609	610
609	614
609	40021
610	609
610	611
610	6013
614	609
614	613
614	40010
40021	609
40021	40020
611	610
611	612
611	7188
611	7190
6013	610
6013	6012
6013	6014
612	611
612	613
612	40004
7188	611
7188	7189
7188	7192
613	612
613	614
613	40010
40004	612
40010	613
40010	614
40010	40009
615	616
615	617
615	1494580
616	615
616	624
616	661
617	615
617	618
1494580	615
1494580	661
1494580	1494584
624	616
624	623
624	662
661	616
661	662
661	109371
661	1494580
618	617
618	619
618	37031
619	618
619	620
619	36225
37031	618
37031	37030
37031	37033
37031	1494587
620	619
620	621
620	836
36225	619
36225	834
621	620
621	622
836	620
836	768
836	834
836	109373
622	621
622	623
623	622
623	624
662	624
662	661
662	109372
662	139985
625	626
625	648
625	12653
626	625
626	627
648	625
648	639
648	12794
12653	625
12653	12654
12653	12655
627	626
627	628
628	627
628	629
629	628
629	630
629	12608
630	629
630	631
12608	629
12608	12604
12608	12607
12608	42214
631	630
631	632
631	1094
632	631
632	633
1094	631
1094	633
1094	1095
633	632
633	634
633	1094
634	633
634	635
634	12593
635	634
635	636
635	12597
12593	634
12593	12594
12593	35973
636	635
636	637
636	12613
12597	635
12597	12596
12597	35971
637	636
637	638
637	36326
12613	636
12613	12610
12613	12612
638	637
638	639
638	12790
36326	637
36326	12612
639	638
639	640
639	648
639	12793
12790	638
12790	12791
12790	36327
640	639
640	641
640	647
12793	639
12793	12792
12793	12795
641	640
641	642
641	644
641	646
647	640
647	646
642	641
642	643
642	644
644	641
644	642
644	645
646	641
646	645
646	647
643	642
645	644
645	646
12794	648
12794	12796
12794	33767
649	650
649	651
649	654
650	649
650	651
650	41880
651	649
651	650
651	41885
654	649
654	652
654	653
654	41888
41880	650
41880	41881
41880	41882
41885	651
41885	41886
41885	41887
652	653
652	654
652	2085
653	652
653	654
653	41879
2085	652
2085	2082
2085	2084
41879	653
41888	654
655	656
655	657
656	655
656	660
656	9392
657	655
657	658
657	9387
657	9388
660	656
660	659
660	10016
9392	656
9392	9388
9392	9393
658	657
658	659
658	9395
9387	657
9387	9386
9387	9395
9388	657
9388	9366
9388	9392
659	658
659	660
659	10007
659	10015
9395	658
9395	9387
9395	9394
10007	659
10007	10006
10007	10008
10015	659
10015	10006
10015	10016
10016	660
10016	10015
10016	10017
109371	661
109371	109374
109371	1494585
109372	662
109372	109369
109372	109373
139985	662
139985	109363
139985	139986
665	663
665	664
665	3441
665	3465
3469	663
3469	3466
3469	3470
3439	664
3439	3437
3439	3438
3439	3441
3451	664
3451	3438
3451	3450
3451	3453
3465	665
3465	3460
3465	3466
3441	665
3441	3380
3441	3439
3441	3442
666	667
666	668
666	800
666	853
667	666
667	669
667	828
667	829
668	666
668	669
668	743
668	744
800	666
800	744
800	745
800	798
853	666
853	852
853	860
669	667
669	668
669	742
669	763
828	667
828	826
828	838
828	842
829	667
829	763
829	830
743	668
743	742
743	744
744	668
744	743
744	745
744	800
763	669
763	713
763	829
763	847
742	669
742	713
742	743
670	671
670	674
670	41890
670	109337
671	670
671	672
671	690
671	109344
674	670
674	673
674	41891
41890	670
41890	4414
109337	670
109337	109323
109337	109336
672	671
672	673
672	675
672	692
690	671
690	691
690	40819
690	109345
109344	671
109344	109343
109344	146896
692	672
692	675
692	691
692	694
41891	674
695	676
695	693
695	738
36179	676
36179	738
36179	36180
36179	36183
677	678
677	683
678	677
678	679
678	701
679	678
679	680
679	1998
701	678
701	700
701	752
680	679
680	681
680	2004
1998	679
1998	752
1998	1999
681	680
681	682
681	1015
2004	680
2004	1079
2004	3990
1015	681
1015	1016
1015	3990
699	683
699	700
699	748
684	685
684	686
684	10312
685	684
685	689
685	10233
686	684
686	687
686	10317
10312	684
10312	10313
689	685
689	688
689	10300
10233	685
10233	10221
10233	10234
687	686
687	688
687	10317
687	10318
10317	686
10317	687
10317	10315
688	687
688	689
688	10296
688	10298
10318	687
10318	10319
10318	10607
10318	10610
10298	688
10298	10299
10298	10319
10296	688
10296	10295
10296	10297
10300	689
10300	10237
10300	10295
691	690
691	692
691	37029
40819	690
40819	709
40819	40820
109345	690
109345	109346
109345	109359
37029	691
37029	37028
694	692
694	693
694	37028
693	694
693	695
693	739
739	693
739	720
739	738
739	740
37028	694
37028	37029
37028	40820
738	695
738	737
738	739
738	36179
696	697
696	698
696	712
697	696
697	698
697	711
698	696
698	697
712	696
712	707
712	708
711	697
711	706
711	40820
700	699
700	701
700	753
748	699
748	747
748	754
753	700
752	701
752	751
752	1998
702	703
702	704
702	705
703	702
703	709
703	715
703	109347
704	702
705	702
705	706
705	713
705	741
709	703
709	708
709	710
709	40819
715	703
715	716
109347	703
109347	109346
109347	146937
706	705
706	707
706	711
713	705
713	714
713	742
713	763
741	705
741	740
707	706
707	708
707	712
708	707
708	709
708	712
710	709
40820	711
40820	37028
40820	40819
40820	41823
714	713
714	717
714	844
717	714
717	716
717	843
844	714
844	843
844	870
716	715
716	717
843	717
843	844
843	109346
718	719
718	721
718	41823
719	718
719	720
719	740
721	718
721	720
721	41823
41823	718
41823	721
41823	40820
41823	41824
720	719
720	721
720	739
740	719
740	739
740	741
722	723
722	724
722	19815
723	722
723	726
723	19820
723	19821
723	20397
724	722
724	725
724	19831
724	19832
19815	722
19815	19812
19815	19813
19815	19816
726	723
726	725
726	16916
726	16917
19820	723
19820	19819
19820	20397
19821	723
19821	19822
19821	19827
19821	19828
20397	723
20397	19816
20397	19819
20397	19820
725	724
725	726
725	16917
19831	724
19831	16918
19831	19834
19832	724
19832	19833
16917	725
16917	726
16917	16918
16916	726
16916	16914
16916	19828
727	728
727	729
727	793
727	794
727	795
728	727
728	746
728	795
729	727
729	730
729	731
729	929
794	727
794	792
794	929
794	954
793	727
793	792
793	795
793	797
795	727
795	728
795	793
795	796
746	728
746	745
746	796
746	801
730	729
731	729
731	732
731	953
929	729
929	732
929	794
929	954
732	731
732	733
732	734
732	929
953	731
733	732
734	732
734	735
734	963
735	734
735	736
735	737
963	734
963	897
963	964
736	735
737	735
737	738
737	904
737	909
904	737
904	901
904	906
904	908
909	737
909	892
909	908
909	956
745	744
745	746
745	765
745	766
745	800
765	745
765	764
765	766
765	799
766	745
766	764
766	765
766	802
796	746
796	764
796	795
801	746
801	802
747	748
747	749
747	4896
747	7897
749	747
749	750
749	7878
7897	747
7897	7898
7897	7902
4896	747
4896	4895
4896	4897
754	748
754	761
754	4898
754	42389
750	749
750	751
750	7875
7878	749
7878	7875
7878	7879
751	750
751	752
751	7825
7875	750
7875	7826
7875	7877
7875	7878
7825	751
7825	7823
7825	7826
761	754
761	760
761	7874
4898	754
4898	4897
4898	4899
4898	7927
42389	754
756	755
756	757
758	755
758	759
758	7763
7793	755
7793	7791
7793	7792
757	756
759	758
759	760
759	7762
7763	758
7763	7764
7763	7790
760	759
760	761
760	7782
760	7872
7762	759
7762	7770
7762	7781
7782	760
7782	7781
7782	7866
7872	760
7872	7871
7874	761
7874	7688
7874	7871
762	10154
762	10156
10154	762
10154	10148
10154	10155
10156	762
10156	10149
10156	37362
847	763
847	846
847	848
764	765
764	766
764	796
799	765
802	766
802	801
767	768
767	769
767	833
767	37030
768	767
768	771
768	784
768	836
768	109368
769	767
769	770
769	782
833	767
833	834
833	835
37030	767
37030	37031
771	768
771	770
771	772
771	784
784	768
784	770
784	771
784	791
784	109367
109368	768
109368	109365
109368	109367
109368	109373
770	769
770	771
770	781
770	784
782	769
782	783
782	37032
781	770
781	779
781	785
781	826
772	771
773	774
773	775
773	876
774	773
774	783
774	1494590
775	773
775	776
775	837
876	773
876	874
876	875
783	774
783	782
783	41659
1494590	774
1494590	41659
1494590	1494591
776	775
776	777
776	839
837	775
837	838
837	872
837	875
777	776
777	778
777	779
839	776
778	777
779	777
779	780
779	781
780	779
785	781
785	786
785	832
826	781
826	827
826	828
37032	782
37032	37033
41659	783
41659	37033
41659	1494590
791	784
791	790
791	819
109367	784
109367	819
109367	109364
109367	109368
786	785
786	787
786	871
832	785
832	831
832	871
787	786
787	788
787	789
871	786
871	832
871	845
788	787
789	787
789	790
789	849
790	789
790	791
790	820
849	789
849	845
849	848
820	790
820	821
820	848
819	791
819	825
819	109367
792	793
792	794
792	862
792	955
862	792
862	797
862	861
862	960
955	792
955	954
955	960
955	965
797	793
797	798
797	857
797	862
954	794
954	929
954	955
954	962
798	797
798	800
798	859
857	797
857	858
857	859
859	798
859	857
803	804
803	805
804	803
804	818
804	900
804	903
805	803
805	806
805	913
805	985
818	804
818	817
818	899
818	901
900	804
900	901
900	902
903	804
903	902
903	987
903	1005
806	805
806	807
806	810
913	805
913	810
913	912
913	914
985	805
985	986
985	987
807	806
807	808
810	806
810	811
810	913
808	807
808	809
809	808
811	810
811	812
811	912
812	811
812	813
812	2195
912	811
912	913
912	917
912	918
813	812
813	814
813	2195
2195	812
2195	813
2195	2194
2195	41906
814	813
814	815
814	36188
815	814
815	816
815	36188
36188	814
36188	815
36188	883
36188	36194
816	815
816	817
816	890
817	816
817	818
817	889
890	816
890	889
890	891
889	817
889	890
889	891
899	818
899	898
899	36191
901	818
901	900
901	904
901	905
825	819
825	824
825	109364
821	820
821	822
821	869
848	820
848	847
848	849
848	869
822	821
822	823
822	868
869	821
869	848
869	868
823	822
823	824
823	868
868	822
868	823
868	869
824	823
824	825
824	867
867	824
867	870
109364	825
109364	109362
109364	109365
109364	109367
827	826
838	828
838	837
838	841
842	828
842	840
842	854
830	829
830	831
830	846
831	830
831	832
831	845
846	830
846	847
845	831
845	849
845	871
834	833
834	836
834	36225
835	833
109373	836
109373	109368
109373	109369
109373	109372
872	837
872	841
872	873
875	837
875	876
841	838
841	840
841	861
841	872
840	841
840	842
840	850
850	840
850	851
850	858
861	841
861	858
861	862
861	877
854	842
854	855
854	856
109346	843
109346	109345
109346	109347
109346	109361
870	844
870	867
851	850
851	852
851	43513
858	850
858	857
858	860
858	861
852	851
852	853
43513	851
43513	860
860	853
860	858
860	43513
855	854
856	854
877	861
877	873
877	36226
877	37036
960	862
960	955
960	971
960	36227
863	864
863	866
863	25183
863	25187
864	863
864	865
864	24581
864	24584
866	863
866	865
866	25557
866	42668
25183	863
25183	25181
25183	25261
25187	863
25187	25188
25187	25189
25187	42668
865	864
865	866
865	24572
865	42662
24584	864
24584	24583
24584	24875
24584	42662
24581	864
24581	24582
24581	25182
42662	865
42662	24584
42662	24864
42662	38152
24572	865
24572	24573
24572	24574
25557	866
25557	24573
25557	25177
25557	25577
42668	866
42668	25187
42668	25577
42668	42669
873	872
873	874
873	877
874	873
874	876
874	37038
874	1494595
37038	874
37038	37035
37038	37037
1494595	874
1494595	1494596
36226	877
36226	971
37036	877
37036	972
37036	37034
37036	37037
879	880
879	882
879	2199
879	4961
880	879
880	881
880	2191
880	2192
882	879
882	881
882	4968
2199	879
2199	2200
2199	4900
4961	879
4961	4900
4961	4962
881	880
881	882
881	2191
2191	880
2191	881
2191	1137
2191	4964
2192	880
2192	1018
2192	1019
2192	2193
4968	882
4968	4963
4968	37237
883	884
883	885
883	36188
883	36194
884	883
884	888
884	36189
885	883
885	886
885	2196
885	36195
36194	883
36194	36188
36194	36195
888	884
888	887
888	2198
36189	884
886	885
886	887
886	2196
36195	885
36195	36194
36195	41906
2196	885
2196	886
2196	2197
2196	41875
887	886
887	888
2198	888
2198	2197
2198	36190
891	889
891	890
891	898
898	891
898	899
898	36192
892	893
892	894
892	909
892	998
893	892
893	897
893	961
893	998
894	892
894	895
998	892
998	893
998	997
998	1001
897	893
897	896
897	963
961	893
961	962
961	994
961	999
895	894
895	896
896	895
896	897
36192	898
36191	899
36191	36182
902	900
902	903
902	907
902	959
905	901
905	906
905	36181
907	902
907	908
907	956
907	958
959	902
959	957
959	958
959	978
1005	903
1005	981
987	903
987	985
987	988
906	904
906	905
906	36180
908	904
908	907
908	909
36181	905
36181	36180
36181	36182
36180	906
36180	36179
36180	36181
956	907
956	909
956	997
956	1008
958	907
958	957
958	959
958	1006
910	911
910	35561
910	35570
911	910
911	35568
911	35579
35561	910
35561	35560
35561	35562
35570	910
35570	35571
35570	35580
35568	911
35568	35569
35568	35577
35579	911
35579	35578
35579	35580
917	912
917	916
917	925
917	2194
918	912
914	913
914	915
914	984
915	914
915	916
915	926
915	927
984	914
916	915
916	917
916	926
927	915
927	926
927	928
926	915
926	916
926	927
925	917
925	924
925	2194
925	41712
2194	917
2194	925
2194	2105
2194	2195
919	920
919	921
919	1036
919	1037
920	919
920	928
920	983
920	1036
921	919
921	922
921	1037
1037	919
1037	921
1037	977
1037	36253
1036	919
1036	920
1036	978
928	920
928	927
928	983
983	920
983	928
983	978
983	982
922	921
922	923
922	1002
923	922
923	924
923	1002
1002	922
1002	923
1002	41914
924	923
924	925
924	41712
924	41913
41712	924
41712	925
41712	2229
41712	41713
41913	924
41913	41647
41913	41650
41913	41914
930	931
930	932
930	934
930	37052
931	930
931	933
931	1026
932	930
932	933
932	940
932	41649
934	930
934	935
934	1014
37052	930
37052	37050
37052	37053
933	931
933	932
933	1027
1026	931
1026	945
1026	1027
940	932
940	939
940	41975
41649	932
41649	41646
41649	41650
41649	41976
1027	933
1027	1026
1027	1043
935	934
935	936
935	1014
1014	934
1014	935
1014	1038
936	935
936	937
936	949
936	1039
937	936
937	938
937	950
949	936
949	950
949	1039
949	1086
1039	936
1039	949
1039	1038
938	937
938	939
938	2250
950	937
950	949
950	2243
939	938
939	940
939	41976
2250	938
2250	2249
2250	41976
2250	41983
41976	939
41976	2250
41976	41649
41976	41982
41975	940
941	942
941	943
941	21594
941	21744
942	941
942	943
942	21553
943	941
943	942
943	21599
943	21744
21594	941
21594	21595
21594	21744
21744	941
21744	943
21744	21594
21744	21743
21744	21931
21553	942
21553	21552
21553	21556
21553	21598
21599	943
21599	21598
21599	21924
21599	21931
31944	944
31944	17397
31944	21907
31944	42356
945	946
945	947
945	1026
946	945
946	948
946	1040
946	37049
946	37053
946	37054
947	945
947	948
948	946
948	947
948	36253
948	41650
1040	946
1040	1041
1040	37048
37049	946
37049	37048
37049	37055
37053	946
37053	37052
37054	946
37054	37051
37054	37056
37054	1494770
36253	948
36253	1032
36253	1037
41650	948
41650	41647
41650	41649
41650	41913
1086	949
1086	1074
1086	1088
1086	38043
2243	950
2243	2244
2243	41992
951	952
951	23187
952	951
952	15690
23187	951
23187	23188
23187	23421
23187	41724
15690	952
15690	15589
15690	15689
962	954
962	961
962	967
965	955
965	966
965	970
965	1013
997	956
997	998
997	1001
1008	956
1008	1009
957	958
957	959
957	979
979	957
979	975
979	1011
1006	958
1006	1007
1006	1011
1006	1012
978	959
978	977
978	983
978	1036
971	960
971	969
971	36226
36227	960
994	961
994	967
994	996
999	961
999	996
999	1000
967	962
967	966
967	994
964	963
966	965
966	967
966	995
970	965
970	968
1013	965
1013	995
1013	36228
1013	37039
995	966
995	996
995	1013
995	1034
968	969
968	970
968	973
969	968
969	971
969	972
973	968
973	972
973	37041
972	969
972	973
972	37036
37041	973
974	975
974	976
974	41715
974	1494605
975	974
975	979
975	1012
975	1494608
976	974
976	977
976	36254
41715	974
41715	36256
41715	41714
1494605	974
1494605	1494762
1494605	1494763
1494605	1494764
1012	975
1012	1006
1012	37047
1012	1494604
1494608	975
1494608	1486991
1494608	1494763
1494608	1494769
977	976
977	978
977	1037
36254	976
36254	36255
1011	979
1011	1006
980	981
980	982
980	1004
981	980
981	988
981	1005
982	980
982	983
982	1003
1004	980
988	981
988	987
988	989
988	990
988	993
1003	982
986	985
989	988
990	988
990	991
990	992
993	988
991	990
992	990
996	994
996	995
996	999
996	1035
1034	995
1034	1035
1034	36230
1035	996
1035	1034
1035	40968
1001	997
1001	998
1001	1000
1000	999
1000	1001
1000	40969
40969	1000
40969	40970
40969	40971
41914	1002
41914	41913
41914	41915
1007	1006
1007	1010
1007	37043
1010	1007
1010	1009
1010	37045
37043	1007
37043	37044
1009	1008
1009	1010
1009	40968
40968	1009
40968	1035
37045	1010
37045	36230
37047	1012
37047	37044
1494604	1012
1494604	37046
1494604	1494606
1494604	1494607
36228	1013
36228	36229
37039	1013
37039	37040
37039	37046
37039	1494599
1038	1014
1038	1039
1038	1131
1038	41993
1016	1015
1016	1017
1016	1018
1016	1085
3990	1015
3990	1085
3990	2004
1017	1016
1018	1016
1018	1019
1018	1084
1018	2192
1085	1016
1085	1079
1085	1084
1085	3990
1019	1018
1019	1020
1019	2192
1084	1018
1084	1083
1084	1085
1020	1019
1020	1021
1020	1022
1021	1020
1022	1020
1022	1023
1022	2201
1022	7745
1022	7750
1023	1022
1023	1024
1023	7750
2201	1022
2201	2200
2201	4894
7745	1022
7745	4893
7745	7744
7745	7747
7750	1022
7750	1023
7750	7747
7750	7751
7750	7756
7756	1024
7756	7750
7756	7751
7756	7757
1043	1027
1028	1029
1028	1030
1028	18538
1029	1028
1029	1031
1029	18558
1029	18703
1030	1028
1030	1031
1030	18537
18538	1028
18538	18537
18538	18539
18538	18557
1031	1029
1031	1030
1031	18705
18703	1029
18703	18551
18703	18702
18703	38105
18558	1029
18558	18557
18558	18559
18537	1030
18537	18536
18537	18538
18705	1031
18705	18706
18705	38102
1032	1033
1032	36253
1033	1032
36230	1034
36230	36229
36230	37045
1131	1038
1131	1127
1131	1130
1131	41993
41993	1038
41993	1130
41993	1131
41993	1141
1041	1040
1041	1042
37048	1040
37048	37049
37048	37055
1042	1041
1042	36252
36252	1042
36252	36257
36252	41711
1044	1045
1044	1046
1044	1047
1044	1051
1045	1044
1045	1046
1045	2190
1046	1044
1046	1045
1046	2181
1051	1044
1051	1050
1051	2258
1047	1044
1047	1048
1047	2249
2190	1045
2190	2132
2190	41983
2181	1046
2181	2177
2181	2182
1048	1047
1048	1049
1048	1077
2249	1047
2249	2248
2249	2250
2249	41991
1077	1048
1077	1078
1077	1087
1050	1049
1050	1051
1050	1052
2258	1051
2258	1052
2256	1052
2256	2178
2256	2257
1053	1054
1053	1055
1053	1107
1054	1053
1054	1059
1054	1122
1055	1053
1055	1056
1055	1091
1107	1053
1107	1105
1107	1152
1059	1054
1059	1058
1059	1122
1122	1054
1122	1059
1122	1121
1091	1055
1091	1090
1091	1106
1058	1057
1058	1059
1058	1123
1123	1058
1060	1061
1060	1062
1060	23184
1060	23185
1061	1060
1061	1067
1061	41722
1062	1060
1062	1063
1062	23184
23184	1060
23184	1062
23184	23185
23184	23420
23185	1060
23185	23184
23185	23421
1067	1061
1067	1066
1067	1548998
41722	1061
41722	41723
41722	1548998
1063	1062
1063	1064
1063	24030
1063	24053
1064	1063
1064	1065
1064	41677
24030	1063
24030	24029
24030	24052
24053	1063
24053	24052
24053	24060
1065	1064
1065	1066
41677	1064
41677	41676
1066	1065
1066	1067
1066	1558615
1558615	1066
1558615	1556132
1558615	1556996
1548998	1067
1548998	41722
1548998	1555107
1548998	1556996
1096	1068
1096	1097
1096	1109
1116	1068
1116	1069
1116	1117
1116	37075
36235	1068
36235	36236
36235	37074
1070	1071
1070	1072
1070	1093
1070	1121
1121	1070
1121	1122
1121	1151
1121	36172
1098	1071
1098	1097
1098	1110
1110	1071
1110	1098
1110	1108
1073	1074
1073	1075
1073	1117
1074	1073
1074	1078
1074	1086
1117	1073
1117	1116
1117	38042
1078	1074
1078	1077
1078	1087
1076	1075
1087	1077
1087	1078
1087	1088
1087	41991
1079	1080
1079	1085
1079	2004
1080	1079
1080	1081
1080	2002
1081	1080
1081	1082
1081	2001
1081	7809
2002	1080
2002	2001
2002	2003
1082	1081
1082	1083
1082	1132
1082	7799
2001	1081
2001	2000
2001	2002
7809	1081
7809	7799
7809	7810
7809	7821
1083	1082
1083	1084
1083	1137
1132	1082
1132	1133
1132	7780
7799	1082
7799	7780
7799	7800
7799	7809
1137	1083
1137	1136
1137	2191
1137	4969
1088	1086
1088	1087
1088	41992
38043	1086
38043	1140
41991	1087
41991	2246
41991	2248
41991	2249
41992	1088
41992	2243
41992	2244
1090	1091
1090	1092
1090	1104
1104	1090
1104	1105
1104	1143
1106	1091
1100	1092
1100	1101
1100	1124
1143	1092
1143	1104
1143	1162
1143	1173
1095	1094
1097	1096
1097	1098
1097	1111
1109	1096
1109	1108
1109	1125
1111	1097
1101	1100
1101	1102
1101	1103
1124	1100
1124	1103
1124	1165
1102	1101
1105	1104
1105	1107
1105	1163
1163	1105
1163	1152
1163	1164
1152	1107
1152	1150
1152	1163
1108	1109
1108	1110
1108	1125
1125	1108
1125	1109
1125	36167
1125	36170
1112	1113
1112	1115
1112	25442
1113	1112
1113	1114
1113	37064
1113	37079
1115	1112
1115	1114
1115	3070
25442	1112
25442	3084
25442	25440
25442	25441
1114	1113
1114	1115
1114	2787
1114	2803
37064	1113
37064	37062
37064	37080
37079	1113
37079	2829
37079	37089
2803	1114
2803	2560
2803	2804
2803	3071
2787	1114
2787	2561
2787	2680
2787	2689
3070	1115
3070	3069
3070	35941
37075	1116
37075	37074
37075	37076
38042	1117
1118	1119
1118	1120
1118	5895
5895	1118
5895	5896
5895	5900
5895	5906
5890	1119
5890	5885
5890	5891
5890	5903
5896	1119
5896	5895
5896	5903
5896	5908
5902	1120
5902	5864
5902	5901
1151	1121
1151	1150
1151	36174
1151	36175
36172	1121
36172	36168
36172	36173
1165	1124
1165	1156
1165	1166
36167	1125
36167	36168
36167	36169
36170	1125
36170	36171
1126	1127
1126	1128
1126	37060
1127	1126
1127	1131
1127	37061
1128	1126
1128	1129
1128	37059
37060	1126
37061	1127
1129	1128
1129	1130
1129	37059
37059	1128
37059	1129
37059	1146
37059	37057
1130	1129
1130	1131
1130	41993
1133	1132
1133	1134
1133	4959
1133	4984
7780	1132
7780	4984
7780	7784
7780	7799
1134	1133
1134	1135
1134	4960
4959	1133
4959	4935
4959	4960
4959	4971
4984	1133
4984	4971
4984	4985
4984	7780
1135	1134
1135	1136
4960	1134
4960	4956
4960	4958
4960	4959
1136	1135
1136	1137
1136	4956
4956	1136
4956	4955
4956	4957
4956	4960
4969	1137
1138	1139
1138	1140
1138	1147
1139	1138
1139	1142
1139	1145
1140	1138
1140	1141
1140	38043
1147	1138
1147	1145
1147	38044
1142	1139
1142	1141
1142	1146
1145	1139
1145	1144
1145	1147
1141	1140
1141	1142
1141	41993
1146	1142
1146	1144
1146	37059
1162	1143
1162	1160
1162	1172
1162	36207
1173	1143
1173	1172
1173	36205
1144	1145
1144	1146
1144	38045
38045	1144
38044	1147
1148	1149
1148	1179
1149	1148
1149	1178
1179	1148
1179	1180
1179	2273
1178	1149
1178	1177
1178	2271
1150	1151
1150	1152
1150	36242
36242	1150
36242	36174
36174	1151
36174	36173
36174	36242
36175	1151
1153	1154
1153	1155
1153	24059
1153	27107
1153	27123
1155	1153
1155	1154
1155	24066
1155	1538361
24059	1153
24059	24058
24059	24060
27107	1153
27107	27108
27107	27251
27123	1153
27123	17919
27123	27122
24066	1155
24066	24067
24066	1556133
1538361	1155
1538361	1538294
1538361	1538351
1538361	1538362
1157	1156
1157	1158
1157	1167
1167	1157
1167	1166
1160	1161
1160	1162
1160	1175
1161	1160
1161	1164
1161	1174
1175	1160
1175	1174
1175	1194
1164	1161
1164	1163
1164	36241
1174	1161
1174	1175
1174	1193
1172	1162
1172	1173
1172	36206
36207	1162
36207	1195
36207	36197
36207	37077
36241	1164
1168	1169
1168	1170
1168	8674
1168	8677
1169	1168
1169	1171
1169	8707
1170	1168
1170	1171
1170	8658
1170	8662
8677	1168
8677	8673
8677	8675
8674	1168
8674	8662
8674	8673
1171	1169
1171	1170
1171	8665
8707	1169
8707	8675
8707	8709
8662	1170
8662	8663
8662	8674
8658	1170
8658	8490
8658	8657
8665	1171
8665	8657
8665	37330
36206	1172
36205	1173
1193	1174
1193	1194
1193	36240
1194	1175
1194	1193
1194	37077
1176	1177
1176	1184
1176	2278
1176	16398
1176	16472
1177	1176
1177	1178
1177	2278
1184	1176
1184	1183
1184	16414
2278	1176
2278	1177
2278	2277
2278	2280
16398	1176
16398	16399
2271	1178
2271	2272
1180	1179
1180	1181
1180	16461
2273	1179
2273	2272
2273	16396
1181	1180
1181	1182
1181	16456
16461	1180
16461	16460
16461	16471
16461	16473
1182	1181
1182	1183
1182	16404
16456	1181
16456	16444
16456	16457
16456	16460
1183	1182
1183	1184
1183	16403
16404	1182
16404	16403
16404	16405
16403	1183
16403	16404
16414	1184
16414	16413
16414	16415
1185	1186
1185	36200
1186	1185
1186	37008
36200	1185
36200	36196
36200	36201
36200	41798
37008	1186
37008	36995
37008	37009
1187	1188
1187	1189
1187	37021
1188	1187
1188	1192
1188	37022
37021	1187
1192	1188
1192	1191
1192	36239
37022	1188
37022	1197
1190	1189
1190	1191
1190	37077
1191	1190
1191	1192
1191	36240
37077	1190
37077	1194
37077	36207
36240	1191
36240	1193
36240	37078
36239	1192
36239	36238
36239	37023
1195	1196
1195	36207
1196	1195
1196	36208
36208	1196
1197	37022
1205	1198
1205	1199
1205	1223
35895	1198
1200	1201
1200	1222
1201	1200
1201	1219
1222	1200
1222	1219
1222	1221
1222	1223
1219	1201
1219	1218
1219	1220
1219	1222
1202	1203
1202	1204
1202	1223
1203	1202
1203	1204
1203	1224
1203	1225
1204	1202
1204	1203
1204	1216
1223	1202
1223	1205
1223	1222
1223	1296
1225	1203
1225	1216
1225	1224
1225	1643876
1224	1203
1224	1225
1224	1295
1216	1204
1216	1217
1216	1225
1216	1643876
1206	1207
1206	1210
1206	19927
1207	1206
1207	1208
1207	20039
1207	20080
1210	1206
1210	1209
1210	19379
19927	1206
19927	19926
19927	19928
1208	1207
1208	1209
1208	19656
20039	1207
20039	20034
20039	20040
20080	1207
20080	19934
20080	38487
1209	1208
1209	1210
1209	19376
19656	1208
19656	19641
19656	19655
19376	1209
19376	19377
19376	19932
19379	1210
19379	19378
19379	19928
1211	1212
1211	1215
1211	1274
1211	1275
1212	1211
1212	1213
1212	1266
1212	1268
1215	1211
1215	1214
1215	1275
1274	1211
1274	1273
1274	1275
1275	1211
1275	1215
1275	1274
1275	1340
1213	1212
1213	1214
1213	1266
1266	1212
1266	1213
1266	1267
1268	1212
1268	1267
1268	1273
1214	1213
1214	1215
1214	32686
32686	1214
32686	32674
32686	32685
1217	1216
1217	1218
1217	1619294
1643876	1216
1643876	1225
1643876	1643877
1218	1217
1218	1219
1218	35882
1218	1619296
1619294	1217
1619294	1619295
1619294	1643877
35882	1218
35882	35883
35882	1643849
1619296	1218
1619296	1619295
1619296	1643849
1619296	1643850
1220	1219
1220	1221
1221	1220
1221	1222
1296	1223
1296	1297
1296	35896
1295	1224
1295	1294
1226	1227
1226	1230
1226	1339
1227	1226
1227	1228
1227	1357
1230	1226
1230	1229
1230	1273
1339	1226
1339	1343
1339	1362
1339	1363
1228	1227
1228	1229
1228	1357
1357	1227
1357	1228
1357	1358
1357	1370
1229	1228
1229	1230
1229	1317
1317	1229
1317	1318
1317	1344
1273	1230
1273	1268
1273	1274
1273	1300
1231	1232
1231	1233
1231	1237
1232	1231
1232	1233
1232	1236
1233	1231
1233	1232
1233	1486
1237	1231
1237	1235
1237	1446
1236	1232
1236	1234
1486	1233
1486	1446
1486	1447
1234	1235
1234	1236
1234	1352
1235	1234
1235	1237
1235	1426
1352	1234
1352	1252
1352	1351
1352	1353
1352	1465
1426	1235
1426	1424
1426	1425
1446	1237
1446	1447
1446	1486
1238	1239
1238	1240
1238	1414
1238	1419
1239	1238
1239	1240
1239	1421
1240	1238
1240	1239
1240	1414
1240	1415
1419	1238
1419	1420
1419	1488
1419	1685
1414	1238
1414	1240
1414	1417
1421	1239
1421	1422
1421	1487
1421	1488
1415	1240
1415	1404
1415	1416
1415	1422
1241	1242
1241	1243
1241	1316
1242	1241
1242	1243
1242	1358
1243	1241
1243	1242
1243	1276
1243	1372
1316	1241
1316	1315
1316	1334
1316	1336
1358	1242
1358	1344
1358	1357
1358	1359
1358	1370
1358	1372
1276	1243
1276	1277
1276	1371
1372	1243
1372	1358
1372	1368
1372	1374
1244	1245
1244	1246
1244	1427
1245	1244
1245	1261
1245	35913
1246	1244
1246	1247
1246	1251
1427	1244
1427	1428
1427	1451
1261	1245
1261	1260
1261	35913
35913	1245
35913	1261
35913	35919
1247	1246
1247	1248
1247	1249
1251	1246
1251	1249
1251	1252
1248	1247
1249	1247
1249	1250
1249	1251
1250	1249
1252	1251
1252	1253
1252	1352
1252	1428
1252	37094
1252	37106
1253	1252
1253	1254
1253	1351
1253	1396
1428	1252
1428	1427
1428	1452
37094	1252
37094	37095
37094	37106
37106	1252
37106	1442
37106	1452
37106	37094
1254	1253
1254	1255
1254	1354
1254	1396
1396	1253
1396	1254
1396	1351
1396	1354
1351	1253
1351	1352
1351	1354
1351	1396
1255	1254
1255	1256
1255	35918
1354	1254
1354	1348
1354	1351
1354	1396
1256	1255
1256	1257
35918	1255
1257	1256
1257	1258
1258	1257
1258	1259
1258	35917
1259	1258
1259	1260
1259	35916
35917	1258
1260	1259
1260	1261
1260	39894
35916	1259
35916	35915
35916	39890
39894	1260
39894	39895
1262	1263
1262	1264
1262	1750
1263	1262
1263	1265
1263	1799
1264	1262
1264	1265
1264	1751
1750	1262
1750	1751
1750	1798
1265	1263
1265	1264
1265	24772
1799	1263
1799	1787
1799	1798
1751	1264
1751	1750
1751	38676
24772	1265
24772	1788
24772	24773
1267	1266
1267	1268
1267	1299
1267	1300
1300	1267
1300	1273
1300	1299
1300	1301
1299	1267
1299	1269
1299	1300
1269	1270
1269	1272
1269	1299
1270	1269
1270	1271
1270	1298
1272	1269
1272	1271
1272	35902
1271	1270
1271	1272
1271	35905
1298	1270
1298	1297
1298	35901
35905	1271
35902	1272
35902	35903
35902	35904
1340	1275
1340	1341
1340	34540
1340	35912
1277	1276
1277	1278
1277	1389
1371	1276
1371	1373
1371	1384
1371	1390
1278	1277
1278	1279
1278	1812
1389	1277
1389	1388
1389	1812
1279	1278
1279	1280
1279	1820
1279	1615092
1812	1278
1812	1389
1812	1820
1280	1279
1280	1281
1280	37120
1280	1615092
1820	1279
1820	1388
1820	1812
1820	1603550
1615092	1279
1615092	1280
1615092	1603550
1615092	1615100
1281	1280
1281	1282
1281	27256
37120	1280
37120	27256
37120	1615100
1282	1281
1282	1283
1282	27257
27256	1281
27256	27257
27256	37120
1283	1282
1283	1284
27257	1282
27257	27256
1284	1283
1284	1285
1285	1284
1285	1286
1286	1285
1286	1287
1287	1286
1287	1288
1288	1287
1288	1289
1289	1288
1289	1290
1289	4125
1290	1289
1290	1291
1290	4125
4125	1289
4125	1290
4125	1291
1291	1290
1291	1292
1291	4125
1292	1291
1292	1293
1293	1292
1293	1294
1294	1293
1294	1295
1297	1296
1297	1298
35896	1296
35896	35891
35896	35897
35901	1298
35901	35900
1301	1300
1301	1302
1301	1321
1302	1301
1302	1303
1302	1304
1321	1301
1321	1304
1321	1320
1321	1334
1303	1302
1304	1302
1304	1305
1304	1321
1305	1304
1305	1306
1305	1307
1306	1305
1307	1305
1307	1308
1307	1335
1308	1307
1308	1309
1308	1333
1335	1307
1335	1333
1309	1308
1309	1310
1309	1338
1333	1308
1333	1334
1333	1335
1310	1309
1310	1311
1310	1337
1338	1309
1311	1310
1311	1312
1311	1355
1337	1310
1337	1315
1337	1334
1312	1311
1312	1313
1312	1314
1355	1311
1313	1312
1314	1312
1314	1315
1314	1356
1315	1314
1315	1316
1315	1337
1356	1314
1336	1316
1336	1320
1336	37090
1334	1316
1334	1321
1334	1333
1334	1337
1318	1317
1318	1319
1318	1344
1344	1317
1344	1318
1344	1358
1319	1318
1319	1320
1319	1360
1320	1319
1320	1321
1320	1336
1360	1319
1360	1359
1322	1323
1322	1324
1322	19504
1322	19505
1323	1322
1323	1331
1323	19451
1324	1322
1324	1325
1324	19289
19505	1322
19505	19489
19505	19503
19504	1322
19504	19500
19504	19502
19504	19503
19504	19510
19504	19511
1331	1323
1331	1330
1331	1332
19451	1323
19451	19345
19451	19502
1325	1324
1325	1326
1325	19281
1325	19289
19289	1324
19289	1325
19289	19282
19289	26840
1326	1325
1326	1327
1326	19251
1326	25940
19281	1325
19281	19169
19281	19280
19281	19282
1327	1326
1327	1328
1327	1329
19251	1326
19251	1329
19251	19250
19251	19252
25940	1326
25940	19249
1328	1327
1329	1327
1329	1330
1329	19251
1330	1329
1330	1331
1330	19288
1330	19345
19288	1330
19288	19250
19288	19346
19345	1330
19345	19344
19345	19451
1332	1331
37090	1336
37090	1359
1343	1339
1343	1342
1343	1361
1362	1339
1362	1361
1362	1369
1363	1339
1363	1349
1363	1368
1363	1369
1341	1340
1341	1342
1341	34544
35912	1340
35912	34539
35912	43515
34540	1340
34540	34534
34540	34539
34540	34544
1342	1341
1342	1343
1342	39851
34544	1341
34544	34540
34544	34543
39851	1342
39851	39852
39851	39853
1361	1343
1361	1350
1361	1362
1345	1346
1345	1348
1345	1353
1345	1497
1346	1345
1346	1347
1346	1349
1346	1393
1348	1345
1348	1347
1348	1354
1348	35914
1353	1345
1353	1352
1353	1467
1353	1497
1497	1345
1497	1353
1497	1393
1497	1474
1347	1346
1347	1348
1347	1350
1347	32687
1349	1346
1349	1350
1349	1363
1349	1364
1393	1346
1393	1364
1393	1385
1393	1497
1350	1347
1350	1349
1350	1361
1350	1369
32687	1347
32687	32688
32687	32698
32687	34551
35914	1348
35914	34551
35914	35915
1364	1349
1364	1365
1364	1393
1369	1350
1369	1362
1369	1363
1465	1352
1465	1464
1465	1466
1467	1353
1467	1466
1467	1500
1370	1357
1370	1358
1370	1368
1370	1374
1359	1358
1359	1360
1359	37090
1368	1363
1368	1367
1368	1370
1368	1372
1368	1374
1365	1364
1365	1366
1365	1391
1366	1365
1366	1367
1366	1391
1391	1365
1391	1366
1391	1367
1391	1392
1367	1366
1367	1368
1367	1373
1367	1391
1373	1367
1373	1371
1373	1392
1374	1368
1374	1370
1374	1372
1390	1371
1390	1382
1390	1383
1384	1371
1384	1383
1384	1385
1384	1394
1392	1373
1392	1391
1392	1395
1375	1376
1375	1377
1375	1776
1376	1375
1376	1377
1376	1777
1377	1375
1377	1376
1377	1869
1377	1883
1776	1375
1776	1775
1776	1880
1777	1376
1777	1778
1777	1830
1777	1831
1869	1377
1869	1868
1869	1872
1883	1377
1378	1379
1378	1380
1378	1381
1378	1386
1379	1378
1379	1385
1379	1473
1379	1589
1380	1378
1380	1381
1381	1378
1381	1380
1381	1382
1386	1378
1386	1387
1386	1589
1386	1603389
1385	1379
1385	1384
1385	1393
1385	1474
1473	1379
1473	1471
1473	1474
1473	1590
1589	1379
1589	1386
1589	1588
1589	1602880
1382	1381
1382	1383
1382	1390
1383	1382
1383	1384
1383	1390
1394	1384
1474	1385
1474	1473
1474	1475
1474	1497
1387	1386
1387	1388
1387	1603388
1387	1603550
1603389	1386
1603389	1602881
1603389	1603388
1603389	1603526
1388	1387
1388	1389
1388	1820
1603388	1387
1603388	1603389
1603388	1603547
1603388	1603911
1603550	1387
1603550	1820
1603550	1603549
1603550	1615092
1395	1392
1397	1398
1397	1403
1397	1408
1398	1397
1398	1399
1398	1731
1403	1397
1403	1402
1403	1409
1408	1397
1408	1407
1408	1728
1399	1398
1399	1400
1399	30901
1399	43434
1731	1398
1731	1724
1731	43435
1400	1399
1400	1401
30901	1399
30901	1401
30901	30902
43434	1399
1401	1400
1401	1402
1401	30901
1402	1401
1402	1403
1402	30900
30900	1402
1409	1403
1409	1410
1409	30910
1404	1405
1404	1406
1404	1415
1404	1418
1405	1404
1405	1406
1405	1423
1406	1404
1406	1405
1406	1418
1406	1451
1418	1404
1418	1406
1418	1416
1423	1405
1423	1422
1423	1443
1423	1444
1451	1406
1451	1416
1451	1427
1451	1443
1407	1408
1407	1413
1407	1719
1407	9359
1413	1407
1413	1412
1413	1720
9359	1407
9359	1729
9359	9358
9359	30863
1719	1407
1719	1718
1719	1720
1728	1408
1728	1726
1728	1729
1410	1409
1410	1411
1410	1488
1410	1489
1410	1691
1410	1710
30910	1409
1411	1410
1411	1412
1411	36245
1489	1410
1489	1490
1489	1730
1488	1410
1488	1419
1488	1421
1488	1487
1691	1410
1691	1690
1691	1711
1710	1410
1710	1709
1710	3270
1412	1411
1412	1413
1412	1721
36245	1411
36245	1722
1721	1412
1721	1722
1720	1413
1720	1719
1417	1414
1417	1416
1417	1420
1416	1415
1416	1417
1416	1418
1416	1451
1416	35927
1422	1415
1422	1421
1422	1423
1422	1444
35927	1416
35927	35926
35927	36926
1420	1417
1420	1419
1420	35928
1685	1419
1685	1686
1685	34600
35928	1420
35928	34685
1487	1421
1487	1444
1487	1488
1444	1422
1444	1423
1444	1430
1444	1443
1444	1487
1443	1423
1443	1442
1443	1444
1443	1451
1424	1425
1424	1426
1424	1453
1425	1424
1425	1426
1425	1445
1453	1424
1453	1454
1453	1602
1445	1425
1445	1431
1445	1602
1445	25093
1452	1428
1452	1442
1452	37106
1429	1430
1429	1431
1429	1621
1430	1429
1430	1444
1430	1493
1430	41063
1431	1429
1431	1432
1431	1445
1621	1429
1621	1620
1621	1622
1493	1430
1493	1492
1493	30903
41063	1430
41063	37139
41063	41062
1432	1431
1432	1433
1432	1450
1433	1432
1433	1434
1450	1432
1450	1449
1450	1494
1434	1433
1434	1435
1434	1494
1435	1434
1435	1436
1435	1437
1494	1434
1494	1450
1494	1495
1436	1435
1437	1435
1437	1438
1437	1439
1437	1449
1438	1437
1439	1437
1439	1440
1439	1448
1449	1437
1449	1450
1449	1496
1440	1439
1440	1441
1440	1448
1448	1439
1448	1440
1448	1447
1441	1440
1441	1442
1441	37095
1442	1441
1442	1443
1442	1452
1442	37106
37095	1441
37095	37094
37095	37096
1602	1445
1602	1453
1602	1458
1602	1603
25093	1445
25093	25094
25093	25095
1447	1446
1447	1448
1447	1486
1496	1449
1496	1495
1454	1453
1454	1455
1455	1454
1455	1456
1456	1455
1456	1457
1456	1458
1457	1456
1458	1456
1458	1459
1458	1602
1458	1604
1459	1458
1459	1460
1459	1466
1604	1458
1604	1603
1460	1459
1460	1461
1460	1504
1460	1508
1466	1459
1466	1465
1466	1467
1466	1502
1461	1460
1461	1462
1504	1460
1504	1505
1504	1508
1508	1460
1508	1464
1508	1504
1508	1512
1462	1461
1462	1463
1462	1509
1463	1462
1463	1464
1509	1462
1509	1510
1509	1511
1464	1463
1464	1465
1464	1508
1502	1466
1502	1500
1502	1503
1502	1595
1500	1467
1500	1501
1500	1502
1468	1469
1468	1482
1468	1838
1469	1468
1469	1470
1469	10099
1482	1468
1482	1480
1482	1483
1482	1824
1838	1468
1838	1837
1838	1868
1838	1882
1470	1469
1470	1471
1470	1600
1470	37172
10099	1469
10099	1875
10099	10100
10099	37364
1471	1470
1471	1472
1471	1473
1600	1470
1600	1590
1600	1601
37172	1470
37172	1873
37172	37169
1472	1471
1590	1473
1590	1588
1590	1600
1475	1474
1475	1476
1475	1498
1475	1641
1476	1475
1476	1477
1498	1475
1498	1499
1641	1475
1641	1499
1641	1637
1641	1642
1477	1476
1477	1478
1477	1642
1478	1477
1478	1479
1478	1664
1642	1477
1642	1641
1642	1644
1479	1478
1479	1480
1479	1813
1664	1478
1664	1662
1664	1665
1664	1814
1480	1479
1480	1481
1480	1482
1813	1479
1813	1814
1813	1824
1813	1829
1481	1480
1483	1482
1824	1482
1824	1813
1824	1839
1484	1485
1484	27677
1485	1484
1485	27676
27677	1484
27677	27676
27677	27678
27676	1485
27676	27670
27676	27677
1490	1489
1490	1491
1490	1492
1730	1489
1730	1492
1730	30905
1491	1490
1492	1490
1492	1493
1492	1730
30903	1493
30903	30902
30903	30904
1495	1494
1495	1496
1499	1498
1499	1503
1499	1608
1499	1641
1503	1499
1503	1502
1503	1594
1608	1499
1608	1607
1608	1638
1501	1500
1595	1502
1595	1596
1595	25416
1594	1503
1594	1593
1594	1609
1505	1504
1505	1506
1505	1507
1506	1505
1507	1505
1512	1508
1510	1509
1511	1509
1513	24668
24668	1513
24668	23933
24668	24662
24668	24667
1514	1515
1514	1516
1514	1517
1515	1514
1515	1587
1515	26456
1516	1514
1517	1514
1517	1518
1587	1515
1587	1585
1587	26457
26456	1515
1518	1517
1518	1519
1518	1520
1518	26455
1519	1518
1519	1520
1519	34031
1520	1518
1520	1519
1520	1521
26455	1518
34031	1519
1521	1520
1521	1522
1521	1527
1522	1521
1522	1523
1522	1525
1527	1521
1527	1528
1527	26454
1523	1522
1523	1524
1525	1522
1525	1524
1525	1526
1524	1523
1524	1525
1524	25102
25102	1524
1526	1525
1528	1527
1528	1529
1528	1534
26454	1527
1529	1528
1529	1530
1529	1533
1534	1528
1534	1535
1534	26453
1530	1529
1530	1531
1533	1529
1533	1531
1531	1530
1531	1532
1531	1533
1532	1531
1535	1534
1535	1536
1535	26452
1535	34052
26453	1534
1536	1535
1536	1537
1536	13313
26452	1535
26452	26445
26452	34563
34052	1535
34052	1538
34052	34051
34052	34053
1537	1536
1537	1538
1537	13313
13313	1536
13313	1537
13313	1538
1538	1537
1538	1539
1538	13313
1538	34052
1538	34530
1538	34545
1539	1538
1539	1540
1539	32300
34530	1538
34530	34531
34530	34545
34545	1538
34545	34530
34545	34531
1540	1539
1540	1541
1540	34036
32300	1539
32300	32299
32300	32301
32300	34050
32300	34051
32300	34527
1541	1540
1541	1542
1541	34214
34036	1540
34036	34035
1542	1541
1542	1543
1542	34210
34214	1541
34214	34215
34214	39816
1543	1542
1543	1544
1543	34209
34210	1542
34210	34209
34210	34215
34210	36893
1544	1543
1544	1545
1544	36898
34209	1543
34209	34210
34209	36897
1545	1544
1545	1546
1545	34102
36898	1544
36898	34097
1546	1545
1546	1547
1546	34101
1546	34212
1546	34213
34102	1545
34102	34097
1547	1546
1547	1548
1547	1555
34101	1546
34101	34103
34101	34213
34212	1546
34212	1555
34212	34211
34213	1546
34213	34101
34213	34103
1548	1547
1548	1549
1548	1552
1555	1547
1555	1556
1555	34212
1549	1548
1549	1550
1549	1551
1552	1548
1552	1553
1552	1554
1550	1549
1551	1549
1553	1552
1554	1552
1556	1555
1556	1557
1556	34221
1556	34222
1557	1556
1557	1558
1557	34227
34222	1556
34222	34082
34222	34221
34221	1556
34221	34219
34221	34222
1558	1557
1558	1559
1558	1560
1558	1561
1558	34253
34227	1557
34227	34225
34227	34254
1559	1558
1560	1558
1561	1558
1561	1562
1561	34254
34253	1558
34253	34254
1562	1561
1562	1563
34254	1561
34254	34227
34254	34253
1563	1562
1563	1564
1564	1563
1564	1565
1564	34223
1565	1564
1565	1566
1565	34229
34223	1564
34223	34224
34223	39850
1566	1565
1566	1567
1566	1574
1566	34199
34229	1565
34229	34228
34229	34246
1567	1566
1567	1568
1567	1569
1574	1566
1574	1575
1574	26442
1574	27573
34199	1566
34199	34200
34199	34202
34199	34378
1568	1567
1569	1567
1569	1570
1569	1571
1570	1569
1571	1569
1571	1572
1571	1573
1572	1571
1573	1571
1575	1574
1575	1576
1575	26429
26442	1574
26442	26443
26442	26458
26442	26503
27573	1574
27573	27572
27573	27574
1576	1575
1576	1577
1576	1578
26429	1575
26429	1584
26429	26430
1577	1576
1578	1576
1578	1579
1578	1584
1579	1578
1579	1580
1579	1581
1584	1578
1584	1585
1584	26429
1580	1579
1581	1579
1581	1582
1581	1583
1582	1581
1583	1581
1585	1584
1585	1586
1585	1587
1586	1585
26457	1587
1588	1589
1588	1590
1588	1599
1588	1603635
1599	1588
1599	1598
1603635	1588
1603635	1603380
1603635	1603561
1603635	1603634
1602880	1589
1602880	1602881
1602880	1603380
1591	1592
1591	1593
1592	1591
1592	1596
1592	1614
1593	1591
1593	1594
1593	1614
1596	1592
1596	1595
1596	1624
1614	1592
1614	1593
1614	1615
1609	1594
1609	1610
1609	1615
25416	1595
1624	1596
1624	1623
1624	25358
1597	1598
1597	1601
1597	41322
1597	1603636
1598	1597
1598	1599
1601	1597
1601	1600
1601	37171
41322	1597
41322	4284
1603636	1597
1603636	1603637
1603636	1603638
1603636	1609279
37171	1601
37171	37164
1603	1602
1603	1604
1605	1606
1605	1607
1605	36244
1606	1605
1606	1610
1606	1647
1606	1655
1607	1605
1607	1608
1607	1636
36244	1605
36244	1661
1610	1606
1610	1609
1610	1650
1647	1606
1647	1648
1647	1649
1655	1606
1655	1654
1636	1607
1636	1637
1636	1645
1636	1661
1638	1608
1638	1637
1615	1609
1615	1614
1615	1623
1615	41064
1650	1610
1650	1651
1650	1652
1611	1612
1611	1613
1611	26365
1612	1611
1612	1613
1612	1845
1613	1611
1613	1612
1613	1852
26365	1611
26365	26367
26365	26482
1845	1612
1845	1846
1845	26487
1845	26498
1852	1613
1852	1851
1852	1853
1623	1615
1623	1624
1623	42097
41064	1615
41064	41065
41064	42097
1616	1617
1616	1618
1617	1616
1617	1622
1617	1629
1617	42096
1618	1616
1618	1619
1622	1617
1622	1621
1629	1617
1629	1626
1629	42095
42096	1617
1619	1618
1619	1620
1619	1628
1620	1619
1620	1621
1628	1619
1628	1627
1628	1640
42097	1623
42097	41064
42097	41067
25358	1624
25358	25094
25358	25357
25358	41067
1625	1626
1625	1627
1626	1625
1626	1629
1626	1639
1627	1625
1627	1628
1639	1626
1639	1640
1639	41062
1640	1628
1640	1639
42095	1629
1630	1631
1630	1632
1630	1760
1631	1630
1631	1635
1631	1733
1632	1630
1632	1633
1632	1648
1760	1630
1760	1653
1760	1759
1760	36247
1635	1631
1635	1634
1635	1734
1733	1631
1733	1732
1633	1632
1633	1634
1633	37117
1648	1632
1648	1647
1648	1652
1648	1653
1634	1633
1634	1635
37117	1633
37117	37118
37117	37119
1734	1635
1734	1732
1734	37119
1637	1636
1637	1638
1637	1641
1645	1636
1645	1646
1645	1660
1645	1674
1661	1636
1661	1654
1661	36244
41062	1639
41062	41063
1644	1642
1644	1643
1644	1673
1643	1644
1643	1646
1643	1675
1646	1643
1646	1645
1675	1643
1673	1644
1673	1674
1673	37115
1660	1645
1660	1659
1660	37109
1674	1645
1674	1673
1674	37108
1674	39936
1649	1647
1652	1648
1652	1650
1653	1648
1653	1654
1653	1657
1653	1760
1651	1650
1654	1653
1654	1655
1654	1661
1657	1653
1657	1656
1657	1681
1656	1657
1656	1658
1656	37107
1656	39937
1658	1656
1658	1659
37107	1656
37107	37108
37107	39937
39937	1656
39937	37107
39937	37116
39937	39936
1681	1657
1681	1680
1681	1682
1659	1658
1659	1660
1659	37110
37110	1659
37109	1660
1662	1663
1662	1664
1662	1825
1663	1662
1663	1667
1663	1819
1825	1662
1667	1663
1667	1666
1667	1761
1819	1663
1819	1818
1665	1664
1665	1666
1814	1664
1814	1813
1814	1818
1666	1665
1666	1667
1666	1762
1762	1666
1762	1763
1762	37114
1761	1667
1761	1767
1761	1771
1668	1669
1668	1672
1668	18068
1669	1668
1669	1670
1669	18067
1669	23927
1672	1668
1672	1671
1672	40460
18068	1668
18068	18067
18068	18069
1670	1669
1670	1671
1670	23926
1670	24000
23927	1669
23927	23928
18067	1669
18067	18065
18067	18068
18067	26908
1671	1670
1671	1672
1671	24000
23926	1670
23926	23925
23926	23999
24000	1670
24000	1671
24000	23993
40460	1672
40460	18066
40460	40638
37115	1673
37115	37114
37115	37116
37108	1674
37108	37107
37108	39936
39936	1674
39936	37108
39936	39937
1676	1677
1676	1678
1677	1676
1677	1684
1677	1782
1678	1676
1678	1679
1678	1783
1684	1677
1684	1683
1684	36246
1684	36249
1782	1677
1782	1679
1679	1678
1679	1680
1679	1782
1783	1678
1680	1679
1680	1681
1680	37138
37138	1680
37138	1766
37138	37116
1682	1681
1682	1683
1682	1759
1683	1682
1683	1684
1683	1759
1759	1682
1759	1683
1759	1760
36246	1684
36246	36247
36249	1684
36249	36248
1686	1685
1686	1687
1686	1690
34600	1685
34600	28624
34600	34601
34600	34688
1687	1686
1687	1688
1687	1689
1690	1686
1690	1691
1690	35933
1688	1687
1689	1687
35933	1690
1711	1691
1711	1712
1711	1713
1692	1693
1692	1707
1692	1797
1693	1692
1693	1694
1693	29231
1707	1692
1707	1706
1707	1708
1797	1692
1797	1796
1797	29232
1694	1693
1694	1695
1694	1696
1694	29307
29231	1693
29231	29230
29231	29287
29231	29306
1695	1694
1696	1694
1696	1697
1696	38672
29307	1694
29307	29306
1697	1696
1697	1698
1697	1700
1697	36694
38672	1696
38672	36759
1698	1697
1698	1699
1698	1700
1700	1697
1700	1698
1700	1701
1700	36694
36694	1697
36694	1700
36694	38674
1699	1698
1701	1700
1701	1702
1701	1703
1702	1701
1703	1701
1703	1704
1703	1705
1704	1703
1705	1703
1705	1706
1705	38673
1706	1705
1706	1707
1706	1798
38673	1705
38673	36758
1798	1706
1798	1750
1798	1799
1708	1707
1709	1710
1709	1717
1709	1739
1717	1709
1717	1716
1717	35935
1739	1709
1739	1735
1739	1738
3270	1710
3270	1723
3270	3269
1712	1711
1713	1711
1713	1714
1713	35932
1714	1713
1714	1715
1714	1716
35932	1713
1715	1714
1716	1714
1716	1717
1716	35931
35931	1716
35935	1717
35935	34686
35935	42818
1718	1719
1718	1723
1718	1746
1718	30864
1723	1718
1723	1722
1723	3270
30864	1718
30864	30863
30864	42809
1746	1718
1746	1744
1746	1747
1722	1721
1722	1723
1722	36245
1724	1725
1724	1726
1724	1731
1725	1724
1725	1729
1725	9957
1726	1724
1726	1727
1726	1728
1729	1725
1729	1728
1729	9358
1729	9359
9957	1725
9957	9496
9957	42833
1727	1726
9358	1729
9358	9359
9358	9496
30905	1730
30905	30906
30905	30907
43435	1731
1732	1733
1732	1734
37119	1734
37119	37117
1735	1736
1735	1739
1735	1749
1736	1735
1736	1737
1736	1748
1749	1735
1749	1740
1749	34691
1737	1736
1737	1738
1748	1736
1748	1747
1748	3269
1738	1737
1738	1739
1738	3269
3269	1738
3269	1748
3269	3270
1740	1741
1740	1749
1740	34690
1741	1740
1741	1742
1741	42810
34690	1740
34690	34691
34690	42811
1742	1741
1742	1743
1742	1744
42810	1741
1743	1742
1744	1742
1744	1745
1744	1746
1745	1744
1747	1746
1747	1748
34691	1749
34691	34690
34691	42814
34691	42815
38676	1751
38676	38677
1752	1753
1752	1754
1752	1891
1752	10292
1753	1752
1753	1755
1753	1890
1753	1891
1754	1752
1754	1755
1754	37139
1891	1752
1891	1753
1891	1890
1891	1899
10292	1752
10292	10158
10292	10293
1755	1753
1755	1754
1755	1890
1890	1753
1890	1755
1890	1891
1890	1900
37139	1754
37139	36250
37139	41063
37139	43427
1756	1757
1756	1758
1756	35788
1756	1603391
1757	1756
1757	1758
1757	42531
1758	1756
1758	1757
1758	35790
35788	1756
35788	1913
35788	35789
1603391	1756
1603391	1603390
1603391	1608640
42531	1757
42531	42532
42531	1603390
35790	1758
35790	34724
35790	34774
36247	1760
36247	36246
36247	36250
1767	1761
1767	1766
1767	1772
1771	1761
1771	1770
1771	1815
1763	1762
1763	1764
1763	37112
37114	1762
37114	37113
37114	37115
1764	1763
1764	1765
1764	37111
37112	1763
37112	37113
1765	1764
1765	1766
1765	39932
37111	1764
37111	37116
1766	1765
1766	1767
1766	37138
39932	1765
1772	1767
1772	1769
1768	1769
1768	1770
1768	1786
1769	1768
1769	1772
1769	1785
1769	37137
1770	1768
1770	1771
1770	1859
1786	1768
1786	1784
1786	1860
1785	1769
1785	1784
1785	37136
37137	1769
1859	1770
1859	1858
1859	1861
1815	1771
1815	1816
1815	1817
1773	1774
1773	1775
1773	1886
1774	1773
1774	1781
1774	1887
1774	37128
1775	1773
1775	1776
1775	1889
1886	1773
1886	1885
1886	1889
1886	10097
1781	1774
1781	1780
1781	37129
1887	1774
1887	1884
1887	37127
37128	1774
1889	1775
1889	1886
1889	1888
1880	1776
1880	1879
1880	1888
1778	1777
1778	1779
1830	1777
1831	1777
1831	1832
1831	1833
1779	1778
1779	1780
1779	1844
1780	1779
1780	1781
1780	37130
1844	1779
1844	1842
1844	1862
37130	1780
37129	1781
1784	1785
1784	1786
1784	37136
37136	1784
37136	1785
1860	1786
1860	1855
1860	37135
1787	1788
1787	1795
1787	1799
1788	1787
1788	1789
1788	24772
1795	1787
1795	1794
1795	1800
1789	1788
1789	1790
1789	24773
1790	1789
1790	1791
1790	24773
24773	1789
24773	1790
24773	24772
1791	1790
1791	1792
1792	1791
1792	1793
1792	24685
1793	1792
1793	1794
1793	23853
24685	1792
1794	1793
1794	1795
1794	1803
23853	1793
23853	23851
23853	23854
1803	1794
1803	1801
1803	1804
1800	1795
1800	1801
1796	1797
1796	1804
1796	1805
1804	1796
1804	1803
1804	28782
1804	29233
1805	1796
29232	1797
1801	1800
1801	1802
1801	1803
1802	1801
29233	1804
29233	29234
29233	29235
28782	1804
28782	28781
28782	28783
28782	29080
1806	25341
25341	1806
25341	25047
25341	25342
1807	1808
1807	1811
1807	42533
1808	1807
1808	1809
1811	1807
1811	1810
1811	41439
42533	1807
42533	42532
42533	1603387
1809	1808
1809	1810
1810	1809
1810	1811
1810	5283
5283	1810
5283	5284
41439	1811
41439	32759
41439	41440
1829	1813
1829	1828
1829	1839
1818	1814
1818	1817
1818	1819
1816	1815
1817	1815
1817	1818
1817	1826
1826	1817
1826	1827
1826	1861
1821	1822
1821	1823
1821	21557
1821	21611
1822	1821
1822	1823
1822	2854
1822	5295
1822	21888
1823	1821
1823	1822
1823	21564
1823	21586
21557	1821
21557	21556
21557	21600
21611	1821
21611	21598
21611	21600
21611	21610
5295	1822
5295	2855
5295	21886
2854	1822
2854	2855
2854	2856
2854	5440
21888	1822
21888	21610
21888	21887
21564	1823
21564	21563
21564	21587
21586	1823
21586	2825
21586	21591
21586	21882
1839	1824
1839	1829
1839	1840
1827	1826
1827	1828
1827	1857
1861	1826
1861	1858
1861	1859
1828	1827
1828	1829
1828	1840
1857	1827
1857	1856
1857	1858
1840	1828
1840	1839
1840	1841
1832	1831
1833	1831
1833	1834
1833	1835
1834	1833
1835	1833
1835	1836
1835	1837
1836	1835
1837	1835
1837	1838
1837	1871
1871	1837
1871	1870
1871	1872
1882	1838
1882	1881
1882	10101
1868	1838
1868	1869
1868	1870
1841	1840
1841	1842
1841	1856
1842	1841
1842	1843
1842	1844
1856	1841
1856	1854
1856	1857
1843	1842
1862	1844
1862	1854
1846	1845
1846	1847
26487	1845
26487	26295
26487	26483
26487	36695
26498	1845
26498	26482
26498	26496
26498	36695
1847	1846
1847	1848
1847	26295
1848	1847
1848	1849
1848	26126
26295	1847
26295	26296
26295	26483
26295	26487
1849	1848
1849	1850
1849	26125
26126	1848
26126	26125
26126	26127
26126	26288
1850	1849
1850	1851
1850	26195
1850	26197
1850	26279
26125	1849
26125	26126
26125	26128
1851	1850
1851	1852
1851	26287
1851	26366
26195	1850
26195	26196
26195	26287
26195	26360
26197	1850
26197	26198
26197	26250
26279	1850
26279	26128
26279	26250
26287	1851
26287	26195
26287	26382
26366	1851
26366	26367
26366	26475
1853	1852
1854	1855
1854	1856
1854	1862
1855	1854
1855	1860
1855	37131
37131	1855
37131	37132
37131	37134
1858	1857
1858	1859
1858	1861
37135	1860
1863	1864
1863	1867
1863	32902
1864	1863
1864	1865
1864	33712
1864	41695
1867	1863
1867	1866
1867	1968
1867	1974
32902	1863
32902	32903
32902	32918
32902	36838
1865	1864
1865	1866
1865	32941
1865	32942
33712	1864
33712	33713
33712	43189
41695	1864
41695	32886
41695	42125
41695	42126
1866	1865
1866	1867
1866	1968
1866	32941
32941	1865
32941	1866
32941	1969
32941	32940
32942	1865
32942	32943
32942	33714
1968	1866
1968	1867
1968	1969
1974	1867
1974	1972
1974	32903
1870	1868
1870	1871
1872	1869
1872	1871
1873	1874
1873	1875
1873	37172
1874	1873
1874	1878
1874	10293
1874	38736
1875	1873
1875	1876
1875	10099
1875	37364
1878	1874
1878	1877
1878	10159
10293	1874
10293	10159
10293	10292
38736	1874
38736	38737
38736	41325
1876	1875
1876	1877
1876	10098
37364	1875
37364	10099
37364	42610
1877	1876
1877	1878
1877	37158
10098	1876
10098	10097
37158	1877
10159	1878
10159	10158
10159	10160
10159	10293
1879	1880
1879	1881
1879	10103
1881	1879
1881	1882
1881	10102
10103	1879
1888	1880
1888	1889
10102	1881
10101	1882
1884	1885
1884	1887
1884	37126
1885	1884
1885	1886
1885	10138
37126	1884
10138	1885
10138	10097
10138	10158
10138	37125
10097	1886
10097	10098
10097	10138
10097	10160
37127	1887
1900	1890
1900	1901
1900	32420
1900	32422
1899	1891
1899	1898
1899	41318
1899	1607720
1892	1893
1892	1895
1892	1954
1893	1892
1893	1894
1893	12625
1895	1892
1895	1894
1895	41529
1954	1892
1954	1953
1954	1955
1894	1893
1894	1895
12625	1893
12625	1949
12625	12626
41529	1895
1896	1897
1896	1901
1896	42798
1896	1603450
1897	1896
1897	1898
1901	1896
1901	1900
1901	1902
1901	32894
42798	1896
42798	42797
42798	1607733
1603450	1896
1603450	1603448
1603450	1603451
1603450	1607721
1898	1897
1898	1899
41318	1899
41318	41319
1607720	1899
1607720	1604053
1607720	1608199
32420	1900
32420	32421
32422	1900
32422	32423
1902	1901
1902	1903
32894	1901
32894	32893
1903	1902
1904	1905
1904	1906
1904	13002
1904	13005
1905	1904
1905	1909
1905	12957
1905	12958
1905	13057
1905	13058
1906	1904
1906	1907
1906	12483
13005	1904
13005	13004
13002	1904
13002	13001
13002	13058
13002	13066
1909	1905
1909	1908
1909	12931
12957	1905
12957	12958
12957	13043
12957	13048
12958	1905
12958	12931
12958	12954
12958	12957
13057	1905
13057	13055
13058	1905
13058	13002
13058	37620
1907	1906
1907	1908
1907	12485
1907	12931
12483	1906
12483	12482
12483	13004
12483	36031
1908	1907
1908	1909
12485	1907
12485	12473
12485	12484
12931	1907
12931	1909
12931	12934
12931	12958
1910	1911
1910	1913
1910	35787
1911	1910
1911	1912
1911	1931
1911	1603251
1913	1910
1913	1912
1913	35788
35787	1910
35787	35791
35787	35942
1912	1911
1912	1913
1912	1603251
1931	1911
1931	1928
1931	1930
1931	1603577
1603251	1911
1603251	1912
1603251	1603576
1603251	1606296
1914	1915
1914	1917
1914	24226
1914	24227
1915	1914
1915	1916
1915	1921
1915	1922
1917	1914
1917	1916
1917	24222
1917	24224
1917	24237
24226	1914
24226	1922
24226	24225
24227	1914
24227	24224
24227	24228
24227	38130
1916	1915
1916	1917
1916	24236
1916	24237
1921	1915
1921	1922
1921	24236
1922	1915
1922	1921
1922	24226
1922	24235
24237	1916
24237	1917
24237	23701
24237	23721
24236	1916
24236	1921
24236	23721
24236	24252
24236	40619
24222	1917
24222	24223
24222	24247
24224	1917
24224	24223
24224	24227
24224	38130
36987	1918
36980	1919
24235	1922
24235	24225
24235	40619
1923	1924
1923	1926
1923	1927
1924	1923
1924	1925
1924	1926
1926	1923
1926	1924
1926	13810
1927	1923
1925	1924
13810	1926
13810	13809
13810	13811
1928	1929
1928	1931
1928	1937
1929	1928
1929	1930
1929	1936
1929	1603249
1937	1928
1937	1933
1937	35762
1937	35791
1930	1929
1930	1931
1936	1929
1936	1935
1936	1606260
1603249	1929
1603249	1603248
1603249	1603250
1603577	1931
1603577	1603541
1603577	1603576
1932	1933
1932	1934
1932	1940
1932	1993
1933	1932
1933	1937
1933	35832
1934	1932
1934	1935
1934	1943
1934	1603250
1940	1932
1940	1941
1940	1992
1940	1606251
1993	1932
1993	1994
1993	35835
35832	1933
35832	35762
35832	35820
35832	35836
1935	1934
1935	1936
1943	1934
1943	1942
1943	1944
1603250	1934
1603250	1603249
1606260	1936
35791	1937
35791	35763
35791	35787
35762	1937
35762	35761
35762	35763
35762	35832
1938	1939
1938	31330
1938	31464
1939	1938
1939	31253
1939	31331
1939	40421
31330	1938
31330	31329
31330	31464
31464	1938
31464	31330
31464	31465
31253	1939
31253	25445
31253	31249
31253	31329
31331	1939
31331	25452
31331	31332
31331	31467
40421	1939
40421	25447
40421	40422
1941	1940
1941	1942
1941	1603248
1992	1940
1992	1990
1992	1991
1606251	1940
1942	1941
1942	1943
1603248	1941
1603248	1603249
1603248	1606250
1944	1943
1945	1946
1945	1967
1945	37587
1946	1945
1946	1947
1946	37589
1967	1945
1967	1966
1967	37582
37587	1945
37587	37586
1947	1946
1947	1948
1947	1949
37589	1946
37589	37588
37589	37591
1948	1947
1949	1947
1949	1950
1949	12625
1950	1949
1950	1951
1950	1953
1951	1950
1951	1952
1953	1950
1953	1954
1953	12626
1952	1951
12626	1953
12626	12625
1955	1954
1955	1956
1955	41527
1956	1955
1956	1957
1956	1963
41527	1955
41527	41528
1957	1956
1957	1958
1963	1956
1963	1961
1963	1964
1958	1957
1958	1959
1958	1960
1959	1958
1960	1958
1960	1961
1960	12661
1961	1960
1961	1962
1961	1963
12661	1960
1962	1961
1964	1963
1964	1965
1964	41486
1964	41507
1965	1964
1965	1966
1965	13808
1965	35978
41486	1964
41486	41487
41486	41488
41507	1964
41507	41508
41507	41510
1966	1965
1966	1967
1966	37580
35978	1965
35978	12814
35978	36334
13808	1965
13808	13806
13808	13809
13808	41497
37580	1966
37580	36334
37582	1967
37582	37581
1969	1968
1969	1970
1969	32941
1969	33722
1970	1969
1970	1971
1970	32732
33722	1969
33722	33721
33722	43561
1971	1970
1971	1972
1971	41767
32732	1970
32732	32715
32732	32731
32732	37160
1972	1971
1972	1973
1972	1974
1972	32903
1972	41773
1972	41776
41767	1971
41767	32756
41767	32896
41767	40826
1973	1972
32903	1972
32903	1974
32903	32902
32903	32917
41773	1972
41773	32917
41773	41774
41773	41775
41776	1972
1975	1976
1975	1977
1975	13790
1976	1975
1976	1977
1976	40082
1977	1975
1977	1976
1977	40077
13790	1975
13790	13785
13790	13789
40082	1976
40077	1977
40077	40076
40077	40078
1978	1979
1978	1980
1978	13755
1979	1978
1979	1984
1979	13746
1980	1978
1980	1981
1980	41113
13755	1978
13755	13756
13755	13787
1984	1979
1984	1983
1984	13761
13746	1979
13746	13745
13746	13747
1981	1980
1981	1982
1981	41533
41113	1980
41113	40081
1982	1981
1982	1983
1982	13764
41533	1981
1983	1982
1983	1984
1983	13765
13764	1982
13764	12908
13764	13759
13765	1983
13765	13759
13765	13761
13761	1984
13761	13762
13761	13763
13761	13765
1985	1986
1985	1987
1985	41926
1986	1985
1986	1987
1986	41927
1987	1985
1987	1986
1987	41925
41926	1985
41927	1986
41925	1987
41925	41923
41925	41928
1988	1989
1988	1997
1988	35812
1988	1594981
1989	1988
1989	1990
1989	1606249
1997	1988
1997	1996
1997	35813
35812	1988
35812	35811
35812	35813
1594981	1988
1594981	35810
1594981	1594984
1990	1989
1990	1991
1990	1992
1606249	1989
1606249	1606248
1606249	1607296
1991	1990
1991	1992
1994	1993
1994	1995
1994	35833
35835	1993
35835	35833
1995	1994
1995	1996
1995	35815
35833	1994
35833	35834
35833	35835
1996	1995
1996	1997
1996	35814
35815	1995
35815	35814
35815	35816
35815	35837
35814	1996
35814	35815
35813	1997
35813	35812
1999	1998
1999	2000
1999	7823
2000	1999
2000	2001
2000	7821
7823	1999
7823	7821
7823	7824
7823	7825
7821	2000
7821	7809
7821	7822
7821	7823
2003	2002
2005	2006
2005	2007
2005	11361
2006	2005
2006	2020
2006	10055
2007	2005
2007	2008
2007	11427
11361	2005
11361	11360
11361	11427
2020	2006
2020	2019
2020	10055
10055	2006
10055	2020
10055	10056
2008	2007
2008	2009
2008	11183
2008	37432
11427	2007
11427	11361
11427	37429
2009	2008
2009	2010
11183	2008
11183	11184
11183	37431
37432	2008
2010	2009
2010	2011
2010	11182
2011	2010
2011	2012
2011	10178
2011	10179
11182	2010
11182	11181
11182	11188
2012	2011
2012	2013
2012	2014
10178	2011
10178	10180
10178	11178
10179	2011
10179	10117
10179	10182
2013	2012
2014	2012
2014	2015
2014	11166
2015	2014
2015	2016
2015	11180
11166	2014
11166	11167
11166	11168
11166	11200
2016	2015
2016	2017
11180	2015
11180	11179
11180	11199
2017	2016
2017	2018
2017	11179
2018	2017
2018	2019
2018	10056
11179	2017
11179	11180
11179	11226
11179	11227
2019	2018
2019	2020
10056	2018
10056	10055
10056	11224
10056	11362
2021	2022
2021	32229
2021	32231
2021	32236
2022	2021
2022	32236
2022	32237
32231	2021
32231	32230
32231	32262
32229	2021
32229	32163
32229	32228
32236	2021
32236	2022
32236	32249
32236	32263
32237	2022
32237	32164
32237	32238
2024	2023
2024	2025
2024	1600093
37015	2023
37015	37014
37015	1602046
1600093	2024
1600093	37004
1600093	1600094
37004	2025
37004	37003
37004	1600093
2026	2027
2026	2028
2026	21677
2027	2026
2027	2030
2027	41449
2028	2026
2028	2029
2028	21323
21677	2026
21677	21664
21677	21678
2030	2027
2030	2029
2030	21237
41449	2027
41449	21678
2029	2028
2029	2030
2029	21238
21323	2028
21323	21322
21323	21324
21238	2029
21238	21239
21238	21263
21237	2030
21237	21236
21237	21679
2031	2032
2031	2040
2031	2053
2032	2031
2032	2041
2040	2031
2040	2039
2040	2054
2053	2031
2053	2041
2053	2048
2053	2054
2053	2061
2041	2032
2041	2042
2041	2053
2033	2034
2033	2035
2033	2092
2033	2105
2034	2033
2034	2052
2034	2082
2034	2105
2035	2033
2035	2036
2035	2095
2092	2033
2092	2093
2092	2229
2092	37173
2105	2033
2105	2034
2105	2194
2105	2229
2052	2034
2052	2051
2052	2060
2052	2079
2082	2034
2082	2078
2082	2079
2082	2083
2082	2085
2036	2035
2036	2037
2036	2106
2095	2035
2095	2090
2095	2139
2037	2036
2037	2038
2037	2106
2037	2108
2106	2036
2106	2037
2106	2107
2106	2139
2038	2037
2038	2039
2038	2062
2108	2037
2108	2107
2108	2138
2039	2038
2039	2040
2039	2061
2062	2038
2062	2063
2062	2138
2061	2039
2061	2053
2061	2054
2054	2040
2054	2053
2054	2061
2042	2041
2042	2043
2042	2048
2043	2042
2043	2044
2043	2047
2048	2042
2048	2049
2048	2053
2044	2043
2044	2045
2044	2228
2047	2043
2047	2046
2047	2227
2045	2044
2045	2046
2045	2225
2228	2044
2228	2226
2228	2227
2046	2045
2046	2047
2046	2225
2225	2045
2225	2046
2225	2226
2227	2047
2227	2226
2227	2228
2049	2048
2049	2050
2049	2068
2050	2049
2050	2051
2050	2068
2068	2049
2068	2050
2068	2069
2051	2050
2051	2052
2051	2059
2059	2051
2059	2060
2059	2067
2060	2052
2060	2059
2060	2074
2060	3115
2079	2052
2079	2078
2079	2082
2055	2056
2055	2058
2055	6729
2055	6739
2056	2055
2056	2057
2056	2080
2056	6765
2058	2055
2058	2057
2058	6741
2058	6743
6739	2055
6739	6737
6739	6765
6729	2055
6729	6726
6729	6730
6729	6732
6729	6741
6729	6742
2057	2056
2057	2058
2057	2081
2057	6774
2080	2056
2080	2081
2080	6773
2080	6776
6765	2056
6765	6738
6765	6739
6765	6773
2081	2057
2081	2080
2081	6775
2081	6779
6774	2057
6774	4035
6774	6743
6774	6775
6743	2058
6743	4034
6743	6774
6741	2058
6741	6729
6741	6740
2067	2059
2067	2066
2067	3115
2074	2060
2074	2075
2074	3115
3115	2060
3115	2067
3115	2074
3115	3114
2063	2062
2063	2064
2063	2070
2138	2062
2138	2070
2138	2108
2064	2063
2064	2065
2064	2073
2070	2063
2070	2071
2070	2138
2065	2064
2065	2066
2065	3114
2073	2064
2073	2072
2073	2124
2066	2065
2066	2067
3114	2065
3114	3115
3114	3116
3114	3138
2069	2068
2071	2070
2071	2072
2071	2107
2072	2071
2072	2073
2072	2125
2107	2071
2107	2106
2107	2108
2107	2125
2125	2072
2125	2107
2125	2126
2124	2073
2124	2122
2124	3140
2075	2074
2075	2076
2075	2077
2075	3112
2076	2075
2077	2075
2077	2078
2077	3112
2077	4415
3112	2075
3112	2077
3112	3117
2078	2077
2078	2079
2078	2082
2078	41889
4415	2077
4415	4414
4415	4416
41889	2078
6773	2080
6773	6765
6773	6772
6773	6777
6776	2080
6776	6777
6776	6779
6776	6810
6775	2081
6775	4036
6775	6774
6775	6778
6779	2081
6779	6776
6779	6778
6779	6789
2083	2082
2083	2084
2083	41877
2084	2083
2084	2085
2084	41878
41877	2083
41877	2224
41877	41906
41878	2084
2086	2087
2086	2091
2086	2129
2086	2130
2087	2086
2087	2088
2087	2128
2091	2086
2091	2090
2091	2093
2091	2094
2129	2086
2130	2086
2130	2131
2130	2154
2088	2087
2088	2089
2088	2127
2128	2087
2089	2088
2089	2090
2089	2127
2127	2088
2127	2089
2127	2126
2127	2139
2090	2089
2090	2091
2090	2095
2094	2091
2094	2093
2093	2091
2093	2092
2093	2094
2093	37174
2229	2092
2229	2105
2229	41648
2229	41712
37173	2092
37173	37174
37173	41646
37173	41648
37174	2093
37174	37173
2139	2095
2139	2106
2139	2126
2139	2127
2096	2097
2096	2098
2096	3011
2096	3025
2097	2096
2097	2098
2097	3025
2097	3038
2098	2096
2098	2097
2098	3016
2098	3034
3025	2096
3025	2097
3025	3041
3011	2096
3011	2982
3011	3012
3011	3016
3038	2097
3038	3034
3038	3039
3038	3041
3016	2098
3016	3011
3016	3015
3016	3036
3034	2098
3034	3033
3034	3038
2099	2100
2099	2101
2099	20221
2099	20222
2100	2099
2100	2104
2101	2099
2101	2102
2101	25064
2101	25096
20221	2099
20221	20220
20221	36595
20222	2099
20222	20027
20222	25062
2104	2100
2104	2103
2104	25060
2104	38592
2102	2101
2102	2103
2102	25066
25064	2101
25064	25063
25064	25066
25096	2101
25096	25092
25096	25098
25096	25101
2103	2102
2103	2104
25066	2102
25066	25059
25066	25064
25060	2104
25060	19563
25060	25061
25060	38592
38592	2104
38592	25055
38592	25060
2109	2110
2109	2112
2109	25284
2109	25285
2109	25517
2110	2109
2110	2111
2110	2113
2110	25197
2112	2109
2112	2111
2112	25482
2112	42674
25517	2109
25517	25515
25517	42689
25284	2109
25284	25283
25284	25285
25284	38397
25285	2109
25285	25284
25285	25286
2111	2110
2111	2112
2111	2114
2113	2110
2113	2114
2113	2281
2113	25200
25197	2110
25197	25198
25197	25516
25197	38845
2114	2111
2114	2113
2114	2283
42674	2112
42674	2283
42674	2287
42674	25167
25482	2112
25482	25481
25482	25483
2281	2113
2281	2282
2281	25199
2281	25212
25200	2113
2283	2114
2283	2282
2283	42674
2115	2116
2115	2117
2115	2137
2116	2115
2116	2131
2116	2133
2117	2115
2117	2118
2117	2136
2137	2115
2131	2116
2131	2130
2131	2152
2133	2116
2133	2132
2133	41985
2118	2117
2118	2119
2118	2135
2136	2117
2119	2118
2119	2120
2119	2148
2119	3144
2135	2118
2135	2134
2135	2150
2120	2119
2120	2121
2120	3146
2148	2119
2148	2147
2148	2149
2148	3086
3144	2119
3144	3143
3144	3145
2121	2120
2121	2122
2121	3146
3146	2120
3146	2121
3146	3145
2122	2121
2122	2123
2122	2124
2122	3109
2123	2122
3109	2122
3109	3108
3109	3110
3109	3140
3140	2124
3140	3105
3140	3109
3140	3138
2126	2125
2126	2127
2126	2139
2154	2130
2154	2153
2154	2233
2152	2131
2152	2153
2152	2230
2132	2133
2132	2134
2132	2190
2134	2132
2134	2135
2134	2141
41985	2133
2141	2134
2141	2140
2141	2150
2150	2135
2150	2141
2150	2151
2140	2141
2140	2142
2140	2189
2142	2140
2142	2143
2142	2188
2189	2140
2143	2142
2143	2144
2143	2187
2143	2205
2188	2142
2144	2143
2144	2145
2144	2146
2144	2204
2187	2143
2187	2186
2187	2205
2205	2143
2205	2187
2205	2204
2145	2144
2146	2144
2146	2147
2146	2203
2146	3165
2204	2144
2204	2203
2204	2205
2147	2146
2147	2148
2147	3081
2147	3150
3165	2146
3165	3150
3165	3256
3165	3257
3150	2147
3150	3080
3150	3165
3150	3256
3081	2147
3081	3080
3081	3086
2149	2148
3086	2148
3086	3081
3086	3085
2151	2150
2153	2152
2153	2154
2153	2231
2230	2152
2230	2231
2230	2242
2231	2153
2231	2230
2231	2232
2231	41986
2233	2154
2233	2234
2233	2236
2156	2155
2156	2179
2156	2255
2179	2156
2179	2178
2179	2180
2255	2156
2158	2157
2158	2159
2219	2157
2219	2218
2219	2220
2161	2157
2161	2159
2161	2162
2161	2218
2159	2158
2159	2160
2159	2161
2160	2159
2162	2161
2162	2163
2162	2164
2218	2161
2218	2214
2218	2219
2163	2162
2163	2164
2164	2162
2164	2163
2164	2165
2164	2213
2165	2164
2165	2166
2165	2168
2165	2213
2213	2164
2213	2165
2213	2214
2166	2165
2166	2167
2166	2168
2168	2165
2168	2166
2168	2169
2168	2212
2167	2166
2169	2168
2169	2170
2169	2171
2169	2212
2212	2168
2212	2169
2212	2211
2170	2169
2171	2169
2171	2172
2171	2173
2171	2211
2172	2171
2173	2171
2173	2174
2173	2175
2173	2210
2211	2171
2211	2210
2211	2212
2174	2173
2175	2173
2175	2176
2175	2186
2175	2207
2210	2173
2210	2208
2210	2211
2176	2175
2176	2177
2176	2184
2186	2175
2186	2187
2186	2206
2207	2175
2207	2206
2207	2208
2177	2176
2177	2178
2177	2181
2184	2176
2184	2182
2184	2185
2178	2177
2178	2179
2178	2256
2180	2179
2182	2181
2182	2183
2182	2184
2183	2182
2185	2184
2206	2186
2206	2207
41983	2190
41983	2250
41983	41984
4964	2191
4964	4954
4964	4957
4964	4963
2193	2192
41906	2195
41906	36195
41906	41877
2197	2196
2197	2198
2197	36190
2197	41827
41875	2196
41875	2223
41875	41876
36190	2197
36190	2198
36190	36183
36190	41825
41827	2197
41827	41828
41827	41902
2200	2199
2200	2201
2200	4890
2200	4891
4900	2199
4900	4901
4900	4961
4891	2200
4891	4886
4891	4892
4890	2200
4890	4875
4890	4889
4890	4894
4894	2201
4894	4890
4894	4893
2208	2207
2208	2209
2208	2210
2209	2208
2214	2213
2214	2215
2214	2218
2215	2214
2215	2216
2215	2217
2216	2215
2217	2215
2221	2220
2222	2223
2222	2224
2222	41907
2223	2222
2223	2224
2223	41875
2224	2222
2224	2223
2224	41877
41907	2222
2226	2225
2226	2227
2226	2228
41648	2229
41648	37173
41648	41647
41648	41713
2242	2230
2242	2240
2242	2241
2232	2231
2232	2234
2232	2235
41986	2231
41986	2237
41986	2239
2234	2232
2234	2233
2234	2235
2235	2232
2235	2234
2235	2236
2236	2233
2236	2235
2236	41988
41988	2236
2237	2238
2237	41986
2238	2237
2238	41987
41987	2238
2239	41986
2240	2241
2240	2242
2241	2240
2241	2242
2244	2243
2244	2245
2244	41992
2245	2244
2245	2246
2246	2245
2246	2247
2246	41991
2247	2246
2247	2248
2248	2247
2248	2249
2248	41991
2252	2251
2252	2253
2252	2254
2253	2252
2257	2256
2259	2260
2259	2261
2259	38590
2259	41185
2260	2259
2260	2266
2260	41186
2261	2259
2261	2262
2261	28474
2261	28475
38590	2259
38590	38591
38590	41204
41185	2259
41185	41184
41185	41205
2266	2260
2266	2264
2266	12028
41186	2260
2262	2261
2262	2263
2262	2264
2262	12025
28474	2261
28474	28317
28474	28436
28475	2261
28475	28476
28475	38589
2263	2262
2264	2262
2264	2265
2264	2266
12025	2262
12025	12026
12025	12027
2265	2264
12028	2266
12028	12027
2267	2268
2267	2270
2268	2267
2268	2269
2268	22286
2268	139767
2270	2267
2270	2269
2270	22299
2270	139766
2269	2268
2269	2270
2269	22285
22286	2268
22286	22285
22286	22438
22286	139815
139767	2268
139767	139765
139767	139775
22285	2269
22285	22281
22285	22286
22299	2270
22299	21379
22299	40690
22299	139773
139766	2270
139766	139765
139766	139768
2272	2271
2272	2273
2272	2279
2272	2280
2279	2272
2279	2277
2280	2272
2280	2278
16396	2273
16396	16395
16396	16469
2274	2275
2274	2276
2274	2595
2274	35987
2275	2274
2275	2276
2275	2593
2275	2618
2276	2274
2276	2275
2276	2430
2276	22448
2595	2274
2595	2594
2595	35985
35987	2274
35987	35986
35987	35988
2593	2275
2593	2592
2593	2617
2593	40941
2618	2275
2618	2619
2618	2664
22448	2276
22448	22447
22448	22449
2430	2276
2430	2429
2430	40560
2277	2278
2277	2279
2277	16397
16397	2277
2282	2281
2282	2283
2282	2284
2282	2287
25199	2281
25199	25198
25199	25211
25199	25218
25212	2281
25212	3876
25212	25213
2284	2282
2284	2285
2284	3875
2284	3876
2287	2282
2287	2286
2287	25418
2287	42674
2285	2284
2285	2286
2285	4353
3875	2284
3875	3879
3875	4354
3876	2284
3876	3877
3876	25212
2286	2285
2286	2287
2286	38204
2286	42473
4353	2285
4353	4352
42473	2286
42473	4749
42473	25231
42473	25239
38204	2286
38204	25214
38204	38203
25418	2287
25418	25417
25418	25419
2288	2289
2288	2290
2288	2291
2288	2348
2289	2288
2289	2290
2289	2311
2289	4403
2289	4404
2290	2288
2290	2289
2290	2297
2290	4405
2291	2288
2291	2292
2291	2929
2348	2288
2348	2346
2348	2925
2311	2289
2311	2312
2311	4403
4403	2289
4403	2311
4403	4402
4404	2289
2297	2290
2297	2296
2297	2507
2297	36012
4405	2290
4405	4406
4405	4407
2292	2291
2292	2293
2292	2508
2292	2929
2929	2291
2929	2292
2929	2928
2293	2292
2293	2294
2293	2509
2508	2292
2508	2509
2508	2510
2508	2516
2508	2926
2508	2928
2294	2293
2294	2295
2509	2293
2509	2295
2509	2508
2295	2294
2295	2296
2295	2509
2296	2295
2296	2297
2296	2504
2504	2296
2504	2505
2504	2515
2507	2297
2507	2506
2507	41381
36012	2297
36012	36011
36012	36013
2298	2299
2298	2300
2298	2599
2299	2298
2299	2300
2299	2526
2300	2298
2300	2299
2300	2525
2599	2298
2599	2600
2599	2925
2526	2299
2526	2518
2526	2520
2525	2300
2525	2382
2525	2610
2301	2302
2301	2303
2301	42147
2302	2301
2302	2310
2302	42145
2303	2301
2303	2304
2303	40753
42147	2301
2310	2302
2310	2309
42145	2302
42145	2315
42145	42146
42145	42189
2304	2303
2304	2305
2304	40752
40753	2303
40753	40752
40753	40754
40753	40760
2305	2304
2305	2306
2305	42937
40752	2304
40752	2983
40752	40753
2306	2305
2306	2307
2306	42955
42937	2305
42937	42936
42937	42938
2307	2306
2307	2308
2307	42952
42955	2306
2308	2307
2308	2309
2308	42954
42952	2307
42952	42953
2309	2308
2309	2310
42954	2308
42954	42953
2312	2311
2312	2313
2312	2314
2312	12939
2313	2312
2314	2312
2314	2315
12939	2312
12939	12937
12939	12940
12939	42980
2315	2314
2315	2316
2315	42145
2315	42979
2316	2315
2316	2317
42979	2315
42979	42978
42979	42985
2317	2316
2317	2318
2318	2317
2318	2319
2318	42959
2319	2318
2319	2320
2319	42966
42959	2318
42959	42958
42959	42976
2320	2319
2320	2321
2320	2322
42966	2319
42966	2344
42966	42965
2321	2320
2322	2320
2322	2323
2322	42991
2323	2322
2323	2324
2323	42990
42991	2322
42991	42992
42991	43107
2324	2323
2324	2325
2324	2326
42990	2323
2325	2324
2326	2324
2326	2327
2326	42989
2327	2326
2327	2328
2327	42988
42989	2326
2328	2327
2328	2329
2328	42987
42988	2327
2329	2328
2329	2330
2329	2331
42987	2328
2330	2329
2331	2329
2331	2332
2331	42986
2332	2331
2332	2333
2332	2334
42986	2331
2333	2332
2334	2332
2334	2335
2334	2338
2335	2334
2335	2336
2335	2337
2338	2334
2338	2339
2338	2340
2336	2335
2337	2335
2339	2338
2340	2338
2340	2341
2340	42997
2341	2340
2341	2342
2341	2343
42997	2340
2342	2341
2343	2341
2343	2344
2343	42995
2344	2343
2344	2345
2344	42966
42995	2343
42995	42994
42995	42996
42995	43105
2345	2344
2345	2346
2345	42973
2346	2345
2346	2347
2346	2348
42973	2345
42973	42971
42973	42972
2347	2346
2925	2348
2925	2519
2925	2599
2349	2350
2349	2357
2350	2349
2350	2351
2357	2349
2357	2356
2357	22446
2351	2350
2351	2352
2351	2364
2352	2351
2352	2353
2352	2361
2364	2351
2364	2363
2364	36009
2353	2352
2353	2354
2361	2352
2361	2359
2361	2362
2354	2353
2354	2355
2354	2359
2355	2354
2355	2356
2355	2360
2359	2354
2359	2358
2359	2361
2356	2355
2356	2357
2356	36007
2360	2355
2360	2358
2360	2408
36007	2356
22446	2357
22446	22278
22446	22447
22446	36010
2358	2359
2358	2360
2358	2368
2368	2358
2368	2369
2368	2404
2408	2360
2408	2407
2408	36002
2362	2361
2362	2363
2362	2369
2363	2362
2363	2364
2363	36008
2369	2362
2369	2368
2369	2405
36008	2363
36008	2406
36009	2364
2365	2366
2365	2367
2365	4424
2366	2365
2366	2367
2366	4392
2367	2365
2367	2366
2367	42200
4424	2365
4424	4423
4424	42197
4392	2366
4392	4393
4392	42977
42200	2367
42200	42195
2404	2368
2404	2371
2404	2403
2404	2405
2405	2369
2405	2404
2405	2406
2370	2371
2370	2374
2370	2407
2371	2370
2371	2372
2371	2404
2374	2370
2374	2373
2374	36006
2407	2370
2407	2408
2407	36005
2372	2371
2372	2373
2372	2414
2373	2372
2373	2374
2414	2372
2414	2413
2414	2421
2414	22447
2414	36006
36006	2374
36006	2414
36006	36005
2375	2376
2375	2377
2375	2521
2376	2375
2376	2406
2376	2516
2376	2517
2377	2375
2377	2378
2377	2379
2521	2375
2521	2379
2521	2520
2406	2376
2406	2405
2406	36008
2516	2376
2516	2508
2516	2510
2516	2517
2516	2522
2517	2376
2517	2511
2517	2516
2378	2377
2379	2377
2379	2380
2379	2521
2380	2379
2380	2381
2381	2380
2381	2382
2382	2381
2382	2383
2382	2525
2383	2382
2383	2384
2383	2546
2384	2383
2384	2385
2384	2545
2546	2383
2546	2547
2546	2591
2385	2384
2385	2386
2385	2551
2385	10124
2545	2384
2545	2547
2545	2549
2386	2385
2386	2387
2386	2447
2551	2385
2551	2550
2551	10125
10124	2385
2387	2386
2387	2388
2387	2447
2387	2449
2447	2386
2447	2387
2447	2446
2388	2387
2388	2389
2388	2393
2449	2387
2449	2448
2449	38842
2449	38843
2389	2388
2389	2390
2389	2391
2393	2388
2393	2394
2393	38843
2390	2389
2391	2389
2391	2392
2392	2391
2394	2393
2394	2395
2394	2445
38843	2393
38843	2449
2395	2394
2395	2396
2395	2397
2445	2394
2445	2410
2445	38841
2396	2395
2397	2395
2397	2398
2397	2399
2398	2397
2399	2397
2399	2400
2399	2401
2400	2399
2401	2399
2401	2402
2401	2403
2402	2401
2403	2401
2403	2404
2403	2415
2415	2403
2415	2410
2415	2416
36005	2407
36005	36006
36002	2408
36002	36003
36002	36004
2409	2410
2409	2411
2409	36259
2409	38842
2410	2409
2410	2415
2410	2445
2411	2409
2411	2412
2411	36259
38842	2409
38842	2449
38842	2462
38842	38841
36259	2409
36259	2411
36259	2461
36259	36258
2412	2411
2412	2413
2412	37175
2413	2412
2413	2414
2413	41394
37175	2412
37175	2423
37175	37176
41394	2413
41394	2422
22447	2414
22447	2429
22447	22446
22447	22448
2421	2414
2421	2420
2421	2422
2416	2415
2417	2418
2417	2423
2417	2443
2417	37177
2418	2417
2418	2419
2418	2472
2423	2417
2423	2422
2423	37175
2443	2417
2443	2442
2443	2444
2443	2472
37177	2417
37177	37176
2419	2418
2419	2420
2472	2418
2472	2443
2472	2476
2420	2419
2420	2421
2420	2435
2435	2420
2435	2434
2435	2436
2422	2421
2422	2423
2422	41394
2424	2425
2424	2426
2424	35993
2425	2424
2425	2428
2425	35994
2426	2424
2426	2427
35993	2424
35993	35992
35993	35997
2428	2425
2428	2427
2428	40559
35994	2425
35994	35995
35994	35996
2427	2426
2427	2428
2427	35996
35996	2427
35996	35994
40559	2428
2429	2430
2429	22447
2429	36001
36001	2429
36001	36000
40560	2430
40560	2433
40560	41389
2431	2432
2431	2433
2431	37179
2432	2431
2432	2439
2432	37178
2433	2431
2433	2434
2433	40560
37179	2431
37179	2482
37179	40561
2439	2432
2439	2438
2439	40564
37178	2432
37178	2483
2434	2433
2434	2435
2434	35990
35990	2434
35990	35991
35990	36000
2436	2435
2436	2437
2436	2476
2437	2436
2437	2438
2437	2477
2476	2436
2476	2472
2476	2475
2438	2437
2438	2439
2438	40565
2477	2437
2477	2475
2477	40566
40565	2438
40564	2439
40564	2484
40564	40563
2440	2441
2440	2442
2440	2490
2441	2440
2441	2444
2441	37176
2442	2440
2442	2443
2442	2473
2490	2440
2490	2479
2490	2489
2444	2441
2444	2443
37176	2441
37176	37175
37176	37177
2473	2442
2473	2474
2473	42790
38841	2445
38841	38842
2446	2447
2446	2448
2446	2457
2446	10123
2448	2446
2448	2449
2448	2462
2457	2446
2457	2458
2457	2464
10123	2446
10123	9950
10123	10122
2462	2448
2462	2461
2462	38842
2450	2451
2450	2452
2450	37182
2451	2450
2451	2454
2451	37183
2451	42793
2452	2450
2452	2453
2452	2455
37182	2450
37182	37183
2454	2451
2454	2453
2454	36258
37183	2451
37183	2459
37183	37182
37183	42791
42793	2451
42793	2460
2453	2452
2453	2454
2453	2456
2455	2452
2455	2456
2455	2495
2456	2453
2456	2455
2456	2493
36258	2454
36258	2460
36258	36259
36258	42792
2495	2455
2495	2492
2495	2494
2493	2456
2493	2491
2493	2494
2458	2457
2458	2459
2458	2464
2458	2467
2464	2457
2464	2458
2464	2463
2459	2458
2459	2460
2459	37183
2459	42791
2467	2458
2467	2466
2467	2470
2467	42791
2460	2459
2460	2461
2460	36258
2460	42793
42791	2459
42791	2467
42791	37183
42791	42792
2461	2460
2461	2462
2461	36259
2463	2464
2463	2465
2463	2468
2465	2463
2465	2466
2465	2527
2468	2463
2468	2469
2468	2470
2468	40710
2466	2465
2466	2467
2466	2471
2527	2465
2527	2469
2527	2528
2471	2466
2471	2469
2471	2528
2470	2467
2470	2468
2470	2541
2470	42792
2469	2468
2469	2471
2469	2527
40710	2468
40710	2542
40710	2613
42792	2470
42792	2533
42792	36258
42792	42791
2541	2470
2541	2540
2541	2542
2528	2471
2528	2527
2474	2473
2474	2475
2474	40568
42790	2473
2475	2474
2475	2476
2475	2477
2475	40567
40568	2474
40568	40569
40568	42789
40567	2475
40566	2477
2478	2479
2478	2480
2478	2656
2479	2478
2479	2490
2479	2540
2480	2478
2480	2481
2480	2500
2656	2478
2656	2655
2656	2664
2540	2479
2540	2539
2540	2541
2481	2480
2481	2482
2481	2502
2500	2480
2500	2501
2500	41390
2482	2481
2482	2483
2482	37179
2502	2481
2502	2501
2502	40561
2483	2482
2483	2484
2483	37178
2484	2483
2484	2485
2484	40564
2485	2484
2485	2486
2485	40570
2486	2485
2486	2487
2486	40572
40570	2485
40570	40571
40570	40996
2487	2486
2487	2488
2487	2499
40572	2486
40572	40571
2488	2487
2488	2489
2488	2498
2499	2487
2499	2497
2499	41393
2489	2488
2489	2490
2489	2497
2498	2488
2497	2489
2497	2499
2491	2492
2491	2493
2491	2532
2492	2491
2492	2495
2492	2533
2532	2491
2532	2533
2533	2492
2533	2532
2533	42792
2494	2493
2494	2495
2494	2503
2503	2494
41393	2499
41393	40996
41393	41392
2501	2500
2501	2502
41390	2500
40561	2502
40561	37179
40561	41389
2505	2504
2505	2506
2515	2504
2515	2514
2515	37180
2506	2505
2506	2507
2506	37181
37181	2506
37181	36015
37181	37180
41381	2507
41381	41382
41381	41383
2510	2508
2510	2511
2510	2516
2928	2508
2928	2927
2928	2929
2926	2508
2926	2522
2926	2927
2511	2510
2511	2512
2511	2517
2512	2511
2512	2513
2513	2512
2513	2514
2514	2513
2514	2515
2514	36015
36015	2514
36015	36014
36015	37181
37180	2515
37180	37181
2522	2516
2522	2523
2522	2926
2518	2519
2518	2520
2518	2526
2519	2518
2519	2523
2519	2925
2520	2518
2520	2521
2520	2526
2523	2519
2523	2522
2523	2524
2524	2523
2610	2525
2529	2530
2529	2531
2529	11106
2530	2529
2530	2531
2530	4065
2530	4066
2530	11120
2531	2529
2531	2530
2531	4066
2531	4107
11106	2529
11106	4107
11106	11107
4065	2530
4065	4064
4065	11121
4066	2530
4066	2531
4066	4064
11120	2530
11120	11107
11120	11121
4107	2531
4107	4064
4107	10984
4107	11106
2534	2535
2534	2536
2534	2659
2535	2534
2535	2542
2535	2660
2536	2534
2536	2537
2536	2659
2659	2534
2659	2536
2659	2658
2542	2535
2542	2541
2542	40710
2660	2535
2660	2661
2660	2672
2537	2536
2537	2538
2537	2786
2538	2537
2538	2539
2538	2657
2786	2537
2786	2657
2786	2658
2539	2538
2539	2540
2657	2538
2657	2658
2657	2786
2543	2544
2543	3973
2544	2543
2544	3266
3973	2543
3973	3969
3973	20875
3266	2544
3266	3265
3266	3267
2547	2545
2547	2546
2547	2590
2549	2545
2549	2548
2549	2590
2591	2546
2591	2590
2590	2547
2590	2549
2590	2591
2548	2549
2548	2550
2548	2552
2548	2558
2550	2548
2550	2551
2550	2554
2552	2548
2552	2553
2552	2557
2552	2589
2558	2548
2558	2556
2558	2604
2554	2550
2554	2553
2554	10122
10125	2551
2553	2552
2553	2554
2553	9950
2557	2552
2557	2555
2557	42206
2589	2552
2589	2585
2589	2588
2589	9950
9950	2553
9950	2589
9950	9952
9950	10123
10122	2554
10122	10123
2555	2556
2555	2557
2555	2639
2555	41284
2556	2555
2556	2558
2556	2602
2639	2555
2639	2638
2639	2640
41284	2555
41284	2638
41284	42202
2602	2556
2602	2601
2602	2603
42206	2557
42206	42205
42206	42207
2604	2558
2604	2605
2604	2606
2559	2560
2559	2582
2559	2987
2560	2559
2560	2561
2560	2803
2560	3078
2582	2559
2582	2581
2582	2583
2987	2559
2987	2988
2987	3021
2561	2560
2561	2562
2561	2787
3078	2560
3078	3079
2562	2561
2562	2563
2562	2650
2562	2680
2563	2562
2563	2564
2563	2651
2563	40941
2650	2562
2650	2651
2650	2673
2680	2562
2680	2675
2680	2689
2680	2787
2564	2563
2564	2565
2651	2563
2651	2650
2651	31338
40941	2563
40941	2565
40941	2593
40941	31338
2565	2564
2565	2566
2565	40941
2566	2565
2566	2567
2566	2665
2566	37188
2567	2566
2567	2568
2567	2653
2665	2566
2665	2666
2665	2667
37188	2566
37188	2617
37188	2667
2568	2567
2568	2569
2568	2574
2653	2567
2653	2652
2653	2654
2653	2666
2569	2568
2569	2570
2569	2573
2574	2568
2574	2573
2574	2575
2570	2569
2570	2571
2570	2572
2573	2569
2573	2574
2571	2570
2572	2570
2575	2574
2575	2576
2575	2652
2575	3032
2576	2575
2576	2577
3032	2575
3032	2577
3032	3050
2577	2576
2577	2578
2577	3032
2578	2577
2578	2579
2578	3050
2579	2578
2579	2580
2579	2981
3050	2578
3050	2981
3050	3032
2580	2579
2580	2581
2580	2978
2580	2985
2981	2579
2981	2979
2981	3050
2581	2580
2581	2582
2581	2957
2978	2580
2978	2977
2978	2979
2978	2986
2985	2580
2985	2959
2985	2961
2957	2581
2957	2958
2957	2959
2583	2582
2584	2585
2584	2586
2584	2632
2585	2584
2585	2589
2585	2633
2585	42202
2586	2584
2586	2587
2586	2588
2632	2584
2632	2630
2632	2649
2632	37185
2633	2585
2633	2634
2633	2637
2633	42202
42202	2585
42202	2633
42202	41284
42202	42203
2587	2586
2588	2586
2588	2589
2588	9951
2588	35533
9951	2588
9951	9952
9951	11466
9951	35534
35533	2588
35533	35534
35533	37185
2592	2593
2592	2594
2592	2679
2592	31338
2594	2592
2594	2595
2594	40761
2679	2592
2679	2673
2679	2678
31338	2592
31338	2651
31338	40941
2617	2593
2617	2615
2617	37188
40761	2594
40761	35985
40761	40938
35985	2595
35985	35986
35985	40761
2596	2597
2596	2598
2596	21607
2597	2596
2597	2598
2597	2628
2597	21592
2598	2596
2598	2597
2598	2629
21607	2596
21607	21563
21607	21587
21607	21589
2628	2597
2628	2629
2628	2643
2628	2644
21592	2597
21592	21590
21592	21593
2629	2598
2629	2628
2629	21538
2629	21584
2600	2599
2600	2601
2600	42950
2601	2600
2601	2602
2601	2636
2601	42936
42950	2600
42950	42949
42950	42957
2636	2601
2636	2631
2636	42934
42936	2601
42936	42937
42936	42951
2603	2602
2605	2604
2606	2604
2606	2607
2606	2608
2607	2606
2608	2606
2608	2609
2609	2608
2611	2612
2611	2613
2611	2620
2612	2611
2612	2614
2612	37184
2613	2611
2613	2614
2613	40710
2620	2611
2620	2621
2620	2623
2614	2612
2614	2613
2614	35534
37184	2612
37184	37185
37184	42201
37184	42212
35534	2614
35534	9951
35534	35533
2615	2616
2615	2617
2615	2667
2616	2615
2616	2619
2616	2668
2667	2615
2667	2665
2667	37188
2619	2616
2619	2618
2619	2663
2619	2668
2619	2669
2668	2616
2668	2619
2668	2669
2664	2618
2664	2655
2664	2656
2663	2619
2663	2654
2663	2662
2663	2669
2663	2670
2669	2619
2669	2663
2669	2668
2669	2670
2621	2620
2621	2622
2621	42212
2623	2620
2623	2622
2623	2627
2622	2621
2622	2623
2622	42211
42212	2621
42212	37184
42212	42211
42211	2622
42211	41613
42211	42212
2627	2623
2627	2624
2627	2626
2624	2625
2624	2627
2625	2624
2625	2626
2625	41613
2626	2625
2626	2627
2626	2788
2788	2626
2788	2671
2788	2672
2643	2628
2643	2642
2643	2810
2643	21593
2644	2628
2644	2645
2644	2728
2644	21584
21584	2629
21584	2644
21584	21583
21538	2629
21538	21537
21538	21539
21538	21562
2630	2631
2630	2632
2630	2646
2630	2931
2631	2630
2631	2634
2631	2636
2631	2932
2646	2630
2646	2647
2931	2630
2931	2932
2931	2936
2634	2631
2634	2633
2634	2635
2634	2637
2932	2631
2932	2931
2932	42941
2649	2632
2649	2648
2649	42201
37185	2632
37185	35533
37185	37184
2637	2633
2637	2634
2637	2638
2635	2634
42934	2636
42934	42932
42934	42935
42934	42942
2638	2637
2638	2639
2638	41284
2640	2639
2641	2642
2641	2645
2641	40942
2642	2641
2642	2643
2642	2809
2642	21603
2645	2641
2645	2644
2645	2729
40942	2641
40942	2729
40942	21603
40942	40939
2809	2642
2809	2792
2809	2810
2809	21602
21603	2642
21603	21604
21603	40942
21593	2643
21593	21592
2810	2643
2810	2795
2810	2809
2810	21590
2728	2644
2728	2729
2728	27118
2729	2645
2729	2728
2729	40940
2729	40942
2934	2647
2934	2933
2934	2941
2934	2943
2938	2647
2938	2937
2938	2942
40749	2648
40749	40748
40749	42201
42201	2649
42201	37184
42201	40749
2673	2650
2673	2674
2673	2679
2935	2652
2935	2933
2935	2947
2654	2653
2654	2655
2654	2663
2666	2653
2666	2665
2666	2670
2655	2654
2655	2656
2655	2662
2655	2664
2662	2655
2662	2663
2658	2657
2658	2659
2658	2786
2672	2660
2672	2671
2672	2788
2671	2661
2671	2672
2671	2788
2670	2663
2670	2666
2670	2669
2674	2673
2674	2675
2675	2674
2675	2676
2675	2680
2676	2675
2676	2677
2676	2688
2676	18349
2677	2676
2677	2678
2677	22935
2677	22936
2688	2676
2688	2689
2688	2708
2688	18348
18349	2676
18349	18348
18349	22936
18349	23091
2678	2677
2678	2679
2678	42182
22935	2677
22935	22955
22935	38076
22935	42305
22936	2677
22936	18349
22936	22937
42182	2678
42182	42181
42182	42183
42182	42307
2689	2680
2689	2688
2689	2690
2689	2787
2681	2682
2681	2683
2681	41636
2682	2681
2682	2687
2682	35098
2683	2681
2683	2684
2683	43439
41636	2681
41636	41635
41636	41637
2687	2682
2687	2686
2687	35099
35098	2682
35098	35097
35098	41615
2684	2683
2684	2685
2684	43438
43439	2683
2685	2684
2685	2686
2685	41630
43438	2684
2686	2685
2686	2687
2686	40576
2686	40953
41630	2685
41630	41629
41630	41631
40576	2686
40576	34754
40576	40952
40953	2686
40953	40954
40953	41629
35099	2687
35099	35100
35099	40575
2708	2688
2708	2707
2708	19984
18348	2688
18348	18349
18348	35968
18348	35970
2690	2689
2690	2691
2690	40743
2691	2690
2691	2692
2691	2800
2691	39948
40743	2690
40743	2801
2692	2691
2692	2693
2692	40727
39948	2691
39948	2850
39948	2864
39948	20332
2800	2691
2800	2798
2800	2801
2693	2692
2693	2694
2693	42117
40727	2692
40727	17803
40727	40728
2694	2693
2694	2695
2694	42116
42117	2693
2695	2694
2695	2696
2695	42115
42116	2694
2696	2695
2696	2697
2696	2705
42115	2695
2697	2696
2697	2698
2705	2696
2705	2703
2705	2706
2698	2697
2698	2699
2698	2703
2699	2698
2699	2700
2699	2702
2703	2698
2703	2704
2703	2705
2700	2699
2700	2701
2700	2702
2702	2699
2702	2700
2701	2700
2704	2703
2706	2705
2706	2707
2706	42114
2707	2706
2707	2708
2707	19985
42114	2706
42114	17804
42114	35635
19985	2707
19985	19980
19985	35595
19984	2708
19984	19983
19984	42331
2709	2710
2709	2716
2709	2736
2709	2756
2710	2709
2710	2711
2710	2735
2716	2709
2716	2715
2716	2723
2736	2709
2736	2730
2736	2737
2756	2709
2756	2755
2756	2757
2756	2762
2711	2710
2711	2712
2711	2734
2735	2710
2735	2734
2712	2711
2712	2713
2712	2747
2734	2711
2734	2733
2734	2735
2713	2712
2713	2714
2747	2712
2747	2746
2747	23161
2747	35963
2714	2713
2714	2715
2714	35964
2715	2714
2715	2716
35964	2714
35964	2724
35964	35963
2723	2716
2723	2722
2723	2724
2717	2718
2717	2721
2718	2717
2718	2719
2718	2726
2721	2717
2721	2720
2721	35967
2719	2718
2719	2720
2719	35967
2726	2718
2726	2725
2726	2727
2726	35968
2720	2719
2720	2721
35967	2719
35967	2721
35967	23167
2722	2723
2722	2727
2722	37187
2727	2722
2727	2726
2727	37186
37187	2722
37187	2758
2724	2723
2724	2725
2724	35964
2725	2724
2725	2726
2725	2739
2739	2725
2739	2738
2739	2740
2739	35966
35968	2726
35968	18348
37186	2727
37186	2759
27118	2728
27118	2754
27118	40940
40940	2729
40940	2753
40940	27118
40940	40939
2730	2731
2730	2736
2730	2761
2731	2730
2731	2732
2731	2785
2761	2730
2761	2760
2761	37726
2732	2731
2732	2733
2732	2784
2785	2731
2785	2781
2785	42783
2733	2732
2733	2734
2733	2741
2784	2732
2784	2783
2784	3210
2741	2733
2741	2742
2741	2743
2737	2736
2738	2739
2738	2740
2740	2738
2740	2739
2740	23164
35966	2739
35966	23165
35966	35965
23164	2740
23164	23159
23164	23163
23164	23165
2742	2741
2743	2741
2743	2744
2743	3178
2744	2743
2744	2745
2744	3188
3178	2743
3178	3177
3178	3179
2745	2744
2745	2746
2745	35664
3188	2744
3188	3177
3188	3187
3188	35959
2746	2745
2746	2747
2746	23168
35664	2745
35664	23127
35664	23168
35664	35665
23168	2746
23168	23155
23168	23161
23168	35664
23161	2747
23161	23158
23161	23162
23161	23168
35963	2747
35963	23162
35963	35964
2748	2749
2748	2754
2748	2789
2748	2790
2749	2748
2749	2750
2749	2813
2754	2748
2754	2753
2754	21583
2754	27118
2789	2748
2789	2791
2789	3242
2790	2748
2790	2791
2790	21583
2750	2749
2750	2751
2750	2811
2813	2749
2813	2814
2813	3216
2813	3242
2751	2750
2751	2752
2751	21604
2811	2750
2811	2812
2811	21605
2752	2751
2752	2753
2752	40939
21604	2751
21604	21603
21604	40939
2753	2752
2753	2754
2753	40940
40939	2752
40939	21604
40939	40940
40939	40942
21583	2754
21583	2790
21583	21584
2755	2756
2755	2759
2755	2771
2759	2755
2759	2758
2759	37186
2771	2755
2771	2762
2771	2772
2757	2756
2757	2758
2762	2756
2762	2763
2762	2771
2758	2757
2758	2759
2758	37187
2760	2761
2760	2763
2760	2780
2763	2760
2763	2762
2763	2772
2780	2760
2780	2779
2780	37727
37726	2761
37726	37189
37726	37725
37726	42784
2772	2763
2772	2771
2772	2779
2764	2765
2764	2770
2764	3193
2765	2764
2765	2766
2765	2767
2770	2764
2770	2769
2770	3194
3193	2764
3193	3192
3193	3227
2766	2765
2767	2765
2767	2768
2767	3228
2768	2767
2768	2769
2768	40735
3228	2767
3228	3227
3228	37729
2769	2768
2769	2770
2769	3207
40735	2768
40735	3207
40735	41645
3207	2769
3207	3208
3207	40735
3194	2770
3194	3195
3194	3209
2779	2772
2779	2780
2773	2774
2773	2777
2773	3212
2773	9645
2774	2773
2774	2775
2774	3192
2777	2773
2777	2776
2777	2778
3212	2773
3212	3182
3212	3206
9645	2773
2775	2774
2775	2776
3192	2774
3192	3193
3192	3196
3192	3227
2776	2775
2776	2777
2776	3167
3167	2776
3167	3166
3167	3182
2778	2777
37727	2780
37727	37728
37727	42335
2781	2782
2781	2785
2781	42782
2782	2781
2782	2783
2782	42781
42782	2781
2783	2782
2783	2784
2783	37189
42781	2782
37189	2783
37189	9646
37189	37726
3210	2784
3210	3179
3210	3211
42783	2785
2791	2789
2791	2790
2791	3237
3242	2789
3242	2813
3242	3241
3237	2791
3237	3236
3237	3238
2792	2793
2792	2795
2792	2809
2793	2792
2793	2794
2793	2823
2795	2792
2795	2794
2795	2810
2795	21883
2794	2793
2794	2795
2794	2824
2823	2793
2823	2824
2823	21601
2823	21901
2824	2794
2824	2823
2824	2956
2824	21882
21883	2795
2796	2797
2796	2798
2796	2821
2797	2796
2797	2802
2797	2822
2798	2796
2798	2799
2798	2800
2821	2796
2821	2820
2821	2850
2802	2797
2802	2801
2802	2829
2822	2797
2822	2815
2822	2835
2799	2798
2801	2800
2801	2802
2801	40743
2829	2802
2829	2830
2829	37079
2804	2803
2804	2805
2804	2808
3071	2803
3071	3072
3071	10167
2805	2804
2805	2806
2808	2804
2806	2805
2806	2807
2807	2806
21602	2809
21590	2810
21590	21589
21590	21591
21590	21592
2812	2811
2812	2814
2812	3215
2812	21606
21605	2811
2814	2812
2814	2813
2814	3215
3215	2812
3215	2814
3215	3214
21606	2812
21606	21601
21606	21847
3216	2813
3216	3217
3216	3298
2815	2816
2815	2822
2815	2837
2816	2815
2816	2817
2816	2858
2837	2815
2837	2836
2837	37072
2817	2816
2817	2818
2817	2853
2858	2816
2858	2859
2858	3100
2818	2817
2818	2819
2818	2853
2853	2817
2853	2818
2853	2851
2819	2818
2819	2820
2819	2851
2820	2819
2820	2821
2820	2847
2851	2819
2851	2852
2851	2853
2847	2820
2847	2848
2847	2852
2850	2821
2850	2849
2850	39948
2835	2822
2835	2834
21601	2823
21601	2998
21601	21606
21601	21876
21901	2823
21901	2956
21901	2968
21901	2997
21882	2824
21882	2955
21882	21586
21882	21591
2956	2824
2956	2954
2956	2955
2956	21901
2825	2826
2825	2828
2825	21586
2826	2825
2826	2827
2826	2841
2828	2825
2828	2827
2828	5440
2827	2826
2827	2828
2827	2846
2827	5441
2841	2826
2841	2842
2841	2846
2841	2953
5441	2827
5441	5439
5441	5440
2846	2827
2846	2841
2846	2845
5440	2828
5440	2854
5440	5441
2830	2829
2830	2831
2830	2839
2831	2830
2831	2832
2831	2840
2839	2830
2839	2838
2839	2840
2832	2831
2832	2833
2832	2840
2840	2831
2840	2832
2840	2839
2833	2832
2833	2834
2833	2838
2834	2833
2834	2835
2834	2836
2838	2833
2838	2836
2838	2839
2836	2834
2836	2837
2836	2838
37072	2837
37072	37070
37072	37073
2842	2841
2842	2843
2842	5606
2953	2841
2953	2954
2953	2955
2953	21889
2843	2842
2843	2844
2843	5305
5606	2842
5606	5607
5606	21890
2844	2843
2844	2845
2844	5304
5305	2843
5305	5306
5305	5607
5305	5622
2845	2844
2845	2846
2845	5439
5304	2844
5304	2856
5304	5311
5304	5439
5439	2845
5439	5304
5439	5441
2848	2847
2848	2849
2848	2865
2852	2847
2852	2851
2852	2859
2849	2848
2849	2850
2849	2864
2865	2848
2865	2866
2865	2875
2864	2849
2864	2863
2864	2878
2864	39948
2859	2852
2859	2858
2859	2875
2855	2854
2855	2857
2855	5295
2856	2854
2856	2857
2856	5304
2857	2855
2857	2856
2857	5311
5311	2857
5311	5304
5311	5310
3100	2858
3100	3101
2875	2859
2875	2865
2875	3099
2860	2861
2860	2866
2860	42105
2861	2860
2861	2862
2861	2868
2861	2901
2866	2860
2866	2865
2866	34191
42105	2860
2862	2861
2862	2863
2862	2870
2868	2861
2868	2867
2868	3111
2901	2861
2901	2890
2901	2900
2863	2862
2863	2864
2863	36260
2870	2862
2870	2869
2870	2909
36260	2863
36260	2907
2878	2864
2878	2876
2878	2879
34191	2866
34191	34190
34191	34192
2867	2868
2867	2869
2867	2916
2869	2867
2869	2870
2869	2912
2916	2867
2916	2912
2916	2917
3111	2868
3111	2899
3111	2922
2912	2869
2912	2913
2912	2916
2909	2870
2909	2906
2909	2908
2871	2872
2871	2874
2871	2902
2872	2871
2872	2873
2872	14731
2872	40745
2874	2871
2874	2873
2874	2904
2902	2871
2902	2891
2902	2903
2873	2872
2873	2874
2873	9167
14731	2872
14731	14732
14731	14733
40745	2872
40745	2891
40745	3258
9167	2873
9167	3088
9167	9168
9167	14750
2904	2874
2904	2892
2904	2893
3099	2875
3099	3103
2876	2877
2876	2878
2876	2911
2877	2876
2877	2879
2877	2906
2911	2876
2911	2910
2911	37193
2879	2877
2879	2878
2879	2907
2906	2877
2906	2905
2906	2909
2907	2879
2907	2905
2907	36260
2880	2881
2880	2889
2880	35969
2881	2880
2881	2882
2881	23167
2889	2880
2889	2888
2889	38083
35969	2880
35969	35970
2882	2881
2882	2883
2882	23163
23167	2881
23167	23163
23167	35967
2883	2882
2883	2884
2883	23159
23163	2882
23163	23164
23163	23167
2884	2883
2884	2885
2884	23128
23159	2883
23159	23160
23159	23164
2885	2884
2885	2886
2885	23128
23128	2884
23128	2885
23128	23129
2886	2885
2886	2887
2886	23133
2887	2886
2887	2888
2887	23074
2887	23106
2887	23118
23133	2886
23133	23132
2888	2887
2888	2889
23074	2887
23074	23073
23074	23075
23106	2887
23106	23075
23106	23117
23118	2887
23118	23119
23118	23132
38083	2889
38083	23073
2890	2891
2890	2901
2890	3083
2890	37062
2891	2890
2891	2892
2891	2902
2891	40745
3083	2890
3083	3082
3083	3084
37062	2890
37062	36088
37062	37063
37062	37064
2892	2891
2892	2893
2892	2904
2893	2892
2893	2894
2893	2904
2894	2893
2894	2895
2894	2923
2895	2894
2895	2896
2895	2922
2923	2894
2923	2924
2923	9168
2896	2895
2896	2897
2896	2898
2922	2895
2922	2917
2922	3111
2897	2896
2897	2898
2898	2896
2898	2897
2898	2899
2899	2898
2899	2900
2899	3111
2900	2899
2900	2901
2903	2902
2905	2906
2905	2907
2905	42785
42785	2905
2908	2909
2908	2910
2908	2915
2910	2908
2910	2911
2910	2920
2915	2908
2915	2914
2920	2910
2920	2914
2920	2919
37193	2911
37193	37190
37193	37192
2913	2912
2913	2914
2913	2921
2914	2913
2914	2915
2914	2920
2921	2913
2917	2916
2917	2918
2917	2922
2918	2917
2918	2919
2918	2924
2919	2918
2919	2920
2924	2918
2924	2923
2924	37191
9168	2923
9168	3088
9168	9167
37191	2924
37191	37190
37191	37192
2927	2926
2927	2928
2930	43422
43422	2930
43422	43421
2936	2931
2936	2937
2936	2983
42941	2932
42941	42942
2933	2934
2933	2935
2933	2944
2944	2933
2944	2943
2944	2949
2941	2934
2941	2939
2941	2942
2941	2945
2941	2952
2943	2934
2943	2944
2943	2946
2943	2949
2947	2935
2947	2948
2947	2971
2937	2936
2937	2938
2937	2940
2983	2936
2983	2982
2983	40752
2940	2937
2940	2939
2940	2982
2942	2938
2942	2941
2939	2940
2939	2941
2939	2951
2951	2939
2951	2952
2951	2970
2982	2940
2982	2983
2982	2984
2982	3011
2982	3012
2945	2941
2945	2946
2945	2950
2952	2941
2952	2948
2952	2951
2952	2970
2946	2943
2946	2945
2946	2950
2949	2943
2949	2944
2949	2948
2949	2950
2950	2945
2950	2946
2950	2949
2948	2947
2948	2949
2948	2952
2948	2973
2971	2947
2971	2972
2971	2973
2971	2979
2973	2948
2973	2971
2973	2972
2973	2974
2970	2951
2970	2952
2970	2975
2970	2986
2954	2953
2954	2956
2954	2967
2954	2968
2955	2953
2955	2956
2955	21882
21889	2953
21889	2967
21889	21891
2967	2954
2967	2966
2967	21889
2968	2954
2968	2969
2968	2989
2968	21901
2958	2957
2958	2962
2958	2988
2959	2957
2959	2960
2959	2985
2962	2958
2962	2961
2962	2984
2988	2958
2988	2987
2988	3020
2960	2959
2960	2961
2961	2960
2961	2962
2961	2985
2984	2962
2984	2982
2984	3001
2963	2964
2963	2969
2963	36262
2964	2963
2964	2965
2964	2995
2964	3013
2969	2963
2969	2968
2969	2992
36262	2963
36262	2992
36262	36263
2965	2964
2965	2966
2965	3014
3013	2964
3013	3014
3013	3019
3013	21898
2995	2964
2995	2993
2995	2996
2995	3019
2966	2965
2966	2967
2966	21891
3014	2965
3014	3013
3014	21890
3014	21897
21891	2966
21891	21889
21891	21890
2989	2968
2989	2990
2989	2994
2989	2997
2992	2969
2992	2991
2992	36262
2986	2970
2986	2977
2986	2978
2975	2970
2975	2974
2975	2976
2975	2980
2972	2971
2972	2973
2972	2974
2972	2976
2979	2971
2979	2976
2979	2978
2979	2981
2974	2972
2974	2973
2974	2975
2976	2972
2976	2975
2976	2979
2976	2980
2980	2975
2980	2976
2980	2977
2977	2978
2977	2980
2977	2986
3012	2982
3012	3011
3012	4422
3012	40751
3001	2984
3001	3017
3001	3018
3021	2987
3021	3022
3021	42098
3020	2988
3020	3018
3020	3022
2990	2989
2990	2991
2990	2996
2994	2989
2994	2993
2994	2999
2994	3000
2997	2989
2997	2998
2997	21901
2991	2990
2991	2992
2991	36263
2996	2990
2996	2995
2996	36263
36263	2991
36263	2996
36263	36262
2993	2994
2993	2995
2993	3037
2993	3058
3037	2993
3037	3019
3037	21884
3058	2993
3058	2999
3058	21884
2999	2994
2999	2998
2999	3058
2999	21885
3000	2994
3019	2995
3019	3013
3019	3037
2998	2997
2998	2999
2998	21601
21885	2999
3017	3001
3017	3015
3017	3018
3018	3001
3018	3017
3018	3020
3018	3023
3003	3004
3003	3005
3003	33329
3003	33366
3003	33376
3004	3003
3004	3010
3004	32897
3004	33329
3005	3003
3005	3006
3005	33375
33366	3003
33366	33328
33366	33364
33366	33367
33329	3003
33329	3004
33329	33328
33376	3003
33376	33375
33376	33777
3010	3004
3010	3009
3010	32898
32897	3004
32897	32898
32897	32901
32897	33330
3006	3005
3006	3007
3006	33323
3006	42034
33375	3005
33375	33376
33375	33776
33375	42041
3007	3006
3007	3008
3007	33324
33323	3006
33323	33324
33323	42035
33323	43203
42034	3006
42034	42035
42034	42036
42034	42041
3008	3007
3008	3009
3008	42128
33324	3007
33324	33323
33324	42128
33324	43202
3009	3008
3009	3010
3009	42130
42128	3008
42128	33324
42128	42127
42128	42129
42130	3009
42130	32912
42130	42127
42130	42131
32898	3010
32898	19679
32898	32897
32898	32899
40751	3012
40751	4423
40751	40760
4422	3012
4422	4421
4422	4423
21898	3013
21890	3014
21890	5606
21890	21891
21897	3014
21897	5607
21897	21896
3015	3016
3015	3017
3015	3024
3024	3015
3024	3022
3024	3023
3036	3016
3036	3035
3036	42098
3023	3018
3023	3024
3022	3020
3022	3021
3022	3024
42098	3021
42098	3028
42098	3036
3041	3025
3041	3038
3041	3042
3026	3027
3026	3031
3026	3047
3026	3106
3027	3026
3027	3028
3027	40746
3031	3026
3031	3030
3031	3039
3031	3047
3047	3026
3047	3031
3047	3049
3106	3026
3106	3049
3106	3104
3028	3027
3028	3029
3028	42098
40746	3027
40746	3141
40746	10168
40746	40747
3029	3028
3029	3030
3029	3035
3030	3029
3030	3031
3030	3033
3035	3029
3035	3033
3035	3036
3033	3030
3033	3034
3033	3035
3039	3031
3039	3038
3039	3040
21884	3037
21884	3058
21884	21876
21884	21899
3040	3039
3040	3043
3040	3048
3043	3040
3043	3042
3043	3046
3048	3040
3048	3044
3048	3049
3048	3105
3042	3041
3042	3043
3042	4420
4420	3042
4420	4421
3046	3043
3046	3044
3046	3045
3044	3045
3044	3046
3044	3048
3045	3044
3045	3046
3045	3139
3139	3045
3139	3116
3139	3117
3139	3138
3049	3047
3049	3048
3049	3106
3105	3048
3105	3104
3105	3138
3105	3140
3051	3052
3051	3057
3052	3051
3052	3053
3052	12672
3057	3051
3057	3056
3057	12673
3053	3052
3053	3054
3053	40589
12672	3052
12672	12671
12672	42252
3054	3053
3054	3055
3054	40588
3054	41280
40589	3053
40589	40588
40589	40590
3055	3054
3055	3056
40588	3054
40588	7038
40588	40589
40588	41281
41280	3054
41280	41279
41280	41281
3056	3055
3056	3057
3056	40132
40132	3056
40132	40130
40132	41279
12673	3057
12673	12671
12673	40131
3059	3060
3059	3061
3059	3113
3060	3059
3060	3066
3060	21710
3060	21714
3061	3059
3061	3062
3061	3113
3113	3059
3113	3061
3113	21709
3066	3060
3066	3065
3066	3067
21714	3060
21714	21713
21714	21715
21710	3060
21710	21705
21710	21709
21710	21734
3062	3061
3062	3063
3062	21685
3062	21687
3063	3062
3063	3064
3063	21683
21685	3062
21685	21244
21685	21688
21685	21708
21687	3062
3064	3063
3064	3065
3064	21680
21683	3063
21683	21684
21683	21686
3065	3064
3065	3066
3065	21716
21680	3064
21680	21681
21680	21682
21716	3065
21716	21662
3067	3066
3068	3069
3068	3077
3068	10270
3069	3068
3069	3070
3069	3108
3069	35941
3077	3068
3077	3076
3077	10269
10270	3068
10270	10165
10270	10269
35941	3069
35941	3070
35941	35940
3108	3069
3108	3109
3108	3110
3072	3071
3072	3073
3072	3074
10167	3071
10167	3074
10167	10166
3073	3072
3074	3072
3074	3075
3074	10167
3075	3074
3075	3076
3075	10166
3076	3075
3076	3077
3076	14751
10166	3075
10166	10165
10166	10167
14751	3076
10269	3077
10269	10270
3079	3078
3079	10168
10168	3079
10168	10164
10168	40746
3080	3081
3080	3082
3080	3150
3082	3080
3082	3083
3082	3259
3259	3082
3259	3258
3259	3260
3084	3083
3084	3085
3084	25442
3085	3084
3085	3086
3085	3142
3142	3085
3142	3143
3142	25441
3087	3088
3087	3098
3087	41462
3088	3087
3088	3089
3088	9167
3088	9168
3098	3087
3098	3096
3098	41465
41462	3087
41462	25881
41462	41461
3089	3088
3089	3090
3089	14748
3090	3089
3090	3091
3090	9653
14748	3089
14748	14746
14748	14749
3091	3090
3091	3092
3091	40742
9653	3090
9653	3245
9653	9654
3092	3091
3092	3093
3092	9650
40742	3091
3093	3092
3093	3094
3093	9650
9650	3092
9650	3093
9650	9647
9650	9651
3094	3093
3094	3095
3094	20350
3095	3094
3095	3096
3095	20352
20350	3094
20350	20351
20350	37725
3096	3095
3096	3097
3096	3098
20352	3095
20352	20351
20352	25878
3097	3096
41465	3098
41465	25878
41465	41466
3103	3099
3103	3102
3103	3107
3101	3100
3101	3102
3101	37070
3102	3101
3102	3103
3102	3107
37070	3101
37070	37069
37070	37071
37070	37072
3107	3102
3107	3103
3107	37069
3104	3105
3104	3106
3104	3141
3141	3104
3141	3110
3141	40746
3138	3105
3138	3114
3138	3139
3138	3140
37069	3107
37069	37068
37069	37070
3110	3108
3110	3109
3110	3141
3110	40747
40747	3110
40747	10164
40747	40746
3117	3112
3117	3116
3117	3139
3117	4417
21709	3113
21709	21710
3116	3114
3116	3117
3116	3139
4417	3117
4417	4418
4417	4419
3118	3119
3118	3120
3118	24815
3118	25565
3119	3118
3119	3123
3119	24816
3120	3118
3120	3121
3120	25572
24815	3118
24815	24814
24815	25527
25565	3118
25565	25566
25565	25825
3123	3119
3123	3122
3123	24582
3123	24800
24816	3119
24816	24817
24816	25600
3121	3120
3121	3122
3121	25636
25572	3120
25572	25571
25572	25636
3122	3121
3122	3123
3122	25531
3122	25549
25636	3121
25636	25571
25636	25572
25636	25687
25531	3122
25531	25532
25531	25652
25531	25699
25549	3122
25549	25543
25549	25548
24800	3123
24800	11693
24800	24801
24800	24802
24582	3123
24582	24581
24582	24583
24582	25555
3124	3125
3124	3126
3124	5863
3124	5905
3125	3124
3125	3128
3125	5854
3126	3124
3126	3127
3126	5918
3126	41504
5863	3124
5863	5864
5863	5867
5863	5901
5905	3124
5905	5867
5905	5904
5905	5912
3128	3125
3128	3127
3128	5857
5854	3125
5854	5853
5854	5855
5854	5864
5854	5894
3127	3126
3127	3128
3127	5844
3127	5859
5918	3126
5918	5774
5918	5858
5918	41503
41504	3126
41504	5912
41504	41501
41504	41503
5844	3127
5844	5825
5844	5843
5844	5856
5859	3127
5859	5843
5859	5858
5857	3128
5857	5853
5857	5856
3129	3130
3129	3137
3129	9122
3129	9123
3130	3129
3130	3131
3130	9140
3137	3129
3137	3136
3137	9123
9122	3129
9122	9124
9122	9125
9122	36223
9123	3129
9123	3137
9123	9118
9123	9120
3131	3130
3131	3132
3131	9141
3131	9145
9140	3130
9140	9139
9140	9282
3132	3131
3132	3133
9141	3131
9141	9139
9141	9288
9145	3131
9145	9142
9145	9144
9145	9146
3133	3132
3133	3134
3133	9142
3134	3133
3134	3135
3134	9134
9142	3133
9142	9143
9142	9145
3135	3134
3135	3136
3135	9128
9134	3134
9134	9128
9134	9132
3136	3135
3136	3137
3136	9127
9128	3135
9128	9127
9128	9129
9128	9134
9127	3136
9127	9057
9127	9084
9127	9128
3143	3142
3143	3144
3143	25440
3143	35940
25441	3142
25441	25440
25441	25442
25440	3143
25440	25441
25440	25442
25440	35940
35940	3143
35940	25440
35940	35941
3145	3144
3145	3146
3147	3148
3147	3149
3147	25807
3148	3147
3148	3149
3148	27457
3149	3147
3149	3148
3149	25809
25807	3147
25807	25806
25807	25808
27457	3148
27457	27432
27457	27458
25809	3149
25809	25800
25809	27398
3256	3150
3256	3165
3256	3257
3256	3260
3151	3152
3151	3155
3151	4054
3152	3151
3152	3153
3152	21524
3155	3151
3155	3154
3155	3156
4054	3151
4054	3154
4054	4053
3153	3152
3153	3154
3153	4051
21524	3152
21524	21523
21524	21525
21524	21850
3154	3153
3154	3155
3154	4054
4051	3153
4051	4052
4051	21849
4051	21874
3156	3155
3157	3158
3157	3159
3157	27510
3158	3157
3158	3164
3158	27620
3159	3157
3159	3160
3159	36948
27510	3157
27510	27509
27510	27514
27510	27749
3164	3158
3164	3163
3164	27621
27620	3158
27620	27606
27620	27623
3160	3159
3160	3161
3160	38423
36948	3159
36948	27422
36948	38423
3161	3160
3161	3162
38423	3160
38423	36948
3162	3161
3162	3163
3163	3162
3163	3164
3163	27421
27421	3163
27421	27419
27421	27422
27621	3164
3257	3165
3257	3246
3257	3256
3257	3258
3166	3167
3166	3168
3166	3213
3168	3166
3168	3169
3168	3189
3213	3166
3213	3196
3182	3167
3182	3181
3182	3212
3169	3168
3169	3170
3169	3183
3189	3168
3189	3190
3189	3196
3170	3169
3170	3171
3170	3174
3183	3169
3183	3184
3183	3191
3171	3170
3171	3172
3171	3173
3174	3170
3174	3173
3174	3175
3172	3171
3173	3171
3173	3174
3175	3174
3175	3176
3175	3177
3176	3175
3177	3175
3177	3178
3177	3188
3179	3178
3179	3180
3179	3210
3180	3179
3180	3181
3180	3205
3181	3180
3181	3182
3181	3206
3205	3180
3205	3206
3205	3211
3206	3181
3206	3205
3206	3212
3184	3183
3184	3185
3184	3195
3191	3183
3191	3190
3185	3184
3185	3186
3195	3184
3195	3190
3195	3194
3186	3185
3186	3187
3187	3186
3187	3188
3187	35960
35960	3187
35959	3188
35959	25429
35959	35666
3190	3189
3190	3191
3190	3195
3196	3189
3196	3192
3196	3213
3227	3192
3227	3193
3227	3228
3227	9643
3209	3194
3209	3208
3209	35958
3197	3198
3197	3203
3197	3251
3198	3197
3198	3199
3198	3204
3198	3249
3203	3197
3203	3202
3203	14738
3251	3197
3251	3252
3251	14737
3199	3198
3199	3200
3199	3204
3199	3219
3204	3198
3204	3199
3204	3253
3204	35949
3249	3198
3249	3247
3249	3250
3200	3199
3200	3201
3219	3199
3219	3220
3219	3221
3219	3229
3201	3200
3201	3202
3201	3226
3202	3201
3202	3203
3202	40937
3226	3201
3226	3225
3226	35954
3226	40932
40937	3202
40937	40936
40937	41651
14738	3203
14738	14739
14738	14740
35949	3204
3211	3205
3211	3210
3211	9646
3208	3207
3208	3209
3208	35671
35671	3208
35671	35651
35671	35670
35958	3209
9646	3211
9646	9647
9646	37189
3214	3215
3214	3218
3214	21847
3218	3214
3218	3217
3218	21849
21847	3214
21847	21606
21847	21846
21847	21848
3217	3216
3217	3218
3217	3448
3298	3216
3298	3297
3298	3299
3298	3448
3448	3217
3448	3298
3448	3449
21849	3218
21849	4051
21849	21850
3220	3219
3221	3219
3221	3222
3221	3229
3229	3219
3229	3221
3229	3230
3222	3221
3222	3223
3222	3224
3223	3222
3224	3222
3224	3225
3224	3232
3225	3224
3225	3226
3225	35953
3225	35954
3232	3224
3232	3231
35953	3225
35953	35952
35953	35955
35954	3225
35954	3226
35954	35955
35954	37566
40932	3226
40932	37566
40932	40933
9643	3227
9643	9644
9643	37730
37729	3228
37729	9644
37729	41645
3230	3229
3230	3231
3230	35945
3231	3230
3231	3232
35945	3230
35945	35393
35945	35946
3233	3234
3233	3235
3233	3449
3234	3233
3234	3240
3234	21530
3235	3233
3235	3236
3235	3243
3449	3233
3449	3297
3449	3448
3449	21873
3240	3234
3240	3239
3240	21532
21530	3234
21530	21531
21530	27128
3236	3235
3236	3237
3236	3241
3243	3235
3243	3241
3243	3297
3241	3236
3241	3242
3241	3243
3241	3299
3238	3237
3238	3239
3238	21585
3239	3238
3239	3240
3239	21533
21585	3238
21585	21535
21585	21537
21533	3239
21533	21532
21533	21534
21532	3240
21532	21533
3299	3241
3299	3298
3299	3903
3297	3243
3297	3298
3297	3449
3244	3245
3244	9652
3245	3244
3245	9653
9652	3244
9652	9651
3252	3246
3252	3251
3252	14735
3248	3247
3250	3249
14737	3251
14735	3252
14735	14733
14735	14736
35950	3253
36971	3254
36971	36968
35943	3255
35943	35440
35943	36968
3260	3256
3260	3259
3258	3257
3258	3259
3258	40745
3262	3261
3262	3264
3262	5811
20839	3261
20839	5811
20839	20840
20839	21193
3264	3262
3264	3263
3264	5810
3264	21184
5811	3262
5811	5810
5811	20839
5811	21196
21184	3263
21184	3264
21184	21106
5810	3264
5810	5811
5810	21183
5810	21196
3265	3266
3265	3268
3265	21895
3265	22095
3268	3265
3268	3267
3268	21893
3268	42870
21895	3265
21895	21894
21895	21899
21895	22096
22095	3265
3267	3266
3267	3268
3267	3972
3267	40593
3972	3267
3972	3971
3972	21915
3972	22094
40593	3267
40593	21918
40593	42867
40593	42870
21893	3268
21893	5624
21893	21894
42870	3268
42870	40593
42870	42876
3272	3271
3272	3273
3272	117629
3888	3271
3888	3887
3888	3922
3273	3272
3273	3274
117629	3272
117629	112203
3274	3273
3274	3275
3274	115072
3275	3274
3275	3276
3275	3278
115072	3274
115072	115068
115072	115070
3278	3275
3278	3277
3278	115632
3277	3276
3277	3278
3277	3293
3277	117221
3293	3277
3293	3286
3293	3290
3293	115648
117221	3277
117221	115660
117221	140358
115632	3278
115632	115282
115632	115633
115632	115637
3279	3280
3279	3281
3279	3284
3280	3279
3280	3283
3280	3284
3281	3279
3281	3282
3281	3286
3281	117135
3284	3279
3284	3280
3284	3285
3284	3314
3283	3280
3283	3282
3283	3288
3282	3281
3282	3283
3282	3289
3282	117187
3286	3281
3286	3285
3286	3293
3286	117136
117135	3281
117135	117133
117135	117136
117135	117186
3289	3282
3289	3287
3289	37201
3289	117183
117187	3282
117187	117127
117187	117128
117187	117186
3288	3283
3288	3287
3288	3312
3314	3284
3314	3313
3314	3317
3314	3319
117136	3286
117136	115526
117136	115648
117136	117135
3287	3288
3287	3289
3287	3312
3287	3315
3312	3287
3312	3288
3312	3313
3315	3287
3315	3316
3315	3318
37201	3289
37201	37202
37201	117210
117183	3289
117183	117128
117183	117182
117183	117189
3296	3291
3296	3295
3296	3338
3296	3340
115648	3293
115648	115525
115648	117136
115648	127340
4080	3295
4080	4081
4080	4093
3340	3296
3340	3339
3340	4093
3340	36261
3903	3299
3300	3301
3300	3311
3300	36116
3301	3300
3301	3302
3301	24124
3301	24125
3311	3300
3311	3310
3311	26163
3311	26164
36116	3300
36116	36117
36116	36626
3302	3301
3302	3303
3302	3304
24124	3301
24124	3304
24124	24123
24125	3301
24125	24121
24125	36136
3303	3302
3304	3302
3304	3305
3304	24124
3305	3304
3305	3306
3305	24063
3305	36114
3306	3305
3306	3307
3306	24062
24063	3305
24063	24062
24063	24064
36114	3305
36114	36113
36114	36115
36114	36138
3307	3306
3307	3308
3307	24024
24062	3306
24062	24061
24062	24063
3308	3307
3308	3309
3308	24023
24024	3307
24024	24023
24024	24025
3309	3308
3309	3310
3309	24022
24023	3308
24023	24024
3310	3309
3310	3311
3310	26102
3310	26156
24022	3309
24022	24050
24022	24051
24022	26103
26102	3310
26102	26103
26102	26156
26156	3310
26156	26102
26156	26155
26163	3311
26163	26164
26163	36615
26163	36626
26164	3311
26164	26161
26164	26163
26164	26284
3313	3312
3313	3314
3313	3318
3318	3313
3318	3315
3317	3314
3317	3316
3317	3348
3316	3315
3316	3317
3316	3345
3316	3376
3345	3316
3345	3341
3345	3344
3345	3348
3376	3316
3376	3377
3376	37200
3348	3317
3348	3345
3348	3346
3320	3321
3320	3322
3320	3412
3321	3320
3321	3324
3321	3413
3321	3415
3322	3320
3322	3323
3322	3392
3412	3320
3412	3396
3412	3417
3324	3321
3324	3323
3324	3386
3324	3405
3413	3321
3413	3405
3413	3414
3413	3416
3415	3321
3415	3416
3415	3417
3415	3430
3323	3322
3323	3324
3323	3397
3392	3322
3392	3391
3392	3394
3392	3396
3397	3323
3397	3385
3397	3394
3386	3324
3386	3385
3386	3388
3386	3390
3405	3324
3405	3390
3405	3408
3405	3413
3325	3326
3325	3336
3325	43421
3326	3325
3326	3327
3326	43420
3336	3325
3336	3335
3336	3337
3336	38735
43421	3325
43421	12969
43421	43422
3327	3326
3327	3328
3327	43419
43420	3326
3328	3327
3328	3329
3328	3332
3328	13041
43419	3327
3329	3328
3329	3330
3329	3331
3332	3328
3332	3333
3332	31945
13041	3328
13041	13042
3330	3329
3331	3329
3333	3332
3333	3334
3333	31508
31945	3332
31945	31499
31945	31947
3334	3333
3334	3335
3334	31692
31508	3333
31508	31264
31508	31507
31508	31509
3335	3334
3335	3336
3335	31673
31692	3334
31692	31264
31692	31691
31673	3335
31673	20547
31673	31672
3337	3336
38735	3336
3347	3339
3347	3343
3347	3346
36261	3339
36261	3340
36261	3363
4093	3340
4093	3371
4093	4080
4093	4094
3341	3342
3341	3345
3341	3374
3342	3341
3342	3343
3342	3365
3374	3341
3374	3366
3374	3375
3343	3342
3343	3344
3343	3347
3365	3342
3365	3364
3365	3366
3344	3343
3344	3345
3344	3346
3346	3344
3346	3347
3346	3348
3349	3350
3349	3351
3349	3355
3350	3349
3350	3370
3350	3435
3351	3349
3351	3352
3351	3354
3355	3349
3355	3356
3370	3350
3370	3369
3435	3350
3435	3433
3435	4127
3352	3351
3352	3353
3354	3351
3353	3352
3356	3355
3356	3357
3356	4126
3357	3356
3357	3358
4126	3356
4126	3358
4126	4127
3358	3357
3358	3359
3358	4126
3359	3358
3359	3360
3359	4128
3359	4129
3360	3359
3360	3361
3360	4103
4128	3359
4128	4127
4128	4133
4128	4135
4129	3359
4129	4103
4129	4131
4129	4134
3361	3360
3361	3362
3361	3371
3361	4101
4103	3360
4103	4102
4103	4129
4103	4130
3362	3361
3362	3363
3362	3373
3371	3361
3371	3372
3371	4093
3371	4097
4101	3361
4101	4098
4101	4105
3363	3362
3363	3364
3363	36261
3373	3362
3373	3372
3364	3363
3364	3365
3366	3365
3366	3367
3366	3374
3366	3420
3367	3366
3367	3368
3367	3420
3420	3366
3420	3367
3420	3375
3368	3367
3368	3369
3368	3419
3369	3368
3369	3370
3369	3399
3369	3421
3369	3432
3419	3368
3419	3375
3419	3399
3419	3401
3399	3369
3399	3398
3399	3400
3399	3419
3421	3369
3421	3398
3421	3428
3372	3371
3372	3373
4097	3371
4097	4094
4097	4100
3375	3374
3375	3377
3375	3419
3375	3420
3377	3375
3377	3376
3377	3401
37200	3376
3401	3377
3401	3400
3401	3402
3401	3419
3378	3379
3378	3381
3378	37209
3379	3378
3379	3380
3379	3442
3379	3461
3381	3378
3381	3380
3381	3384
3381	117285
37209	3378
37209	37207
37209	117337
3380	3379
3380	3381
3380	3382
3380	3441
3442	3379
3442	3441
3442	3460
3461	3379
3461	3458
3461	3460
3461	37208
3382	3380
3382	3383
3382	3437
3384	3381
3384	3383
3384	3409
117285	3381
117285	117276
117285	117284
117285	117312
3383	3382
3383	3384
3383	3410
3383	3436
3437	3382
3437	3436
3437	3439
3410	3383
3410	3407
3410	3409
3410	3411
3436	3383
3436	3411
3436	3437
3436	3438
3409	3384
3409	3406
3409	3410
3385	3386
3385	3387
3385	3397
3387	3385
3387	3388
3387	37206
3387	117336
3388	3386
3388	3387
3388	3389
3390	3386
3390	3389
3390	3405
3390	3407
37206	3387
37206	37205
117336	3387
117336	117272
117336	117335
3389	3388
3389	3390
3389	3406
3406	3389
3406	3407
3406	3409
3407	3390
3407	3406
3407	3408
3407	3410
3391	3392
3391	3393
3391	3395
3391	3404
3393	3391
3393	3394
3393	37195
3395	3391
3395	3396
3395	3398
3395	3400
3404	3391
3404	3400
3404	3403
3394	3392
3394	3393
3394	3397
3394	37194
3396	3392
3396	3395
3396	3412
3396	3426
37195	3393
37194	3394
3398	3395
3398	3399
3398	3421
3398	3426
3400	3395
3400	3399
3400	3401
3400	3404
3426	3396
3426	3398
3426	3427
3426	3428
3402	3401
3402	3403
3402	37197
3403	3402
3403	3404
3403	37196
37197	3402
37197	37198
37197	37199
37196	3403
3408	3405
3408	3407
3408	3411
3408	3414
3411	3408
3411	3410
3411	3436
3411	3440
3414	3408
3414	3413
3414	3418
3414	3440
3440	3411
3440	3414
3440	3438
3440	3450
3417	3412
3417	3415
3417	3427
3416	3413
3416	3415
3416	3418
3416	3431
3418	3414
3418	3416
3418	3450
3418	3474
3427	3417
3427	3426
3427	3429
3427	3430
3450	3418
3450	3440
3450	3451
3450	3454
3474	3418
3474	3431
3474	3454
3474	3475
3428	3421
3428	3426
3428	3429
3422	3423
3422	3424
3422	4178
3422	4190
3423	3422
3423	3425
3423	4189
3423	4191
3424	3422
3424	3425
3424	3480
3424	4184
4178	3422
4178	3480
4178	4181
4178	4183
4190	3422
4190	4183
4190	4191
4190	4206
3425	3423
3425	3424
3425	4185
3425	4186
4189	3423
4189	4188
4189	4191
4191	3423
4191	4189
4191	4190
4184	3424
4184	3482
4184	3483
4185	3425
4185	3496
4186	3425
4186	3497
4186	3506
4186	4187
3429	3427
3429	3428
3429	3432
3434	3432
3434	3433
3434	3481
3433	3434
3433	3435
3433	4132
4132	3433
4132	4133
4132	4144
4132	4173
4127	3435
4127	4126
4127	4128
4127	4133
3438	3436
3438	3439
3438	3440
3438	3451
3460	3442
3460	3461
3460	3462
3460	3465
3443	3444
3443	3447
3443	27554
3444	3443
3444	3445
3444	27557
3444	40643
3447	3443
3447	3446
3447	27546
27554	3443
27554	27553
27554	27556
27554	27557
3445	3444
3445	3446
3445	25814
3445	27585
27557	3444
27557	27554
27557	40644
40643	3444
3446	3445
3446	3447
3446	25823
25814	3445
25814	25815
25814	27548
27585	3445
27585	27548
27585	27586
25823	3446
25823	25822
25823	27546
27546	3447
27546	25823
27546	25936
27546	27553
21873	3449
21873	4046
21873	21874
3454	3450
3454	3453
3454	3474
3454	3476
3453	3451
3453	3452
3453	3454
3453	3478
3478	3453
3478	3477
3478	3484
3476	3454
3476	3475
3476	3477
3476	3483
3455	3456
3455	3459
3455	3463
3455	117558
3456	3455
3456	3457
3456	3464
3456	3467
3459	3455
3459	3458
3459	37207
3459	117332
3463	3455
3463	3464
3463	3523
3463	117559
117558	3455
117558	117333
117558	117559
3457	3456
3457	3458
3457	3462
3464	3456
3464	3463
3464	3524
3467	3456
3467	3468
3467	3525
3458	3457
3458	3459
3458	3461
3462	3457
3462	3460
3462	3466
3462	3468
37207	3459
37207	37209
117332	3459
117332	117330
117332	117333
117332	117338
37208	3461
3466	3462
3466	3465
3466	3469
3466	3472
3468	3462
3468	3467
3468	3471
3468	3485
3523	3463
3523	3524
3523	3526
3523	117560
117559	3463
117559	117480
117559	117558
117559	117560
3524	3464
3524	3523
3524	3525
3524	3527
3472	3466
3472	3471
3472	3473
3525	3467
3525	3491
3525	3524
3471	3468
3471	3472
3471	3486
3485	3468
3485	3486
3485	3491
3473	3470
3473	3472
3473	3487
3473	3493
3494	3470
3494	3493
3494	3498
3494	3503
3486	3471
3486	3485
3486	3487
3486	3490
3487	3473
3487	3486
3487	3488
3493	3473
3493	3492
3493	3494
3493	3502
3477	3476
3477	3478
3477	3495
3483	3476
3483	3482
3483	3496
3483	4184
3495	3477
3495	3496
3482	3479
3482	3483
3482	4184
3496	3483
3496	3495
3496	3497
3496	4185
3497	3484
3497	3496
3497	3504
3497	4186
3491	3485
3491	3490
3491	3525
3491	3530
3490	3486
3490	3489
3490	3491
3490	3532
3488	3487
3488	3489
3488	3492
3489	3488
3489	3490
3489	3534
3492	3488
3492	3493
3492	3499
3492	3570
3534	3489
3534	3535
3534	3570
3532	3490
3532	3530
3532	3533
3532	3535
3530	3491
3530	3527
3530	3531
3530	3532
3499	3492
3499	3500
3499	3571
3570	3492
3570	3534
3570	3571
3502	3493
3502	3501
3502	3503
3503	3494
3503	3502
3503	3504
3503	3505
3504	3497
3504	3498
3504	3503
3504	3506
3500	3499
3500	3501
3500	3574
3571	3499
3571	3539
3571	3570
3571	3572
3501	3500
3501	3502
3501	3505
3574	3500
3574	3573
3574	3590
3574	3592
3505	3501
3505	3503
3505	3506
3505	3592
3505	4541
3506	3504
3506	3505
3506	4186
3506	4541
3592	3505
3592	3574
3592	3591
3592	4208
4541	3505
4541	3506
4541	4187
4541	4208
3507	3508
3507	3513
3507	3710
3507	117609
3508	3507
3508	3509
3508	37210
3513	3507
3513	3512
3513	117605
3710	3507
3710	3709
3710	3711
3710	117608
117609	3507
117609	117583
117609	117604
3509	3508
3509	3510
3509	3682
37210	3508
3510	3509
3510	3511
3510	3677
3682	3509
3682	3681
3682	3697
3511	3510
3511	3512
3511	3618
3677	3510
3677	3618
3677	3678
3512	3511
3512	3513
3512	3514
3512	117590
3512	117591
3618	3511
3618	3619
3618	3677
3514	3512
3514	3515
3514	3522
3514	117547
117590	3512
117590	117577
117590	117591
117591	3512
117591	117523
117591	117590
117605	3513
117605	117604
3515	3514
3515	3516
3515	3617
3522	3514
3522	3521
3522	117547
117547	3514
117547	3522
117547	117544
3516	3515
3516	3517
3516	3602
3516	3607
3617	3515
3617	3607
3617	3621
3517	3516
3517	3518
3602	3516
3602	3599
3602	3601
3607	3516
3607	3604
3607	3617
3518	3517
3518	3519
3518	3553
3518	3601
3519	3518
3519	3520
3519	3544
3519	3549
3553	3518
3553	3554
3553	3596
3553	3597
3601	3518
3601	3600
3601	3602
3520	3519
3520	3521
3520	3540
3520	117540
3520	117563
3544	3519
3544	3541
3544	3547
3549	3519
3549	3550
3549	3554
3521	3520
3521	3522
3521	117543
3540	3520
3540	3541
3540	3543
117563	3520
117563	3543
117563	117490
117563	117491
117563	117540
117563	117562
117540	3520
117540	117539
117540	117563
117543	3521
117543	117539
117543	117544
3526	3523
3526	3527
3526	3528
3526	117561
117560	3523
117560	117481
117560	117559
117560	117561
3527	3524
3527	3526
3527	3529
3527	3530
3528	3526
3528	3529
3528	3543
3528	117564
117561	3526
117561	117482
117561	117560
117561	117564
3529	3527
3529	3528
3529	3531
3529	3538
3543	3528
3543	3540
3543	3542
3543	117563
117564	3528
117564	117561
117564	117562
3531	3529
3531	3530
3531	3533
3531	3536
3538	3529
3538	3536
3538	3542
3538	3545
3533	3531
3533	3532
3533	3537
3533	3539
3536	3531
3536	3537
3536	3538
3536	3546
3535	3532
3535	3534
3535	3539
3537	3533
3537	3536
3537	3555
3537	3557
3539	3533
3539	3535
3539	3556
3539	3571
3546	3536
3546	3545
3546	3548
3546	3555
3555	3537
3555	3546
3555	3558
3555	3559
3557	3537
3557	3556
3557	3558
3542	3538
3542	3541
3542	3543
3545	3538
3545	3541
3545	3546
3545	3547
3556	3539
3556	3557
3556	3572
3541	3540
3541	3542
3541	3544
3541	3545
3547	3544
3547	3545
3547	3548
3547	3550
3548	3546
3548	3547
3548	3552
3548	3559
3550	3547
3550	3549
3550	3551
3550	3554
3552	3548
3552	3551
3552	3560
3552	3563
3559	3548
3559	3555
3559	3561
3559	3564
3554	3549
3554	3550
3554	3553
3554	3562
3551	3550
3551	3552
3551	3563
3563	3551
3563	3552
3563	3562
3563	3565
3560	3552
3560	3561
3560	3565
3596	3553
3596	3562
3596	3595
3597	3553
3597	3594
3597	3603
3562	3554
3562	3563
3562	3565
3562	3596
3562	3610
3558	3555
3558	3557
3558	3564
3572	3556
3572	3571
3572	3573
3572	3575
3564	3558
3564	3559
3564	3567
3564	3575
3561	3559
3561	3560
3561	3566
3561	3568
3565	3560
3565	3562
3565	3563
3565	3569
3566	3561
3566	3567
3566	3577
3568	3561
3568	3569
3568	3577
3610	3562
3610	3569
3610	3611
3610	3616
3567	3564
3567	3566
3567	3576
3567	3578
3575	3564
3575	3572
3575	3576
3575	3586
3569	3565
3569	3568
3569	3580
3569	3610
3577	3566
3577	3568
3577	3580
3576	3567
3576	3575
3576	3581
3576	3584
3578	3567
3578	3579
3578	3581
3578	3638
3580	3569
3580	3577
3580	3579
3580	3616
3573	3572
3573	3574
3573	3587
3587	3573
3587	3586
3587	3588
3590	3574
3590	3589
3590	3591
3590	3658
3586	3575
3586	3585
3586	3587
3581	3576
3581	3578
3581	3582
3584	3576
3584	3583
3584	3585
3584	3656
3579	3578
3579	3580
3579	3631
3579	3640
3638	3578
3638	3637
3638	3639
3631	3579
3631	3616
3631	3632
3631	3636
3640	3579
3640	3639
3640	3641
3640	3649
3616	3580
3616	3610
3616	3615
3616	3631
3582	3581
3582	3583
3582	3637
3583	3582
3583	3584
3583	3648
3583	3655
3637	3582
3637	3638
3637	3644
3637	3647
3648	3583
3648	3647
3648	3660
3655	3583
3655	3656
3655	3662
3585	3584
3585	3586
3585	3593
3656	3584
3656	3655
3656	3657
3593	3585
3593	3588
3593	3659
3588	3587
3588	3589
3588	3593
3589	3588
3589	3590
3589	3659
3659	3589
3659	3593
3591	3590
3591	3592
3591	4540
3591	4546
3658	3590
3658	3657
3658	4540
4540	3591
4540	3658
4540	4548
4540	4551
4546	3591
4546	4547
4546	4551
4208	3592
4208	4188
4208	4209
4208	4541
4208	4545
4208	4547
3594	3595
3594	3597
3594	3598
3595	3594
3595	3596
3595	3609
3595	3611
3598	3594
3598	3599
3598	3600
3598	3603
3609	3595
3609	3608
3609	3612
3611	3595
3611	3610
3611	3612
3603	3597
3603	3598
3603	3600
3599	3598
3599	3602
3599	3606
3599	3608
3600	3598
3600	3601
3600	3603
3606	3599
3606	3605
3606	3622
3608	3599
3608	3609
3608	3623
3604	3605
3604	3607
3604	3626
3605	3604
3605	3606
3605	3624
3626	3604
3626	3624
3626	3625
3624	3605
3624	3622
3624	3626
3622	3606
3622	3623
3622	3624
3622	3627
3623	3608
3623	3613
3623	3622
3623	3629
3612	3609
3612	3611
3612	3613
3613	3612
3613	3614
3613	3623
3614	3613
3614	3615
3614	3628
3614	3633
3615	3614
3615	3616
3615	3632
3628	3614
3628	3629
3628	3763
3633	3614
3633	3632
3633	3634
3632	3615
3632	3631
3632	3633
3632	3635
3621	3617
3621	3620
3621	3625
3621	3689
3619	3618
3619	3620
3619	3680
3620	3619
3620	3621
3620	3687
3680	3619
3680	3679
3680	3688
3687	3620
3687	3686
3687	3689
3625	3621
3625	3626
3625	3627
3689	3621
3689	3686
3689	3687
3627	3622
3627	3625
3627	3630
3629	3623
3629	3628
3629	3630
3630	3627
3630	3629
3630	3757
3630	3765
3630	3775
3630	3777
3763	3628
3763	3634
3763	3765
3757	3630
3757	3756
3757	3778
3775	3630
3775	3776
3775	3807
3775	3808
3765	3630
3765	3763
3765	3764
3777	3630
3777	3772
3777	3778
3636	3631
3636	3635
3636	3643
3635	3632
3635	3634
3635	3636
3634	3633
3634	3635
3634	3664
3634	3763
3664	3634
3664	3665
3664	3666
3643	3636
3643	3642
3643	3665
3644	3637
3644	3639
3644	3645
3644	3649
3647	3637
3647	3646
3647	3648
3639	3638
3639	3640
3639	3644
3641	3640
3641	3642
3641	3653
3649	3640
3649	3644
3649	3653
3642	3641
3642	3643
3642	3668
3653	3641
3653	3649
3653	3654
3668	3642
3668	3654
3668	3667
3665	3643
3665	3664
3665	3669
3645	3644
3645	3646
3645	3652
3646	3645
3646	3647
3646	3663
3646	3673
3652	3645
3652	3650
3652	3673
3663	3646
3663	3660
3663	3675
3663	4607
3673	3646
3673	3652
3673	3676
3660	3648
3660	3661
3660	3663
3650	3651
3650	3652
3650	3676
3651	3650
3651	3654
3651	3671
3676	3650
3676	3673
3676	3674
3654	3651
3654	3653
3654	3668
3654	3670
3671	3651
3671	3672
3671	3674
3671	3798
3670	3654
3670	3667
3670	3672
3670	3784
3662	3655
3662	3661
3662	4539
3662	4553
3657	3656
3657	3658
3657	4539
4539	3657
4539	3662
4539	4548
3661	3660
3661	3662
3661	4566
4566	3661
4566	4567
4566	37228
4553	3662
4553	4548
4553	4554
4553	4565
3675	3663
3675	3674
3675	4606
3675	4610
4607	3663
4607	4562
4607	4567
3666	3664
3666	3667
3666	3764
3666	3783
3666	3786
3669	3665
3667	3666
3667	3668
3667	3670
3764	3666
3764	3765
3764	3776
3764	3786
3783	3666
3783	3784
3783	3787
3786	3666
3786	3764
3786	3787
3786	3793
3672	3670
3672	3671
3672	3785
3672	3799
3784	3670
3784	3783
3784	3785
3784	3792
3674	3671
3674	3675
3674	3676
3674	3798
3798	3671
3798	3674
3798	3799
3798	4610
3785	3672
3785	3784
3785	3792
3785	3802
3799	3672
3799	3798
3799	3801
4606	3675
4606	4562
4606	4608
4606	4612
4610	3675
4610	3798
4610	4611
4610	4621
3678	3677
3678	3679
3678	3681
3679	3678
3679	3680
3679	3693
3681	3678
3681	3682
3681	3696
3693	3679
3693	3694
3688	3680
3688	3684
3688	3692
3696	3681
3696	3694
3696	3697
3697	3682
3697	3696
3697	3698
3683	3684
3683	3685
3683	3780
3684	3683
3684	3688
3684	3738
3685	3683
3685	3686
3685	3756
3780	3683
3780	3779
3780	3781
3738	3684
3738	3737
3738	3782
3686	3685
3686	3687
3686	3689
3756	3685
3756	3757
3756	3779
3692	3688
3692	3691
3692	3733
3690	3691
3690	3695
3690	3707
3691	3690
3691	3692
3691	3727
3695	3690
3695	3694
3695	3699
3707	3690
3707	3706
3707	3708
3727	3691
3727	3715
3727	3728
3727	3732
3733	3692
3733	3732
3733	3739
3694	3693
3694	3695
3694	3696
3699	3695
3699	3698
3699	3708
3698	3697
3698	3699
3698	3709
3709	3698
3709	3708
3709	3710
3708	3699
3708	3707
3708	3709
3700	3701
3700	3703
3700	24468
3701	3700
3701	3702
3701	11903
3703	3700
3703	3702
3703	3704
3703	3718
24468	3700
3702	3701
3702	3703
3702	3717
3702	4604
11903	3701
11903	11901
11903	11902
3717	3702
3717	3718
3717	3729
4604	3702
4604	4605
4604	11902
3704	3703
3718	3703
3718	3717
3718	3731
3705	3706
3705	3713
3705	3716
3706	3705
3706	3707
3706	3715
3713	3705
3713	3711
3713	3712
3716	3705
3716	3714
3716	3724
3716	117624
3716	117626
3715	3706
3715	3714
3715	3727
3711	3710
3711	3712
3711	3713
117608	3710
117608	117583
117608	117607
3712	3711
3712	3713
3714	3715
3714	3716
3714	3723
3723	3714
3723	3722
3723	3728
3724	3716
3724	3725
3724	37220
117624	3716
117624	117618
117624	117625
117626	3716
117626	117627
117626	117628
3729	3717
3729	3730
3731	3718
3731	3730
3731	24469
3731	24545
3719	3720
3719	3721
3719	3744
3720	3719
3720	3726
3720	3749
3720	3750
3721	3719
3721	3722
3744	3719
3744	3743
3744	7523
3726	3720
3726	3725
3726	37221
3749	3720
3749	3748
3749	3751
3749	3753
3750	3720
3750	3748
3750	7519
3750	37216
3722	3721
3722	3723
3722	3741
3741	3722
3741	3742
3741	3743
3728	3723
3728	3727
3728	3735
3725	3724
3725	3726
3725	37218
37220	3724
37220	37212
37220	117628
37218	3725
37218	37216
37218	37219
37221	3726
3732	3727
3732	3733
3732	3734
3735	3728
3735	3734
3735	3742
3735	3845
3730	3729
3730	3731
3730	4605
4605	3730
4605	4604
4605	24550
4605	24551
24469	3731
24469	24405
24469	24470
24545	3731
24545	24470
24545	24560
3734	3732
3734	3735
3734	3740
3734	3835
3739	3733
3739	3736
3739	3740
3740	3734
3740	3736
3740	3739
3835	3734
3835	3836
3835	3843
3742	3735
3742	3741
3742	3755
3845	3735
3845	3755
3845	3844
3736	3737
3736	3739
3736	3740
3737	3736
3737	3738
3737	3833
3833	3737
3833	3834
3833	3836
3782	3738
3782	3781
3782	3815
3782	3834
3743	3741
3743	3744
3743	3754
3743	7522
3755	3742
3755	3747
3755	3845
3754	3743
3754	3746
3754	7524
3754	7551
7522	3743
7522	7523
7522	7524
7523	3744
7523	3753
7523	7522
7523	7536
3745	3746
3745	3747
3745	3847
3746	3745
3746	3747
3746	3754
3746	7547
3747	3745
3747	3746
3747	3755
3847	3745
3847	3848
3847	3849
3847	3856
7547	3746
7547	7548
7547	7551
3748	3749
3748	3750
3748	7518
7518	3748
3753	3749
3753	3752
3753	7523
3751	3749
3751	3752
3751	7517
3751	7539
7519	3750
7519	7520
37216	3750
37216	37217
37216	37218
3752	3751
3752	3753
3752	7538
7517	3751
7517	7521
7517	7558
7539	3751
7539	7540
7539	7541
7538	3752
7524	3754
7524	7522
7524	7536
7524	7553
7551	3754
7551	7547
7551	7552
3779	3756
3779	3778
3779	3780
3778	3757
3778	3773
3778	3777
3778	3779
3758	3759
3758	3760
3758	14964
3758	14968
3759	3758
3759	3762
3759	14969
3760	3758
3760	3761
3760	14963
14964	3758
14964	14936
14964	14963
14968	3758
14968	14969
3762	3759
3762	3761
3762	14908
14969	3759
14969	14966
14969	14968
3761	3760
3761	3762
14963	3760
14963	14933
14963	14964
14908	3762
14908	14907
14908	14909
3776	3764
3776	3775
3776	3794
3776	3807
3766	3767
3766	3768
3766	33095
3767	3766
3767	3768
3767	33097
3768	3766
3768	3767
3768	33124
33095	3766
33095	33096
33095	33125
33097	3767
33097	33098
33097	33124
33124	3768
33124	33097
33124	33122
33124	33314
3769	3770
3769	3774
3769	3820
3770	3769
3770	3771
3770	3821
3774	3769
3774	3773
3774	3781
3820	3769
3820	3781
3820	3814
3771	3770
3771	3772
3771	3821
3821	3770
3821	3771
3821	3813
3772	3771
3772	3773
3772	3777
3773	3772
3773	3774
3773	3778
3781	3774
3781	3780
3781	3782
3781	3820
3807	3775
3807	3776
3807	3805
3807	3817
3808	3775
3808	3806
3808	37224
3794	3776
3794	3793
3794	3795
3834	3782
3834	3833
3834	3838
3815	3782
3815	3810
3815	3814
3787	3783
3787	3786
3787	3793
3792	3784
3792	3785
3792	3791
3802	3785
3802	3797
3802	3800
3793	3786
3793	3787
3793	3794
3788	3789
3788	3795
3788	3819
3788	3822
3788	3823
3789	3788
3789	3790
3789	3796
3795	3788
3795	3794
3795	3822
3819	3788
3819	3811
3819	3816
3819	3841
3822	3788
3822	3795
3822	3817
3823	3788
3823	3824
3823	3841
3790	3789
3790	3791
3790	3796
3796	3789
3796	3790
3796	3797
3796	3803
3796	3824
3796	3826
3791	3790
3791	3792
3791	3797
3797	3791
3797	3796
3797	3802
3803	3796
3803	3804
3803	3829
3824	3796
3824	3823
3824	3825
3824	3864
3826	3796
3826	3825
3826	3828
3801	3799
3801	3800
3801	4620
3800	3801
3800	3802
3800	3804
3804	3800
3804	3803
3804	3830
4620	3801
4620	3830
4620	4621
4620	4635
3829	3803
3829	3827
3829	3830
3830	3804
3830	3829
3830	3832
3830	4620
3805	3806
3805	3807
3805	3816
3806	3805
3806	3808
3806	3818
3816	3805
3816	3817
3816	3818
3816	3819
3818	3806
3818	3812
3818	3816
3817	3807
3817	3816
3817	3822
37224	3808
3809	3810
3809	3811
3809	3860
3810	3809
3810	3815
3810	3837
3810	3867
3811	3809
3811	3812
3811	3819
3811	3842
3860	3809
3860	3857
3860	3867
3837	3810
3837	3838
3837	3850
3837	3855
3867	3810
3867	3855
3867	3860
3812	3811
3812	3813
3812	3818
3842	3811
3842	3841
3842	3859
3842	3866
3813	3812
3813	3814
3813	3821
3814	3813
3814	3815
3814	3820
3841	3819
3841	3823
3841	3842
3841	3864
3825	3824
3825	3826
3825	3861
3864	3824
3864	3841
3864	3861
3864	3865
3861	3825
3861	3862
3861	3864
3828	3826
3828	3827
3828	3863
3827	3828
3827	3829
3827	3831
3827	4826
3831	3827
3831	3832
3831	4825
4826	3827
4826	3863
4826	4827
3863	3828
3863	3862
3863	4826
3863	4828
3832	3830
3832	3831
3832	4824
4825	3831
4825	4822
4825	4824
4825	4827
4824	3832
4824	4635
4824	4821
4824	4825
3836	3833
3836	3835
3836	3840
3838	3834
3838	3837
3838	3839
3843	3835
3843	3844
3843	3846
3840	3836
3840	3839
3840	3846
3850	3837
3850	3839
3850	3849
3850	3854
3855	3837
3855	3854
3855	3867
3855	3870
3839	3838
3839	3840
3839	3849
3839	3850
3849	3839
3849	3847
3849	3850
3849	3851
3846	3840
3846	3843
3846	3848
3859	3842
3859	3858
3859	3871
3866	3842
3866	3865
3866	3871
3866	3884
3844	3843
3844	3845
3844	3848
3848	3844
3848	3846
3848	3847
3856	3847
3856	3851
3856	7548
3851	3849
3851	3852
3851	3856
3851	7550
3854	3850
3854	3853
3854	3855
3854	3870
3852	3851
3852	3853
3852	7550
7550	3851
7550	3852
7550	7549
7550	7568
3853	3852
3853	3854
3853	3868
3868	3853
3868	3869
3868	3870
3868	7575
3870	3854
3870	3855
3870	3868
7548	3856
7548	7547
7548	7549
3857	3858
3857	3860
3857	3869
3858	3857
3858	3859
3858	3874
3869	3857
3869	3868
3869	7576
3869	7581
3874	3858
3874	3872
3874	37283
3871	3859
3871	3866
3871	3873
3871	3882
3862	3861
3862	3863
3862	3865
3862	4851
3865	3862
3865	3864
3865	3866
3865	4855
4851	3862
4851	4850
4851	4855
4828	3863
4828	4827
4828	4850
4828	4856
4855	3865
4855	4851
4855	4852
3884	3866
3884	3883
3884	4867
7575	3868
7575	7568
7575	7578
7576	3869
7576	7577
7576	7580
7581	3869
7581	7579
3873	3871
3873	3872
3873	3880
3882	3871
3882	3881
3882	3883
3872	3873
3872	3874
3872	7582
7582	3872
7582	3880
7582	7584
3880	3873
3880	3881
3880	7582
3880	7583
37283	3874
3879	3875
3879	3878
3879	25497
4354	3875
4354	4355
4354	42463
3877	3876
3877	3878
3877	25211
3877	25245
3878	3877
3878	3879
3878	25245
25211	3877
25211	25199
25211	25222
25211	25244
25245	3877
25245	3878
25245	25244
25245	25246
25497	3879
25497	25246
25497	40492
3881	3880
3881	3882
3881	4871
7583	3880
7583	7584
7583	7586
4871	3881
4871	4872
4871	7591
3883	3882
3883	3884
3883	4868
4868	3883
4868	4869
4868	4872
4867	3884
4867	4852
4867	4870
3885	3886
3885	3894
3885	3944
3886	3885
3886	3887
3886	3943
3886	3957
3894	3885
3894	3893
3894	3895
3894	3944
3944	3885
3944	3894
3944	3945
3887	3886
3887	3888
3887	3921
3943	3886
3943	3942
3943	4388
3943	4431
3957	3886
3957	3958
3957	7643
3921	3887
3921	3907
3921	3956
3921	3961
3922	3888
3922	3907
3922	3983
3922	1477167
3890	3889
3890	3891
3890	3929
3891	3890
3891	3892
3891	3936
3929	3890
3929	3927
3892	3891
3892	3893
3892	41667
3936	3891
3936	3935
3893	3892
3893	3894
3893	3924
41667	3892
41667	3923
41667	3933
3924	3893
3924	3923
3924	3926
3895	3894
3896	3897
3896	3898
3896	3993
3897	3896
3897	3901
3898	3896
3898	3899
3898	3997
3993	3896
3993	3991
3993	3994
3901	3897
3901	3900
3901	3983
3901	6039
3899	3898
3899	3900
3899	3984
3997	3898
3997	3995
3900	3899
3900	3901
3900	3984
3984	3899
3984	3900
3984	3985
3983	3901
3983	3922
3983	3982
6039	3901
6039	3906
6039	6038
3904	3905
3904	3906
3904	3968
3904	6040
3904	40596
3905	3904
3905	3907
3905	3968
3906	3904
3906	3907
3906	6039
3968	3904
3968	3905
3968	3967
6040	3904
6040	3974
6040	6041
6040	6070
6040	40596
6040	40597
40596	3904
40596	3967
40596	6040
40596	43153
3907	3905
3907	3906
3907	3921
3907	3922
3908	3909
3908	3910
3908	7240
3908	7274
3909	3908
3909	3913
3909	7265
3910	3908
3910	3911
3910	7241
7240	3908
7240	3915
7240	7241
7240	7275
7274	3908
7274	7265
7274	7275
7274	7276
3913	3909
3913	3912
3913	6011
3913	7197
7265	3909
7265	7253
7265	7273
7265	7274
3911	3910
3911	3912
3911	7242
7241	3910
7241	3920
7241	7240
7241	7242
3912	3911
3912	3913
3912	7197
3912	7212
3912	7217
7242	3911
7242	7217
7242	7241
7197	3912
7197	3913
7197	7198
7212	3912
7212	7198
7212	7218
7212	7224
7217	3912
7217	3919
7217	7218
7217	7242
6011	3913
6011	6010
6011	6012
3914	3915
3914	3916
3914	7269
3915	3914
3915	3920
3915	7240
3915	7268
3916	3914
3916	3917
3916	7246
7269	3914
7269	7243
7269	7267
3920	3915
3920	3919
3920	7241
7268	3915
7268	7267
7268	7275
7268	7279
3917	3916
3917	3918
3917	7245
7246	3916
7246	7243
3918	3917
3918	3919
3918	7219
7245	3917
7245	7244
3919	3918
3919	3920
3919	7217
3919	7221
7219	3918
7219	7220
7219	7238
7221	3919
7221	7220
7221	7222
7221	7236
3956	3921
3956	3955
3956	3960
3961	3921
3961	3960
3961	3962
3961	4534
3961	4538
1477167	3922
1477167	1469400
1477167	1477165
1477167	1477258
3923	3924
3923	3925
3923	41667
3925	3923
3925	3926
3925	3945
3926	3924
3926	3925
3945	3925
3945	3933
3945	3944
3945	3946
3927	3928
3927	3929
3928	3927
3928	3931
3928	3932
3931	3928
3931	3930
3931	4079
3932	3928
3932	3933
3932	3941
3932	3949
4079	3931
4079	4078
4079	4085
4079	4108
3933	3932
3933	3934
3933	3945
3933	41667
3941	3932
3941	3942
3941	3948
3949	3932
3949	3950
3949	3953
3949	3954
3934	3933
3934	3935
3935	3934
3935	3936
3938	3937
3938	3939
3938	4082
3938	4154
3940	3937
3940	3939
3940	4113
3939	3938
3939	3940
3939	4083
4082	3938
4082	4083
4082	4229
4154	3938
4154	4120
4154	4155
4154	4227
4083	3939
4083	4082
4083	4111
3942	3941
3942	3943
3942	4280
3948	3941
3948	3947
3948	4280
4280	3942
4280	3948
4280	4279
4388	3943
4388	4279
4388	4389
4388	4430
4431	3943
4431	4430
4431	7644
3946	3945
3947	3948
3947	3952
3947	4272
3952	3947
3952	3951
3952	4232
3952	4233
4272	3947
4272	4259
4272	4271
3950	3949
3950	3951
3950	3953
3953	3949
3953	3950
3953	3954
3953	4119
3954	3949
3954	3953
3954	4084
3951	3950
3951	3952
3951	4119
4119	3951
4119	3953
4119	4084
4119	4118
4232	3952
4232	4112
4232	4118
4233	3952
4233	4112
4233	4234
4084	3954
4084	4086
4084	4119
3955	3956
3955	3959
3959	3955
3959	3958
3959	4381
3960	3956
3960	3961
3960	4387
3960	4522
3958	3957
3958	3959
3958	36265
7643	3957
7643	4382
36265	3958
36265	4381
4381	3959
4381	4382
4381	36265
4387	3960
4387	4386
4387	4477
4522	3960
4522	4521
4522	4523
4522	4529
3962	3961
3962	3963
3962	4533
4534	3961
4534	4533
4534	4535
4538	3961
4538	4529
4538	4536
3963	3962
3963	3964
3963	5646
4533	3962
4533	4532
4533	4534
4533	5646
3964	3963
3964	3965
3964	5645
5646	3963
5646	4532
5646	4533
5646	5645
3965	3964
3965	3966
3965	5644
5645	3964
5645	5644
5645	5646
5645	5656
3966	3965
3966	3967
3966	5644
5644	3965
5644	3966
5644	5645
5644	5664
3967	3966
3967	3968
3967	40596
3969	3970
3969	3973
3969	3989
3970	3969
3970	3971
3970	22089
3989	3969
3989	3987
3989	3988
3989	22089
3971	3970
3971	3972
3971	22089
3971	22090
22089	3970
22089	3971
22089	3989
22089	41850
22090	3971
22090	22091
22090	38759
22090	41815
22094	3972
22094	22093
22094	38441
21915	3972
21915	21914
21915	21918
21915	42865
20875	3973
20875	20876
20875	21875
3974	3975
3974	3979
3974	6040
3975	3974
3975	3976
3975	5643
3979	3974
3979	3978
3979	6036
3976	3975
3976	3977
3976	5643
5643	3975
5643	3976
5643	40594
3977	3976
3977	3978
3978	3977
3978	3979
3978	6037
3978	40595
6037	3978
6037	6038
6037	40611
40595	3978
40595	40594
40595	40613
6036	3979
3980	3981
3980	3986
3980	4030
3980	37226
3981	3980
3981	3982
3981	4029
3986	3980
3986	3985
3986	7286
4030	3980
4030	4027
4030	4033
37226	3980
37226	37225
3982	3981
3982	3983
3982	41643
4029	3981
4029	4028
4029	24014
41643	3982
41643	24016
41643	41644
3985	3984
3985	3986
3985	7287
7287	3985
7287	7091
7286	3986
7286	7285
3987	3988
3987	3989
3987	20878
3988	3987
3988	3989
3988	41866
3988	41868
20878	3987
20878	20877
20878	21852
41868	3988
41868	41850
41868	41867
41866	3988
41866	21869
3991	3992
3991	3993
3991	3996
3992	3991
3992	3994
3992	4002
3992	4008
3996	3991
3996	3995
3996	4006
3996	4056
3994	3992
3994	3993
3994	4004
4002	3992
4002	4003
4002	4009
4008	3992
4008	4009
4004	3994
4004	4005
4004	4017
3995	3996
3995	3997
3995	4058
3995	7024
4058	3995
4058	4057
4058	5762
7024	3995
7024	4059
7024	7025
4006	3996
4006	4007
4006	4073
4056	3996
4056	4055
4056	4072
3998	3999
3998	4001
3998	7292
3999	3998
3999	4000
3999	8023
3999	8077
4001	3998
4001	4000
4001	4043
7292	3998
7292	7290
7292	7942
7292	8023
4000	3999
4000	4001
4000	4042
4000	8112
8077	3999
8077	7299
8077	8022
8077	8112
8023	3999
8023	7292
8023	7953
8023	8022
4042	4000
4042	4043
4042	4048
4042	8198
8112	4000
8112	7298
8112	8077
8112	8198
4043	4001
4043	4042
4043	4047
4003	4002
4003	4005
4003	4010
4003	4011
4009	4002
4009	4008
4005	4003
4005	4004
4005	4016
4010	4003
4011	4003
4011	4012
4011	4016
4011	5627
4017	4004
4017	4016
4017	5629
4016	4005
4016	4011
4016	4017
4007	4006
4007	4012
4007	4014
4007	4015
4073	4006
4073	4072
4073	40598
4012	4007
4012	4011
4014	4007
4014	4013
4014	28779
4015	4007
4015	4013
4015	5627
4015	5638
5627	4011
5627	4015
5627	5628
5627	5629
4013	4014
4013	4015
4013	5637
4013	5670
5637	4013
5637	5636
5637	6301
5670	4013
5670	5669
5670	5672
28779	4014
28779	28776
28779	28778
5638	4015
5638	5636
5638	40601
5638	40607
5629	4017
5629	5627
5629	5630
4018	4019
4018	4021
4018	4045
4019	4018
4019	4020
4019	4046
4021	4018
4021	4020
4021	4052
4045	4018
4045	4046
4045	21874
4020	4019
4020	4021
4046	4019
4046	4045
4046	21873
4052	4021
4052	4051
4052	4053
4022	4023
4022	4024
4022	43131
4022	43136
4023	4022
4023	4025
4023	40598
4023	43157
4024	4022
4024	4025
4024	19496
4024	43131
43131	4022
43131	4024
43131	22156
43131	43138
43136	4022
43136	43137
43136	43157
4025	4023
4025	4024
4025	5639
4025	5771
4025	19495
43157	4023
43157	5620
43157	43136
43157	43158
40598	4023
40598	4073
40598	6302
40598	43158
19496	4024
19496	19495
19496	19497
5771	4025
5771	5768
5771	5769
5771	5770
5771	19495
19495	4025
19495	5771
19495	19496
19495	19499
5639	4025
5639	4072
5639	5640
5639	5768
4026	4027
4026	4028
4026	5804
4027	4026
4027	4030
4027	4031
4027	6828
4028	4026
4028	4029
4028	5806
5804	4026
5804	5803
5804	6785
5804	6830
4031	4027
4031	4032
6828	4027
6828	6829
6828	36281
5806	4028
5806	5805
5806	21549
24014	4029
24014	21548
24014	24016
4033	4030
4033	4034
4032	4031
4032	4036
4032	6778
4032	6781
4036	4032
4036	4035
4036	6775
6778	4032
6778	6775
6778	6779
6778	6782
6781	4032
6781	6782
6781	6815
6781	36281
4034	4033
4034	4035
4034	6740
4034	6743
4035	4034
4035	4036
4035	6774
6740	4034
6740	6741
6740	6742
4037	4038
4037	4041
4037	5940
4038	4037
4038	4039
4038	5943
4041	4037
4041	4040
4041	4074
5940	4037
5940	5937
5940	5946
5940	5947
4039	4038
4039	4040
4039	5809
5943	4038
5943	5809
5943	5947
5943	5948
4048	4042
4048	4047
4048	4049
4048	8333
8198	4042
8198	7297
8198	8112
8198	8333
4047	4043
4047	4048
4047	4050
21874	4045
21874	4051
21874	21873
4050	4047
4050	4049
4050	7128
4049	4048
4049	4050
4049	7127
4049	8381
8333	4048
8333	7296
8333	8198
8333	8381
7127	4049
7127	7128
7127	7293
8381	4049
8381	7293
8381	7295
8381	8333
7128	4050
7128	7127
4053	4052
4053	4054
4055	4056
4055	4057
4055	5640
4055	5762
4057	4055
4057	4058
5640	4055
5640	5639
5640	5761
5640	5767
5762	4055
5762	4058
5762	5761
5762	7284
4072	4056
4072	4073
4072	5639
4059	4060
4059	4061
4059	7024
4060	4059
4060	4063
4060	7091
4061	4059
4061	4062
4061	7025
4063	4060
4063	4062
4063	7092
7091	4060
7091	7093
7091	7287
4062	4061
4062	4063
4062	7095
4062	7350
7025	4061
7025	7024
7025	7306
7025	7350
7095	4062
7095	7092
7095	7453
7095	7903
7350	4062
7350	7025
7350	7305
7350	7453
7092	4063
7092	7093
7092	7095
7092	7867
4064	4065
4064	4066
4064	4107
11121	4065
11121	11120
11121	11122
11121	11124
4067	4068
4067	4071
4067	5922
4067	5923
4068	4067
4068	4069
4068	5924
4068	7284
4071	4067
4071	4070
4071	5772
5922	4067
5922	5773
5922	6721
5922	6728
5923	4067
5923	5924
5923	6728
5923	6731
5923	6732
4069	4068
4069	4070
4069	5777
4069	36270
4069	41910
5924	4068
5924	5923
5924	7285
7284	4068
7284	5762
7284	7285
4070	4069
4070	4071
4070	5774
4070	41909
41910	4069
41910	5842
41910	41909
5777	4069
5777	5770
5777	5776
5777	36268
36270	4069
36270	5761
36270	36269
5774	4070
5774	5775
5774	5870
5774	5914
5774	5918
41909	4070
41909	41908
41909	41910
5772	4071
5772	5773
5937	4074
5937	5936
5937	5940
4075	4076
4075	4077
4075	5814
4075	5964
5814	4075
5814	5815
5964	4075
5964	5815
5964	5954
5964	5963
5813	4076
5813	5812
5813	7131
5813	7148
5954	4077
5954	5949
5954	5964
4078	4079
4078	4081
4078	4095
4078	4108
4081	4078
4081	4080
4081	4094
4095	4078
4095	4085
4095	4096
4095	4108
4108	4078
4108	4079
4108	4085
4108	4095
4085	4079
4085	4086
4085	4095
4085	4108
4094	4081
4094	4093
4094	4096
4094	4097
4229	4082
4229	4111
4229	4228
4229	4234
4111	4083
4111	4112
4111	4229
4086	4084
4086	4085
4086	4112
4086	4118
4112	4086
4112	4111
4112	4118
4112	4232
4112	4233
4118	4086
4118	4112
4118	4119
4118	4232
4087	4088
4087	4092
4087	33333
4088	4087
4088	4089
4088	33332
4092	4087
4092	4091
4092	33443
33333	4087
33333	33332
33333	33442
33333	33443
4089	4088
4089	4090
4089	33349
4089	33351
4089	33453
4089	33457
33332	4088
33332	33333
33332	33444
4090	4089
4090	4091
4090	33612
4090	40852
4090	43225
33349	4089
33349	33350
33349	33457
33351	4089
33351	33350
33351	40851
33453	4089
33453	33444
33453	33452
33453	33456
33457	4089
33457	29065
33457	33349
33457	33456
4091	4090
4091	4092
4091	33441
33612	4090
33612	33115
33612	43452
40852	4090
40852	33338
40852	40851
43225	4090
43225	33339
43225	43452
33441	4091
33441	33114
33441	33440
33441	33443
33443	4092
33443	33333
33443	33439
33443	33441
4096	4094
4096	4095
4096	4100
4096	4110
4100	4096
4100	4097
4100	4099
4100	4109
4098	4099
4098	4101
4098	4106
4099	4098
4099	4100
4099	4114
4099	4116
4106	4098
4106	4105
4106	4115
4116	4099
4116	4115
4116	4117
4116	4130
4105	4101
4105	4102
4105	4106
4102	4103
4102	4104
4102	4105
4102	4115
4104	4102
4115	4102
4115	4106
4115	4116
4130	4103
4130	4116
4130	4131
4130	4147
10984	4107
10984	10983
10984	10985
10984	11095
10984	11096
10984	123037
4117	4114
4117	4116
4117	4147
4117	4148
4147	4117
4147	4130
4147	4149
4147	4150
4153	4120
4153	4152
4153	4155
4153	4158
4121	4122
4121	4123
4121	20774
4122	4121
4122	4124
4122	20359
4123	4121
4123	4124
4123	20774
4123	20775
20774	4121
20774	4123
20774	20773
20774	20838
4124	4122
4124	4123
4124	20391
20359	4122
20359	20360
20359	20368
20775	4123
20775	20391
20775	20773
20775	20801
20391	4124
20391	20392
20391	20775
20391	20805
4133	4127
4133	4128
4133	4132
4133	4137
4135	4128
4135	4134
4135	4138
4135	4140
4131	4129
4131	4130
4131	4136
4131	4150
4134	4129
4134	4135
4134	4136
4136	4131
4136	4134
4136	4140
4136	4143
4150	4131
4150	4143
4150	4147
4150	4151
4144	4132
4144	4138
4144	4145
4144	4174
4137	4133
4137	4138
4138	4135
4138	4137
4138	4139
4138	4144
4140	4135
4140	4136
4140	4139
4140	4141
4143	4136
4143	4141
4143	4150
4143	4160
4139	4138
4139	4140
4139	4142
4139	4145
4142	4139
4142	4141
4142	4146
4142	4162
4145	4139
4145	4144
4145	4146
4145	4176
4141	4140
4141	4142
4141	4143
4141	4161
4161	4141
4161	4160
4161	4162
4161	4169
4146	4142
4146	4145
4146	4177
4146	4192
4162	4142
4162	4161
4162	4170
4162	4192
4160	4143
4160	4151
4160	4161
4160	4163
4174	4144
4174	4173
4174	4175
4174	4176
4176	4145
4176	4174
4176	4177
4176	4179
4177	4146
4177	4176
4177	4180
4177	4193
4192	4146
4192	4162
4192	4193
4192	4194
4149	4147
4149	4148
4149	4151
4149	4156
4151	4149
4151	4150
4151	4157
4151	4160
4156	4149
4156	4152
4156	4157
4156	4158
4157	4151
4157	4156
4157	4159
4157	4163
4155	4153
4155	4154
4155	4168
4155	4230
4158	4153
4158	4156
4158	4159
4158	4168
4227	4154
4227	4228
4227	4230
4168	4155
4168	4158
4168	4167
4168	4231
4230	4155
4230	4227
4230	4231
4230	4235
4159	4157
4159	4158
4159	4165
4159	4167
4163	4157
4163	4160
4163	4164
4163	4169
4165	4159
4165	4164
4165	4166
4165	4172
4167	4159
4167	4166
4167	4168
4167	4242
4169	4161
4169	4163
4169	4170
4169	4171
4170	4162
4170	4169
4170	4194
4170	4198
4164	4163
4164	4165
4164	4171
4171	4164
4171	4169
4171	4172
4166	4165
4166	4167
4166	4202
4166	4243
4172	4165
4172	4171
4172	4198
4172	4202
4243	4166
4243	4242
4243	4244
4243	4245
4202	4166
4202	4172
4202	4200
4202	4244
4242	4167
4242	4241
4242	4243
4231	4168
4231	4230
4231	4240
4194	4170
4194	4192
4194	4196
4194	4199
4198	4170
4198	4172
4198	4199
4198	4200
4179	4175
4179	4176
4179	4180
4179	4181
4180	4177
4180	4179
4180	4182
4180	4195
4193	4177
4193	4192
4193	4195
4193	4196
4183	4178
4183	4182
4183	4190
4183	4206
4182	4180
4182	4181
4182	4183
4182	4205
4195	4180
4195	4193
4195	4197
4195	4205
4205	4182
4205	4195
4205	4206
4205	4207
4206	4183
4206	4190
4206	4205
4206	4211
4187	4186
4187	4188
4187	4541
4188	4187
4188	4189
4188	4208
4196	4193
4196	4194
4196	4197
4196	4203
4199	4194
4199	4198
4199	4201
4199	4203
4197	4195
4197	4196
4197	4207
4197	4213
4203	4196
4203	4199
4203	4204
4203	4213
4203	4214
4207	4197
4207	4205
4207	4212
4213	4197
4213	4203
4213	4212
4213	4214
4200	4198
4200	4201
4200	4202
4200	4305
4201	4199
4201	4200
4201	4204
4201	4222
4305	4200
4305	4222
4305	4244
4305	4307
4204	4201
4204	4203
4204	4215
4204	4218
4222	4201
4222	4221
4222	4305
4222	4308
4244	4202
4244	4243
4244	4305
4244	4306
4214	4203
4214	4213
4214	4215
4214	4226
4215	4204
4215	4214
4215	4219
4218	4204
4218	4217
4218	4221
4211	4206
4211	4210
4211	4212
4211	4225
4212	4207
4212	4211
4212	4213
4212	4226
4209	4208
4209	4210
4209	4544
4547	4208
4547	4545
4547	4546
4547	4552
4545	4208
4545	4542
4545	4544
4545	4547
4210	4209
4210	4211
4210	4223
4544	4209
4544	4543
4544	4545
4223	4210
4223	4224
4223	4560
4225	4211
4225	4220
4225	4224
4225	4226
4226	4212
4226	4214
4226	4219
4226	4225
4219	4215
4219	4220
4219	4226
4216	4217
4216	4220
4216	4224
4216	4575
4217	4216
4217	4218
4217	4318
4217	4577
4220	4216
4220	4219
4220	4225
4224	4216
4224	4223
4224	4225
4224	4574
4575	4216
4575	4574
4575	4576
4318	4217
4318	4221
4318	4319
4318	4688
4577	4217
4577	4576
4577	4599
4577	4688
4221	4218
4221	4222
4221	4316
4221	4318
4316	4221
4316	4308
4316	4314
4316	4319
4308	4222
4308	4307
4308	4315
4308	4316
4560	4223
4560	4559
4560	4574
4574	4224
4574	4560
4574	4575
4574	4578
4228	4227
4228	4229
4228	4235
4228	4238
4235	4228
4235	4230
4235	4239
4235	4240
4238	4228
4238	4236
4238	4239
4234	4229
4234	4233
4234	4236
4234	4257
4240	4231
4240	4235
4240	4241
4240	4246
4236	4234
4236	4237
4236	4238
4236	4252
4257	4234
4257	4251
4257	4262
4239	4235
4239	4237
4239	4238
4239	4246
4237	4236
4237	4239
4237	4249
4237	43220
4252	4236
4252	4249
4252	4251
4249	4237
4249	4247
4249	4250
4249	4252
43220	4237
43220	4246
43220	4250
43220	4255
4246	4239
4246	4240
4246	4255
4246	43220
4241	4240
4241	4242
4241	4245
4241	4253
4245	4241
4245	4243
4245	4254
4245	4306
4253	4241
4253	4254
4253	4255
4253	4256
4306	4244
4306	4245
4306	4307
4306	4309
4254	4245
4254	4253
4254	4309
4254	4310
4255	4246
4255	4250
4255	4253
4255	43220
4247	4248
4247	4249
4247	4251
4247	4285
4248	4247
4248	4250
4248	4256
4248	4286
4251	4247
4251	4252
4251	4257
4251	4276
4285	4247
4285	4276
4285	4286
4285	4287
4250	4248
4250	4249
4250	4255
4250	43220
4256	4248
4256	4253
4256	4288
4256	4310
4286	4248
4286	4285
4286	4288
4286	4289
4276	4251
4276	4277
4276	4285
4309	4254
4309	4306
4309	4311
4309	4312
4310	4254
4310	4256
4310	4311
4310	4333
4288	4256
4288	4286
4288	4290
4288	4333
4262	4257
4262	4261
4262	4263
4258	4259
4258	4264
4258	4273
4259	4258
4259	4260
4259	4272
4264	4258
4264	4263
4264	4274
4273	4258
4260	4259
4260	4261
4261	4260
4261	4262
4263	4262
4263	4264
4263	4277
4277	4263
4277	4276
4277	4287
4277	41905
4274	4264
4274	4275
4274	4436
4265	4266
4265	4267
4265	4425
4265	4452
4266	4265
4266	4275
4266	4444
4266	4449
4267	4265
4267	4268
4267	4426
4425	4265
4425	4278
4425	4281
4425	4428
4452	4265
4452	4428
4452	4451
4275	4266
4275	4274
4275	4445
4444	4266
4444	4443
4444	4446
4444	4455
4449	4266
4449	4448
4449	4450
4268	4267
4268	4269
4426	4267
4426	4270
4269	4268
4269	4270
4270	4269
4270	4271
4270	4426
4271	4270
4271	4272
4271	4281
4281	4271
4281	4278
4281	4425
4436	4274
4436	4435
4436	4437
4445	4275
4445	4443
4445	4464
4287	4277
4287	4285
4287	4289
4287	4298
41905	4277
41905	4294
41905	41904
4278	4279
4278	4281
4278	4425
4278	4427
4279	4278
4279	4280
4279	4388
4279	4389
4427	4278
4427	4389
4427	4429
4427	4471
4389	4279
4389	4388
4389	4427
4389	4471
4282	4283
4282	4284
4282	41321
4283	4282
4283	4284
4284	4282
4284	4283
4284	41322
41321	4282
41321	4299
4289	4286
4289	4287
4289	4290
4289	4297
4298	4287
4298	4296
4298	4297
4298	41904
4290	4288
4290	4289
4290	4337
4290	4340
4333	4288
4333	4310
4333	4325
4333	4338
4297	4289
4297	4298
4297	4301
4297	4340
4337	4290
4337	4336
4340	4290
4340	4297
4340	4336
4340	4341
4291	4292
4291	4296
4291	4432
4292	4291
4292	4293
4292	4302
4296	4291
4296	4295
4296	4298
4296	4301
4432	4291
4432	4302
4432	4343
4293	4292
4293	4294
4293	4304
4302	4292
4302	4303
4302	4368
4302	4432
4294	4293
4294	4295
4294	41905
4304	4293
4304	4303
4304	4435
4295	4294
4295	4296
4301	4296
4301	4297
4301	4342
41904	4298
41904	41905
4299	4300
4299	41321
4300	4299
4300	41320
41320	4300
41320	4390
4342	4301
4342	4341
4342	4343
4303	4302
4303	4304
4303	4367
4303	4433
4368	4302
4368	4365
4368	4367
4368	4370
4433	4303
4433	4434
4433	4438
4367	4303
4367	4366
4367	4368
4367	4438
4435	4304
4435	4434
4435	4436
4307	4305
4307	4306
4307	4308
4307	4312
4312	4307
4312	4309
4312	4317
4312	4321
4315	4308
4315	4313
4311	4309
4311	4310
4311	4317
4311	4325
4317	4311
4317	4312
4317	4322
4317	4323
4325	4311
4325	4323
4325	4333
4325	4334
4321	4312
4321	4313
4321	4322
4313	4314
4313	4315
4313	4321
4314	4313
4314	4316
4314	4320
4314	4328
4320	4314
4320	4319
4320	4327
4320	4691
4328	4314
4328	4326
4328	4329
4319	4316
4319	4318
4319	4320
4319	4689
4322	4317
4322	4321
4322	4324
4322	4329
4323	4317
4323	4324
4323	4325
4323	4339
4688	4318
4688	4577
4688	4689
4688	4698
4689	4319
4689	4688
4689	4690
4689	4699
4327	4320
4327	4326
4327	4695
4691	4320
4691	4690
4691	4696
4324	4322
4324	4323
4324	4331
4324	4356
4329	4322
4329	4328
4329	4330
4339	4323
4339	4334
4339	4356
4339	4357
4331	4324
4331	4330
4331	4358
4331	4697
4356	4324
4356	4339
4356	4358
4356	4361
4334	4325
4334	4335
4334	4338
4334	4339
4326	4327
4326	4328
4326	4332
4332	4326
4332	4330
4332	4697
4695	4327
4695	4694
4695	4697
4695	4727
4330	4329
4330	4331
4330	4332
4358	4331
4358	4356
4358	4359
4358	4725
4697	4331
4697	4332
4697	4695
4697	4725
4338	4333
4338	4334
4335	4334
4335	4336
4335	4357
4336	4335
4336	4337
4336	4340
4336	4343
4357	4335
4357	4339
4343	4336
4343	4341
4343	4342
4343	4370
4343	4432
4341	4340
4341	4342
4341	4343
4370	4343
4370	4363
4370	4368
4370	37227
4344	4345
4344	4346
4344	4679
4345	4344
4345	4355
4345	4671
4346	4344
4346	4347
4346	4678
4679	4344
4355	4345
4355	4354
4355	4749
4671	4345
4671	4672
4671	4753
4347	4346
4347	4348
4347	4349
4678	4346
4348	4347
4349	4347
4349	4350
4349	4351
4349	4677
4350	4349
4351	4349
4351	4352
4351	4676
4677	4349
4352	4351
4352	4353
4352	43499
4676	4351
4676	4674
4676	43500
43499	4352
42463	4354
42463	25811
42463	40491
42463	40492
4749	4355
4749	4750
4749	42473
4361	4356
4361	4360
4361	4362
4361	4364
4359	4358
4359	4360
4359	4726
4725	4358
4725	4697
4725	4727
4360	4359
4360	4361
4360	4730
4360	4731
4726	4359
4726	4727
4726	4728
4730	4360
4730	4362
4730	4732
4730	4734
4731	4360
4731	4728
4731	4734
4362	4361
4362	4363
4362	4369
4362	4730
4364	4361
4364	4363
4363	4362
4363	4364
4363	4365
4363	4370
4369	4362
4369	4365
4369	4733
4369	4991
4365	4363
4365	4366
4365	4368
4365	4369
4366	4365
4366	4367
4366	4439
4366	4991
4439	4366
4439	4438
4439	4441
4439	5001
4991	4366
4991	4369
4991	4992
4991	5001
4438	4367
4438	4433
4438	4439
4438	4440
4733	4369
4733	4732
4733	4993
4733	4997
37227	4370
4372	4371
4372	4373
4372	4487
4476	4371
4476	4477
4476	4487
4476	4523
4487	4371
4487	4372
4487	4476
4487	4486
4487	4523
4485	4373
4485	4484
4485	4486
4374	4375
4374	4380
4374	4386
4374	4528
4375	4374
4375	4376
4375	4385
4380	4374
4380	4379
4380	7644
4386	4374
4386	4387
4386	4528
4528	4374
4528	4386
4528	4477
4528	4478
4376	4375
4376	4377
4376	4967
4385	4375
4385	4384
4385	4967
4377	4376
4377	4378
4377	4966
4967	4376
4967	4385
4967	4965
4378	4377
4378	4379
4966	4377
4966	4965
4966	7638
4379	4378
4379	4380
4379	7638
7638	4379
7638	4965
7638	4966
7644	4380
7644	4431
7644	4474
4382	4381
4382	4383
4382	7643
4383	4382
4383	4384
4383	7642
4384	4383
4384	4385
4384	7639
7642	4383
7639	4384
7639	7640
7639	7641
4477	4387
4477	4476
4477	4478
4477	4528
4430	4388
4430	4431
4430	4474
4471	4389
4471	4427
4471	4472
4471	4475
4390	4391
4390	41320
4391	4390
4391	5026
5026	4391
5026	5027
4393	4392
4393	4394
4393	42980
42977	4392
42977	42978
42977	42981
4394	4393
4394	4395
4394	12937
42980	4393
42980	12939
4395	4394
4395	4396
4395	12951
12937	4394
12937	12938
12937	12939
4396	4395
4396	4397
4396	12950
12951	4395
4397	4396
4397	4398
4397	12950
12950	4396
12950	4397
12950	12948
4398	4397
4398	4399
4398	12941
4399	4398
4399	4400
4399	4402
12941	4398
12941	12942
12941	12945
12941	21928
4400	4399
4400	4401
4400	4402
4402	4399
4402	4400
4402	4403
4401	4400
4406	4405
4407	4405
4407	4408
4407	36028
4408	4407
4408	4409
36028	4407
36028	36027
36028	41696
36028	109054
4409	4408
4409	4410
4409	41696
4410	4409
4410	4411
4410	146624
41696	4409
41696	36028
4411	4410
4411	4412
4411	4413
4411	146624
146624	4410
146624	4411
4412	4411
4412	4413
4413	4411
4413	4412
4413	4414
4413	109071
4414	4413
4414	4415
4414	41890
4414	109075
109071	4413
109071	109062
109071	109072
109071	140924
109075	4414
4416	4415
4418	4417
4419	4417
4421	4420
4421	4422
4423	4422
4423	4424
4423	40751
42197	4424
42197	42196
4428	4425
4428	4429
4428	4452
4429	4427
4429	4428
4429	4451
4429	4475
4475	4429
4475	4471
4475	4472
4451	4429
4451	4450
4451	4452
4451	4479
4474	4430
4474	4473
4474	7644
4434	4433
4434	4435
4434	4437
4434	4440
4437	4434
4437	4436
4437	4442
4437	4459
4440	4434
4440	4438
4440	4441
4440	4442
4442	4437
4442	4440
4442	4460
4459	4437
4459	4443
4459	4457
4459	4464
4441	4439
4441	4440
4441	4460
4441	5002
5001	4439
5001	4991
5001	5002
5001	5003
5002	4441
5002	4461
5002	5001
5002	5005
4460	4441
4460	4442
4460	4461
4443	4444
4443	4445
4443	4456
4443	4459
4456	4443
4456	4455
4456	4457
4446	4444
4446	4447
4446	5018
4455	4444
4455	4454
4455	4456
4455	5018
4464	4445
4464	4459
4464	36264
4447	4446
4447	4448
4447	4466
5018	4446
5018	4455
5018	5019
4448	4447
4448	4449
4448	4465
4466	4447
4466	4467
4466	5019
4466	5022
4465	4448
4465	4450
4465	4467
4465	4469
4450	4449
4450	4451
4450	4465
4450	4470
4470	4450
4470	4469
4470	4479
4470	4498
4479	4451
4479	4470
4479	4480
4453	4454
4453	4463
4453	5037
4454	4453
4454	4455
4454	5020
4454	5038
4463	4453
4463	4462
4463	5011
5037	4453
5037	5017
5037	5038
5037	5068
5020	4454
5020	5019
5020	5021
5038	4454
5038	5037
5038	5039
5038	5086
4457	4456
4457	4458
4457	4459
4458	4457
4461	4460
4461	4462
4461	5002
4462	4461
4462	4463
4462	5006
5006	4462
5006	5005
5006	5010
5011	4463
5011	5010
5011	5016
36264	4464
4467	4465
4467	4466
4467	4468
4467	5024
4469	4465
4469	4468
4469	4470
4469	4483
5019	4466
5019	5018
5019	5020
5022	4466
5022	5021
5022	5023
4468	4467
4468	4469
4468	4482
4468	5025
5024	4467
5024	5023
5024	5025
4482	4468
4482	4483
4482	4500
4482	5029
5025	4468
5025	5024
5025	5028
5025	5032
4483	4469
4483	4482
4483	4498
4483	4499
4498	4470
4498	4480
4498	4483
4498	4484
4472	4471
4472	4473
4472	4475
4473	4472
4473	4474
4473	4478
4478	4473
4478	4477
4478	4528
4523	4476
4523	4487
4523	4522
4480	4479
4480	4481
4480	4498
4484	4481
4484	4485
4484	4498
4484	4499
4500	4482
4500	4499
4500	4505
4500	5036
5029	4482
5029	5028
5029	5036
4499	4483
4499	4484
4499	4500
4499	4512
4486	4485
4486	4487
4486	4516
4486	4517
4516	4486
4516	4515
4516	4521
4517	4486
4517	4518
4517	5184
4517	37261
4488	4489
4488	4497
4488	23576
4489	4488
4489	4490
4489	5220
4489	23576
4497	4488
4497	4496
4497	42635
23576	4488
23576	4489
23576	5220
4490	4489
4490	4491
5220	4489
5220	5221
5220	23576
5220	42634
4491	4490
4491	4492
4491	5221
4492	4491
4492	4493
5221	4491
5221	5220
5221	23563
4493	4492
4493	4494
4493	23560
4493	23561
4494	4493
4494	4495
4494	8866
4494	23559
23560	4493
23561	4493
23561	23562
23561	23800
4495	4494
4495	4496
4495	8865
4495	23257
8866	4494
8866	8867
8866	23575
23559	4494
23559	23558
23559	23572
4496	4495
4496	4497
4496	23525
8865	4495
8865	8864
8865	23283
23257	4495
23257	23256
23257	23258
23525	4496
23525	23526
23525	23527
23525	23679
23525	23700
42635	4497
42635	42629
4512	4499
4512	4509
4512	4511
4505	4500
4505	4504
4505	4506
5036	4500
5036	4507
5036	5029
5036	5035
4501	4502
4501	4503
4501	5139
4501	5156
4502	4501
4502	4507
4502	5035
4502	5154
4503	4501
4503	4504
4503	4509
4503	5140
5139	4501
5139	5140
5139	5145
5139	5155
5156	4501
5156	5154
5156	5155
5156	5158
4507	4502
4507	4506
4507	5036
5035	4502
5035	5028
5035	5033
5035	5036
5154	4502
5154	5153
5154	5156
4504	4503
4504	4505
4509	4503
4509	4508
4509	4512
5140	4503
5140	4508
5140	5139
5140	5141
4506	4505
4506	4507
4508	4509
4508	4510
4508	4524
4508	5140
4510	4508
4510	4511
4510	4525
4524	4508
4524	4525
4524	4526
4524	5141
4511	4510
4511	4512
4525	4510
4525	4524
4525	4527
4513	4514
4513	4520
4513	5183
4513	5190
4514	4513
4514	4515
4514	5190
4520	4513
4520	4518
4520	5184
5183	4513
5183	5185
5183	5187
5183	5189
5190	4513
5190	4514
5190	5189
5190	5194
4515	4514
4515	4516
4515	5188
5188	4515
5188	4521
5188	5210
5188	5653
4521	4516
4521	4522
4521	4530
4521	5188
4518	4517
4518	4519
4518	4520
5184	4517
5184	4520
5184	5185
5184	5186
37261	4517
37261	5186
37261	37262
4519	4518
4530	4521
4530	4529
4530	5647
4530	5649
4530	5650
4529	4522
4529	4530
4529	4538
4529	5647
4526	4524
4526	4527
4526	5142
4526	5144
5141	4524
5141	5140
5141	5142
5141	5145
4527	4525
4527	4526
5142	4526
5142	5141
5142	5143
5142	5147
5144	4526
5144	5143
5144	5150
5647	4529
5647	4530
5647	4536
5647	5648
5649	4530
5649	5648
5649	5650
5649	5978
5650	4530
5650	5649
5650	5654
5650	5973
4531	4532
4531	4535
4531	5658
4531	5659
4532	4531
4532	4533
4532	5646
4532	5655
4535	4531
4535	4534
4535	4537
5659	4531
5659	5655
5659	5661
5659	5662
5658	4531
5658	4537
5658	5657
5658	5662
5655	4532
5655	5656
5655	5659
5655	5663
4537	4535
4537	4536
4537	5657
4537	5658
4536	4537
4536	4538
4536	5647
5657	4537
5657	5658
5657	5660
5657	5662
5657	5667
5657	6033
5657	6035
5657	36273
4548	4539
4548	4540
4548	4549
4548	4553
4551	4540
4551	4546
4551	4550
4542	4543
4542	4545
4542	4552
4542	4555
4543	4542
4543	4544
4543	4561
4552	4542
4552	4547
4552	4550
4555	4542
4555	4549
4555	4557
4555	4561
4561	4543
4561	4555
4561	4557
4549	4548
4549	4550
4549	4554
4549	4555
4550	4549
4550	4551
4550	4552
4550	4556
4554	4549
4554	4553
4554	4568
4554	4569
4556	4550
4565	4553
4565	4564
4565	4568
4568	4554
4568	4565
4568	4570
4568	4573
4569	4554
4569	4557
4569	4570
4569	4584
4557	4555
4557	4558
4557	4561
4557	4569
4558	4557
4558	4559
4558	4579
4558	4583
4559	4558
4559	4560
4559	4578
4579	4558
4579	4578
4579	4582
4579	4590
4583	4558
4583	4584
4583	4588
4578	4559
4578	4574
4578	4579
4578	4580
4562	4563
4562	4567
4562	4606
4562	4607
4563	4562
4563	4564
4563	4571
4563	4609
4567	4562
4567	4566
4567	4607
4564	4563
4564	4565
4564	4571
4609	4563
4609	4608
4609	4613
4571	4563
4571	4564
4571	4572
37228	4566
4570	4568
4570	4569
4570	4585
4573	4568
4573	4572
4573	4585
4584	4569
4584	4583
4584	4586
4585	4570
4585	4573
4585	4586
4572	4571
4572	4573
4572	4613
4613	4572
4613	4609
4613	4614
4576	4575
4576	4577
4576	4580
4576	4595
4580	4576
4580	4578
4580	4581
4595	4576
4595	4581
4595	4593
4595	4599
4599	4577
4599	4595
4599	4600
4599	4698
4582	4579
4582	4581
4582	4594
4590	4579
4590	4589
4590	4591
4581	4580
4581	4582
4581	4595
4594	4582
4594	4593
4588	4583
4588	4587
4588	4589
4586	4584
4586	4585
4586	4587
4586	4614
4587	4586
4587	4588
4587	4596
4587	4642
4614	4586
4614	4613
4614	4615
4614	4627
4596	4587
4596	4589
4596	4597
4642	4587
4642	4627
4642	4644
4589	4588
4589	4590
4589	4596
4591	4590
4591	4592
4591	4598
4592	4591
4592	4593
4592	4600
4592	4602
4598	4591
4598	4597
4598	4601
4598	4648
4593	4592
4593	4594
4593	4595
4600	4592
4600	4599
4600	4603
4600	4701
4602	4592
4602	4601
4602	4603
4602	4655
4597	4596
4597	4598
4597	4643
4643	4597
4643	4644
4643	4645
4601	4598
4601	4602
4601	4654
4648	4598
4648	4647
4648	4649
4648	4653
4698	4599
4698	4688
4698	4699
4698	4701
4603	4600
4603	4602
4603	4658
4701	4600
4701	4658
4701	4698
4701	4702
4654	4601
4654	4653
4654	4655
4655	4602
4655	4654
4655	4659
4658	4603
4658	4656
4658	4701
4658	4703
11902	4604
11902	11901
11902	11903
11902	24561
24550	4605
24550	12006
24550	24539
24550	24549
24551	4605
24551	24546
24551	24552
4608	4606
4608	4609
4608	4616
4608	4617
4612	4606
4612	4611
4612	4618
4616	4608
4616	4615
4616	4622
4616	4625
4617	4608
4617	4618
4617	4622
4611	4610
4611	4612
4611	4619
4621	4610
4621	4619
4621	4620
4619	4611
4619	4618
4619	4621
4618	4612
4618	4617
4618	4619
4618	4630
4615	4614
4615	4616
4615	4628
4627	4614
4627	4626
4627	4642
4627	4649
4628	4615
4622	4616
4622	4617
4622	4624
4625	4616
4625	4623
4625	4626
4625	4664
4630	4618
4630	4629
4630	4634
4635	4620
4635	4632
4635	4636
4635	4824
4624	4622
4624	4623
4624	4629
4623	4624
4623	4625
4623	4639
4639	4623
4639	4638
4639	4640
4639	4664
4629	4624
4629	4630
4629	4640
4626	4625
4626	4627
4626	4646
4664	4625
4664	4639
4664	4646
4664	4665
4646	4626
4646	4647
4646	4650
4646	4664
4649	4627
4649	4645
4649	4648
4640	4629
4640	4639
4640	4641
4634	4630
4634	4631
4634	4637
4631	4632
4631	4633
4631	4634
4631	4683
4632	4631
4632	4635
4632	4821
4632	4823
4633	4631
4683	4631
4683	4637
4683	4681
4683	4823
4823	4632
4823	4683
4823	4819
4823	4834
4821	4632
4821	4819
4821	4822
4821	4824
4637	4634
4637	4638
4637	4682
4637	4683
4636	4635
4638	4637
4638	4639
4638	4670
4682	4637
4682	4680
4682	4684
4670	4638
4670	4666
4670	4669
4670	4684
4641	4640
4644	4642
4644	4643
4644	4645
4645	4643
4645	4644
4645	4649
4647	4646
4647	4648
4647	4651
4650	4646
4651	4647
4651	4652
4651	4665
4651	4668
4653	4648
4653	4652
4653	4654
4653	4659
4652	4651
4652	4653
4652	4662
4652	4667
4665	4651
4665	4664
4665	4669
4668	4651
4668	4666
4668	4669
4662	4652
4662	4661
4662	4685
4662	4687
4667	4652
4667	4666
4667	4685
4667	4835
4659	4653
4659	4655
4659	4660
4659	4661
4656	4657
4656	4658
4656	4754
4657	4656
4657	4660
4657	4757
4657	4759
4754	4656
4754	4703
4754	4755
4660	4657
4660	4659
4660	4663
4757	4657
4757	4687
4757	4758
4757	4782
4759	4657
4759	4755
4759	4758
4703	4658
4703	4702
4703	4704
4703	4754
4661	4659
4661	4662
4661	4663
4663	4660
4663	4661
4663	4687
4685	4662
4685	4667
4685	4686
4685	4839
4687	4662
4687	4663
4687	4686
4687	4757
4669	4665
4669	4668
4669	4670
4666	4667
4666	4668
4666	4670
4666	4680
4680	4666
4680	4681
4680	4682
4680	4835
4835	4667
4835	4680
4835	4836
4835	4839
4684	4670
4684	4682
4684	37236
4672	4671
4672	4673
4672	4752
4753	4671
4673	4672
4673	4674
4673	43501
4752	4672
4752	4751
4752	43502
4674	4673
4674	4675
4674	4676
43501	4673
4675	4674
43500	4676
4681	4680
4681	4683
4681	4834
4681	4836
4834	4681
4834	4823
4834	4833
4834	4837
4836	4681
4836	4835
4836	4838
37236	4684
4686	4685
4686	4687
4686	4782
4686	4840
4839	4685
4839	4835
4839	4838
4782	4686
4782	4757
4782	4783
4782	4841
4840	4686
4840	4838
4840	4841
4840	4843
4690	4689
4690	4691
4690	4700
4699	4689
4699	4698
4699	4700
4699	4702
4700	4690
4700	4699
4700	4704
4700	4705
4696	4691
4696	4693
4696	4705
4692	4693
4692	4694
4693	4692
4693	4696
4693	4706
4693	4708
4694	4692
4694	4695
4694	4708
4694	4711
4706	4693
4706	4705
4706	4707
4706	4715
4708	4693
4708	4694
4708	4707
4708	4709
4711	4694
4711	4709
4711	4727
4711	4729
4727	4695
4727	4711
4727	4725
4727	4726
4705	4696
4705	4700
4705	4706
4705	4712
4702	4699
4702	4701
4702	4703
4704	4700
4704	4703
4704	4712
4704	4756
4712	4704
4712	4705
4712	4713
4712	4760
4756	4704
4756	4755
4756	4760
4756	4781
4707	4706
4707	4708
4707	4710
4707	4716
4715	4706
4715	4714
4715	4716
4710	4707
4710	4709
4710	4716
4710	4722
4710	4740
4716	4707
4716	4710
4716	4715
4716	4717
4709	4708
4709	4710
4709	4711
4709	4738
4738	4709
4738	4739
4738	4740
4722	4710
4722	4723
4722	4741
4740	4710
4740	4738
4740	4741
4729	4711
4729	4728
4729	4739
4729	4743
4713	4712
4713	4714
4713	4720
4713	4761
4760	4712
4760	4756
4760	4761
4760	4787
4714	4713
4714	4715
4714	4720
4761	4713
4761	4760
4761	4780
4761	4789
4720	4713
4720	4714
4720	4721
4717	4716
4717	4718
4717	4719
4718	4717
4718	4721
4718	4724
4718	4780
4719	4717
4721	4718
4721	4720
4721	37232
4724	4718
4724	4723
4724	4779
4780	4718
4780	4761
4780	4778
4780	4790
37232	4721
37232	37233
37232	37234
4723	4722
4723	4724
4723	4777
4723	4794
4741	4722
4741	4739
4741	4740
4741	4746
4741	4747
4741	4748
4777	4723
4777	4778
4777	4795
4794	4723
4794	4747
4794	4792
4794	4795
4779	4724
4728	4726
4728	4729
4728	4731
4728	4737
4737	4728
4737	4734
4737	4735
4739	4729
4739	4738
4739	4741
4739	4742
4743	4729
4743	4735
4743	4742
4732	4730
4732	4733
4732	4736
4734	4730
4734	4731
4734	4737
4736	4732
4736	4735
4736	4745
4736	4998
4993	4733
4993	4992
4993	4996
4997	4733
4997	4996
4735	4736
4735	4737
4735	4743
4745	4736
4745	4744
4745	4807
4745	4994
4998	4736
4998	4994
4742	4739
4742	4743
4742	4744
4746	4741
4746	4744
4746	4748
4748	4741
4748	4746
4748	4747
4748	4804
4748	4807
4747	4741
4747	4748
4747	4794
4747	37235
4744	4742
4744	4745
4744	4746
4807	4745
4807	4748
4807	4808
4807	5049
4994	4745
4994	4995
4994	4998
4994	5049
37235	4747
4804	4748
4804	4792
4804	4808
4750	4749
4750	4751
4750	43504
4751	4750
4751	4752
4751	43503
43504	4750
43503	4751
43502	4752
4755	4754
4755	4756
4755	4759
4781	4756
4781	4758
4781	4784
4781	4787
4758	4757
4758	4759
4758	4781
4758	4783
4783	4758
4783	4782
4783	4784
4783	4903
4787	4760
4787	4781
4787	4785
4787	4788
4789	4761
4789	4788
4789	4790
4762	4763
4762	4764
4762	4765
4763	4762
4763	4776
4763	26677
4764	4762
4765	4762
4765	4766
4765	41248
4776	4763
4776	4775
4776	26172
26677	4763
26677	26676
26677	26678
26677	36141
4766	4765
4766	4767
4766	4768
41248	4765
4767	4766
4768	4766
4768	4769
4768	41247
4769	4768
4769	4770
4769	4771
41247	4768
41247	4773
4770	4769
4771	4769
4771	4772
4771	4773
4772	4771
4773	4771
4773	4774
4773	41247
4774	4773
4774	4775
4774	41241
4775	4774
4775	4776
4775	26624
4775	26625
41241	4774
41241	36112
41241	41242
26624	4775
26624	26174
26624	26627
26624	26637
26625	4775
26625	26626
26625	38299
26172	4776
26172	26171
26172	26173
26172	36631
4778	4777
4778	4780
4778	4791
4778	4805
4795	4777
4795	4793
4795	4794
4795	4805
4791	4778
4791	4790
4791	4797
4791	4810
4805	4778
4805	4795
4805	4806
4805	4810
4790	4780
4790	4789
4790	4791
4790	4796
4784	4781
4784	4783
4784	4786
4784	4904
4841	4782
4841	4840
4841	4845
4841	4902
4903	4783
4903	4902
4903	4904
4903	4913
4786	4784
4786	4785
4786	4802
4786	4905
4904	4784
4904	4903
4904	4905
4904	4914
4785	4786
4785	4787
4785	4798
4798	4785
4798	4788
4798	4801
4798	4802
4905	4786
4905	4904
4905	4906
4905	4915
4802	4786
4802	4798
4802	4800
4802	4907
4788	4787
4788	4789
4788	4796
4788	4798
4796	4788
4796	4790
4796	4797
4796	4799
4797	4791
4797	4796
4797	4803
4797	4812
4810	4791
4810	4805
4810	4811
4810	4812
4792	4793
4792	4794
4792	4804
4793	4792
4793	4795
4793	4806
4806	4793
4806	4805
4806	4809
4806	4811
4799	4796
4799	4800
4799	4803
4803	4797
4803	4799
4803	4813
4803	4909
4812	4797
4812	4810
4812	4813
4812	4814
4801	4798
4800	4799
4800	4802
4800	4908
4800	4909
4908	4800
4908	4907
4908	4910
4908	4911
4909	4800
4909	4803
4909	4910
4909	4936
4907	4802
4907	4906
4907	4908
4813	4803
4813	4812
4813	4815
4813	4936
4808	4804
4808	4807
4808	4809
4808	5049
4809	4806
4809	4808
4809	4816
4809	4942
4811	4806
4811	4810
4811	4814
5049	4807
5049	4808
5049	4942
5049	4994
5049	5050
5049	5053
4816	4809
4816	4814
4816	4818
4816	4940
4942	4809
4942	4940
4942	5049
4942	5052
4814	4811
4814	4812
4814	4815
4814	4816
4815	4813
4815	4814
4815	4817
4936	4813
4936	4817
4936	4909
4936	4937
4817	4815
4817	4818
4817	4936
4817	4938
4818	4816
4818	4817
4818	4941
4818	4943
4940	4816
4940	4941
4940	4942
4940	5070
4938	4817
4938	4937
4938	4939
4941	4818
4941	4940
4941	4944
4941	5324
4943	4818
4943	4939
4943	4944
4943	4948
4819	4820
4819	4821
4819	4823
4819	4833
4820	4819
4820	4822
4820	4830
4820	4831
4833	4819
4833	4831
4833	4834
4833	4842
4822	4820
4822	4821
4822	4825
4822	4829
4830	4820
4830	4829
4830	4832
4830	4858
4831	4820
4831	4832
4831	4833
4831	4844
4829	4822
4829	4827
4829	4830
4829	4857
4827	4825
4827	4826
4827	4828
4827	4829
4850	4828
4850	4851
4850	4854
4856	4828
4856	4857
4856	4859
4857	4829
4857	4856
4857	4858
4832	4830
4832	4831
4832	4861
4832	4881
4858	4830
4858	4857
4858	4861
4858	4863
4844	4831
4844	4842
4844	4846
4861	4832
4861	4858
4861	4866
4881	4832
4881	4846
4881	4880
4842	4833
4842	4837
4842	4843
4842	4844
4837	4834
4837	4838
4837	4842
4838	4836
4838	4837
4838	4839
4838	4840
4843	4840
4843	4842
4843	4845
4843	4847
4845	4841
4845	4843
4845	4849
4845	4913
4902	4841
4902	4903
4847	4843
4847	4846
4847	4848
4847	4883
4846	4844
4846	4847
4846	4881
4846	4882
4849	4845
4849	4848
4849	4888
4913	4845
4913	4888
4913	4903
4913	4914
4882	4846
4882	4880
4882	4883
4882	4889
4848	4847
4848	4849
4848	4884
4848	4887
4883	4847
4883	4882
4883	4884
4884	4848
4884	4883
4884	4886
4884	4892
4887	4848
4887	4885
4887	4888
4887	4950
4888	4849
4888	4887
4888	4913
4888	4918
4854	4850
4854	4853
4854	4860
4852	4853
4852	4855
4852	4867
4853	4852
4853	4854
4853	4865
4865	4853
4865	4860
4865	4864
4865	4870
4860	4854
4860	4859
4860	4862
4860	4865
4859	4856
4859	4860
4859	4862
4863	4858
4863	4862
4863	4864
4863	4866
4862	4859
4862	4860
4862	4863
4866	4861
4866	4863
4866	4874
4866	4880
4864	4863
4864	4865
4864	4873
4864	4874
4873	4864
4873	4870
4873	4875
4873	4876
4874	4864
4874	4866
4874	4875
4874	4889
4870	4865
4870	4867
4870	4869
4870	4873
4880	4866
4880	4881
4880	4882
4869	4868
4869	4870
4869	4876
4869	4877
4872	4868
4872	4871
4872	4878
4876	4869
4876	4873
4876	4879
4876	7695
4877	4869
4877	4878
4877	7694
7591	4871
7591	7590
7591	7694
4878	4872
4878	4877
4875	4873
4875	4874
4875	4879
4875	4890
4889	4874
4889	4882
4889	4890
4889	4892
4879	4875
4879	4876
4879	4893
4879	7696
7695	4876
7695	7694
7695	7696
7695	7698
7694	4877
7694	7591
7694	7695
4893	4879
4893	4894
4893	7745
7696	4879
7696	7695
7696	7697
7696	7744
4886	4884
4886	4885
4886	4891
4886	4901
4892	4884
4892	4889
4892	4891
4885	4886
4885	4887
4885	4951
4951	4885
4951	4901
4951	4950
4901	4886
4901	4900
4901	4951
4901	4952
4950	4887
4950	4918
4950	4920
4950	4951
4918	4888
4918	4914
4918	4919
4918	4950
4897	4896
4897	4898
7927	4898
7927	7926
7927	7928
4952	4901
4952	4920
4952	4953
4952	4962
4914	4904
4914	4913
4914	4915
4914	4918
4906	4905
4906	4907
4906	4911
4906	4916
4915	4905
4915	4914
4915	4917
4915	4919
4911	4906
4911	4908
4911	4912
4911	4922
4916	4906
4916	4917
4916	4922
4910	4908
4910	4909
4910	4912
4910	4937
4912	4910
4912	4911
4912	4923
4912	4931
4937	4910
4937	4931
4937	4936
4937	4938
4922	4911
4922	4916
4922	4923
4922	4925
4923	4912
4923	4922
4923	4926
4923	4929
4931	4912
4931	4929
4931	4937
4931	4939
4917	4915
4917	4916
4917	4921
4917	4924
4919	4915
4919	4918
4919	4920
4921	4917
4921	4920
4921	4927
4921	4953
4924	4917
4924	4925
4924	4927
4920	4919
4920	4921
4920	4950
4920	4952
4927	4921
4927	4924
4927	4928
4927	4954
4953	4921
4953	4952
4953	4954
4953	4963
4925	4922
4925	4924
4925	4926
4925	4928
4926	4923
4926	4925
4926	4930
4929	4923
4929	4930
4929	4931
4929	4945
4928	4925
4928	4927
4928	4934
4928	4955
4930	4926
4930	4929
4930	4933
4930	4946
4954	4927
4954	4953
4954	4957
4954	4964
4934	4928
4934	4935
4934	4958
4955	4928
4955	4956
4955	4958
4945	4929
4945	4939
4945	4947
4933	4930
4933	4932
4933	4970
4933	4972
4946	4930
4946	4947
4946	4970
4939	4931
4939	4938
4939	4943
4939	4945
4932	4933
4932	4935
4932	4971
4935	4932
4935	4934
4935	4959
4971	4932
4971	4959
4971	4972
4971	4984
4970	4933
4970	4946
4970	4973
4970	4975
4972	4933
4972	4971
4972	4973
4972	4985
4958	4934
4958	4955
4958	4960
5070	4940
5070	5052
5070	5073
5070	5324
4944	4941
4944	4943
4944	4949
4944	4980
5324	4941
5324	4980
5324	5070
5324	5325
5052	4942
5052	5053
5052	5055
5052	5070
4948	4943
4948	4947
4948	4949
4948	4976
4949	4944
4949	4948
4949	4977
4949	4978
4980	4944
4980	4978
4980	5324
4980	5327
4947	4945
4947	4946
4947	4948
4947	4975
4975	4947
4975	4970
4975	4974
4975	4976
4976	4948
4976	4975
4976	4977
4976	4981
4977	4949
4977	4976
4977	4979
4977	4982
4978	4949
4978	4979
4978	4980
4978	5333
4962	4952
4962	4961
4962	4963
4963	4953
4963	4962
4963	4964
4963	4968
4957	4954
4957	4956
4957	4964
4965	4966
4965	4967
4965	7638
37237	4968
4973	4970
4973	4972
4973	4974
4973	4986
4985	4972
4985	4984
4985	4986
4985	7783
4974	4973
4974	4975
4974	4981
4974	4987
4986	4973
4986	4985
4986	4987
4986	7796
4981	4974
4981	4976
4981	4982
4981	4988
4987	4974
4987	4986
4987	4988
4987	7797
4979	4977
4979	4978
4979	4983
4979	5375
4982	4977
4982	4981
4982	4983
4982	4989
5333	4978
5333	5327
5333	5334
5333	5375
4983	4979
4983	4982
4983	4990
4983	5378
5375	4979
5375	5333
5375	5376
5375	5378
5327	4980
5327	5325
5327	5328
5327	5333
4988	4981
4988	4987
4988	4989
4988	7804
4989	4982
4989	4988
4989	4990
4989	7805
4990	4983
4990	4989
4990	5395
4990	7806
5378	4983
5378	5375
5378	5379
5378	5396
7783	4985
7783	7784
7783	7796
7796	4986
7796	7783
7796	7798
7797	4987
7797	7798
7797	7802
7797	7804
7804	4988
7804	7797
7804	7803
7804	7805
7805	4989
7805	7804
7805	7806
7805	7808
5395	4990
5395	5396
5395	5398
5395	7807
7806	4990
7806	7805
7806	7807
7806	7815
4992	4991
4992	4993
4992	4999
4999	4992
4999	5000
4999	5003
4996	4993
4996	4995
4996	4997
4996	5000
4995	4994
4995	4996
4995	5007
4995	5050
5007	4995
5007	5000
5007	5013
5007	5051
5050	4995
5050	5049
5050	5051
5050	5053
5000	4996
5000	4999
5000	5007
5000	5009
5003	4999
5003	5001
5003	5004
5009	5000
5009	5008
5009	5012
5009	5015
5005	5002
5005	5004
5005	5006
5004	5003
5004	5005
5004	5008
5008	5004
5008	5009
5008	5010
5010	5006
5010	5008
5010	5011
5010	5015
5013	5007
5013	5012
5013	5062
5051	5007
5051	5050
5051	5054
5051	5058
5012	5009
5012	5013
5012	5014
5015	5009
5015	5010
5015	5014
5015	5016
5016	5011
5016	5015
5016	5017
5014	5012
5014	5015
5014	5017
5062	5013
5062	5061
5062	5063
5017	5014
5017	5016
5017	5037
5017	5064
5064	5017
5064	5063
5064	5068
5021	5020
5021	5022
5021	5039
5039	5021
5039	5038
5039	5040
5039	5098
5023	5022
5023	5024
5023	5032
5023	5041
5041	5023
5041	5040
5041	5042
5032	5023
5032	5025
5032	5031
5032	5042
5028	5025
5028	5029
5028	5030
5028	5035
5027	5026
5027	41319
41319	5027
41319	41318
5030	5028
5030	5031
5030	5034
5031	5030
5031	5032
5031	5045
5034	5030
5034	5033
5034	5102
5045	5031
5045	5044
5045	37238
5042	5032
5042	5041
5042	5043
5033	5034
5033	5035
5033	5101
5033	5153
5101	5033
5101	5100
5101	5105
5153	5033
5153	5154
5153	5158
5102	5034
5102	5047
5102	37238
5068	5037
5068	5064
5068	5067
5086	5038
5086	5067
5086	5085
5086	5098
5040	5039
5040	5041
5040	5099
5040	5108
5098	5039
5098	5086
5098	5099
5099	5040
5099	5098
5099	5106
5108	5040
5108	5043
5108	5107
5108	5112
5043	5042
5043	5044
5043	5046
5043	5108
5044	5043
5044	5045
5044	5048
5046	5043
5046	5047
5046	5112
5046	5113
5048	5044
5048	5047
37238	5045
37238	5102
5047	5046
5047	5048
5047	5100
5047	5102
5112	5046
5112	5108
5112	5111
5113	5046
5113	5100
5113	5114
5113	5133
5100	5047
5100	5101
5100	5103
5100	5113
5053	5049
5053	5050
5053	5052
5053	5054
5054	5051
5054	5053
5054	5055
5054	5057
5058	5051
5058	5056
5055	5052
5055	5054
5055	5072
5055	5073
5057	5054
5057	5056
5057	5071
5057	5077
5072	5055
5072	5071
5072	5074
5072	5075
5073	5055
5073	5070
5073	5074
5073	5325
5056	5057
5056	5058
5056	5059
5059	5056
5059	5060
5059	5066
5059	5079
5071	5057
5071	5072
5071	5078
5077	5057
5077	5076
5077	5079
5077	5082
5060	5059
5060	5061
5060	5063
5060	5065
5066	5059
5066	5065
5066	5080
5066	5085
5079	5059
5079	5077
5079	5081
5061	5060
5061	5062
5063	5060
5063	5062
5063	5064
5065	5060
5065	5066
5065	5067
5065	5069
5067	5065
5067	5068
5067	5086
5069	5065
5080	5066
5080	5081
5080	5084
5085	5066
5085	5083
5085	5086
5078	5071
5074	5072
5074	5073
5074	5087
5074	5326
5075	5072
5075	5076
5075	5087
5325	5073
5325	5324
5325	5326
5325	5327
5087	5074
5087	5075
5087	5091
5087	5329
5326	5074
5326	5325
5326	5328
5326	5329
5076	5075
5076	5077
5076	5082
5076	5091
5082	5076
5082	5077
5082	5081
5082	5094
5082	5097
5091	5076
5091	5087
5091	5088
5091	5090
5081	5079
5081	5080
5081	5082
5084	5080
5084	5083
5084	5092
5094	5082
5094	5093
5094	5096
5097	5082
5097	5090
5097	5096
5083	5084
5083	5085
5083	5115
5115	5083
5115	5106
5115	5116
5092	5084
5092	5093
5092	5116
5329	5087
5329	5088
5329	5326
5329	5332
5088	5089
5088	5091
5088	5329
5088	5336
5089	5088
5089	5090
5089	5330
5336	5088
5336	5332
5336	5338
5336	5339
5090	5089
5090	5091
5090	5095
5090	5097
5330	5089
5330	5331
5330	5337
5095	5090
5095	5096
5095	5117
5095	5331
5093	5092
5093	5094
5093	5118
5093	5121
5116	5092
5116	5115
5116	5122
5121	5093
5121	5120
5121	5122
5118	5093
5118	5096
5118	5117
5118	5120
5096	5094
5096	5095
5096	5097
5096	5118
5117	5095
5117	5118
5117	5119
5117	5344
5331	5095
5331	5330
5331	5344
5106	5099
5106	5107
5106	5115
5103	5100
5103	5104
5103	5224
5103	5231
5105	5101
5105	5104
5104	5103
5104	5105
5104	5160
5224	5103
5224	5162
5224	5229
5224	5233
5231	5103
5231	5132
5231	5232
5160	5104
5160	5158
5160	5159
5107	5106
5107	5108
5107	5110
5107	5123
5110	5107
5110	5109
5110	5128
5123	5107
5123	5122
5123	5126
5109	5110
5109	5111
5109	5130
5111	5109
5111	5112
5111	5114
5130	5109
5130	5129
5130	5135
5128	5110
5128	5127
5128	5134
5114	5111
5114	5113
5114	5129
5133	5113
5133	5132
5133	5232
5129	5114
5129	5130
5129	5131
5122	5116
5122	5121
5122	5123
5122	5124
5119	5117
5119	5120
5119	5125
5119	5345
5344	5117
5344	5331
5344	5343
5344	5345
5120	5118
5120	5119
5120	5121
5120	5124
5125	5119
5125	5124
5125	5346
5125	5348
5345	5119
5345	5344
5345	5346
5124	5120
5124	5122
5124	5125
5124	5349
5126	5123
5126	5127
5126	5349
5349	5124
5349	5126
5349	5348
5349	5351
5346	5125
5346	5345
5346	5347
5346	5359
5348	5125
5348	5347
5348	5349
5348	5350
5127	5126
5127	5128
5127	5137
5137	5127
5137	5134
5137	5138
5137	5351
5134	5128
5134	5135
5134	5137
5131	5129
5131	5132
5131	5136
5131	5234
5135	5130
5135	5134
5135	5136
5135	5138
5132	5131
5132	5133
5132	5231
5132	5234
5136	5131
5136	5135
5136	5248
5136	5249
5234	5131
5234	5132
5234	5233
5234	5248
5232	5133
5232	5231
5138	5135
5138	5137
5138	5249
5138	5353
5248	5136
5248	5234
5248	5235
5248	5250
5249	5136
5249	5138
5249	5250
5249	5354
5351	5137
5351	5349
5351	5350
5351	5353
5353	5138
5353	5351
5353	5352
5353	5354
5145	5139
5145	5141
5145	5146
5145	5157
5155	5139
5155	5156
5155	5157
5155	5159
5143	5142
5143	5144
5143	5148
5143	5152
5147	5142
5147	5146
5147	5152
5148	5143
5148	5149
5148	5170
5152	5143
5152	5147
5152	5151
5150	5144
5150	5149
5150	5185
5150	5186
5146	5145
5146	5147
5146	5151
5146	5165
5157	5145
5157	5155
5157	5161
5157	5164
5151	5146
5151	5152
5151	5166
5151	5167
5165	5146
5165	5164
5165	5166
5149	5148
5149	5150
5149	5170
5149	5187
5170	5148
5170	5149
5170	5168
5170	5196
5187	5149
5187	5183
5187	5185
5187	5196
5185	5150
5185	5183
5185	5184
5185	5187
5186	5150
5186	5184
5186	37261
5166	5151
5166	5165
5166	5171
5166	5175
5167	5151
5167	5168
5167	5171
5167	5173
5158	5153
5158	5156
5158	5160
5159	5155
5159	5160
5159	5162
5161	5157
5161	5162
5161	5163
5164	5157
5164	5163
5164	5165
5164	5175
5162	5159
5162	5161
5162	5224
5163	5161
5163	5164
5163	5229
5163	5236
5236	5163
5236	5175
5236	5228
5236	5238
5229	5163
5229	5224
5229	5228
5229	5230
5175	5164
5175	5166
5175	5176
5175	5236
5171	5166
5171	5167
5171	5172
5171	5176
5168	5167
5168	5169
5168	5170
5168	5174
5173	5167
5173	5172
5173	5174
5173	5212
5169	5168
5174	5168
5174	5173
5174	5196
5174	5211
5196	5170
5196	5174
5196	5187
5196	5195
5172	5171
5172	5173
5172	5177
5172	5213
5176	5171
5176	5175
5176	5177
5176	5239
5177	5172
5177	5176
5177	5213
5177	5218
5177	5240
5213	5172
5213	5177
5213	5212
5213	5214
5212	5173
5212	5203
5212	5211
5212	5213
5211	5174
5211	5195
5211	5202
5211	5212
5239	5176
5239	5238
5239	5241
5240	5177
5240	5241
5240	5247
5240	5261
5218	5177
5218	5214
5218	5219
5178	5179
5178	5180
5178	16358
5179	5178
5179	5182
5179	16354
5180	5178
5180	5181
5180	16349
16358	5178
16358	16350
5182	5179
5182	5181
5182	16352
16354	5179
16354	16344
16354	16351
5181	5180
5181	5182
5181	16345
16349	5180
16349	16348
16349	16350
16345	5181
16345	16346
16345	16348
16352	5182
16352	16351
16352	16353
5189	5183
5189	5190
5189	5191
5189	5195
5653	5188
5653	5654
5653	5941
5653	5973
5210	5188
5210	5193
5210	5209
5210	5942
5191	5189
5191	5192
5191	5200
5191	5205
5191	5206
5195	5189
5195	5196
5195	5201
5195	5211
5194	5190
5194	5193
5192	5191
5192	5193
5192	5206
5192	5209
5200	5191
5200	5199
5200	5205
5200	5223
5205	5191
5205	5200
5205	5206
5205	5222
5206	5191
5206	5192
5206	5205
5193	5192
5193	5194
5193	5210
5209	5192
5209	5210
5209	5222
5209	5975
5201	5195
5201	5202
5197	5198
5197	5199
5197	5267
5197	7863
5198	5197
5198	5203
5198	5204
5198	5217
5199	5197
5199	5200
5199	5292
5267	5197
5267	5217
5267	5270
7863	5197
7863	7864
7863	8309
5203	5198
5203	5202
5203	5212
5203	5214
5204	5198
5217	5198
5217	5215
5217	5267
5292	5199
5292	5223
5292	5293
5292	7864
5223	5200
5223	5222
5223	5291
5223	5292
5202	5201
5202	5203
5202	5211
5214	5203
5214	5213
5214	5218
5222	5205
5222	5209
5222	5223
5222	5983
5207	5208
5207	20773
5207	20804
5208	5207
5208	5651
20804	5207
20804	5652
20804	20798
20773	5207
20773	20774
20773	20775
20773	20838
5651	5208
5651	5652
5975	5209
5975	5942
5975	5977
5975	5983
5942	5210
5942	5941
5942	5975
5215	5216
5215	5217
5215	5271
5215	5273
5216	5215
5216	5219
5216	5272
5273	5215
5273	5272
5273	5276
5273	5513
5271	5215
5271	5269
5271	5270
5219	5216
5219	5218
5219	5260
5272	5216
5272	5266
5272	5273
5272	5511
5260	5219
5260	5262
5260	5266
42634	5220
23563	5221
23563	23562
23563	23564
23563	23798
5983	5222
5983	5975
5983	5987
5983	5988
5291	5223
5291	5290
5291	5988
5233	5224
5233	5234
5233	5235
5225	5226
5225	5227
5225	5257
5225	5258
5226	5225
5226	5230
5226	5253
5227	5225
5227	5228
5227	5243
5257	5225
5257	5256
5258	5225
5258	5253
5258	5254
5258	36266
5230	5226
5230	5229
5230	5235
5230	5252
5253	5226
5253	5252
5253	5258
5253	5461
5228	5227
5228	5229
5228	5236
5228	5237
5243	5227
5243	5237
5243	5244
5243	5256
5237	5228
5237	5238
5237	5242
5237	5243
5235	5230
5235	5233
5235	5248
5235	5251
5252	5230
5252	5251
5252	5253
5252	5456
5251	5235
5251	5250
5251	5252
5251	5452
5251	5455
5238	5236
5238	5237
5238	5239
5242	5237
5242	5241
5242	5244
5241	5239
5241	5240
5241	5242
5247	5240
5247	5246
5247	5264
5261	5240
5261	5262
5261	5263
5244	5242
5244	5243
5244	5245
5256	5243
5256	5255
5256	5257
5245	5244
5245	5246
5245	5259
5246	5245
5246	5247
5246	5278
5259	5245
5259	5255
5259	5466
5259	5467
5259	5470
5259	5482
5278	5246
5278	5277
5278	5470
5264	5247
5264	5263
5264	5277
5250	5248
5250	5249
5250	5251
5250	5354
5250	5451
5250	5452
5354	5249
5354	5250
5354	5353
5354	5355
5451	5250
5451	5374
5451	5452
5451	5453
5452	5250
5452	5251
5452	5451
5452	5455
5455	5251
5455	5452
5455	5454
5455	5456
5456	5252
5456	5454
5456	5455
5456	5461
5461	5253
5461	5456
5461	5460
5461	36266
5254	5255
5254	5258
5254	5468
5255	5254
5255	5256
5255	5259
5255	5467
5468	5254
5468	5467
5468	5469
5468	36266
5467	5255
5467	5259
5467	5466
5467	5468
36266	5258
36266	5461
36266	5468
36266	36267
5470	5259
5470	5278
5470	5482
5470	5484
5466	5259
5466	5465
5466	5467
5466	5480
5482	5259
5482	5470
5482	5483
5482	37252
5262	5260
5262	5261
5262	5265
5266	5260
5266	5265
5266	5272
5266	5282
5263	5261
5263	5264
5263	5265
5263	5279
5265	5262
5265	5263
5265	5266
5265	5280
5279	5263
5279	5277
5279	5280
5279	5487
5277	5264
5277	5278
5277	5279
5277	5484
5280	5265
5280	5279
5280	5281
5282	5266
5282	5281
5282	5508
5270	5267
5270	5268
5270	5271
5268	5269
5268	5270
5268	5274
5268	5287
5268	5318
5269	5268
5269	5271
5269	5276
5274	5268
5274	5275
5274	5303
5274	5318
5287	5268
5287	5286
5287	5288
5287	5294
5318	5268
5318	5274
5318	5302
5318	40778
5276	5269
5276	5273
5276	5275
5511	5272
5511	5508
5511	5512
5511	5513
5513	5273
5513	5511
5513	5515
5513	5521
5275	5274
5275	5276
5275	5316
5303	5274
5303	5300
5303	5302
5316	5275
5316	5317
5316	5521
5484	5277
5484	5470
5484	5483
5484	5487
5487	5279
5487	5281
5487	5484
5487	5486
5281	5280
5281	5282
5281	5485
5281	5487
5485	5281
5485	5486
5485	5508
5485	5509
5508	5282
5508	5485
5508	5510
5508	5511
5284	5283
5284	41441
41441	5284
41441	41442
5285	5286
5285	5288
5285	5301
5286	5285
5286	5287
5286	5289
5286	5323
5288	5285
5288	5287
5288	40778
5301	5285
5301	5300
5301	5302
5301	5319
5301	5519
5289	5286
5289	5290
5323	5286
5323	5322
5323	6082
5294	5287
5294	5293
5294	40003
40778	5288
40778	5302
40778	5318
5290	5289
5290	5291
5290	5989
5989	5290
5989	5988
5989	5990
5988	5291
5988	5983
5988	5989
5293	5292
5293	5294
5293	8623
7864	5292
7864	7863
7864	8309
7864	8623
8623	5293
8623	7864
8623	8309
8623	40003
40003	5294
40003	8309
40003	8623
21886	5295
21886	16856
21886	21887
5296	5297
5296	5299
5296	33728
5296	41678
5297	5296
5297	5298
5297	33727
5297	41678
5299	5296
5299	5298
5299	31977
5299	41673
41678	5296
41678	5297
41678	33728
33728	5296
33728	33727
33728	33729
33728	33748
33728	41678
5298	5297
5298	5299
5298	31978
5298	33726
33727	5297
33727	33726
33727	33728
33726	5298
33726	31981
33726	33727
33726	33761
31978	5298
31978	31977
31978	31979
41673	5299
41673	33463
41673	41674
31977	5299
31977	31976
31977	31978
31977	41674
5300	5301
5300	5303
5300	5317
5300	5519
5317	5300
5317	5316
5317	5520
5519	5300
5519	5301
5519	5518
5302	5301
5302	5303
5302	5318
5302	40778
5319	5301
5319	5320
5319	5524
5306	5305
5306	5307
5306	21909
5607	5305
5607	5606
5607	21897
5622	5305
5622	5623
5622	5624
5622	5641
5622	5642
5307	5306
5307	5308
5307	21908
21909	5306
21909	5641
21909	5642
21909	21908
21909	21910
5308	5307
5308	5309
5308	21940
21908	5307
21908	21907
21908	21909
21908	21940
5309	5308
5309	5310
5309	16856
21940	5308
21940	16878
21940	21908
21940	21941
5310	5309
5310	5311
16856	5309
16856	16851
16856	16855
16856	21886
5312	5313
5312	5314
5312	20638
5313	5312
5313	5315
5313	20599
5313	25205
5313	36071
5313	36077
20638	5312
20638	20637
20599	5313
20599	20600
20599	25210
25205	5313
25205	25206
25205	41050
36071	5313
36071	20732
36071	27604
36071	36072
36077	5313
36077	20763
36077	36072
36077	39085
42134	5314
42134	37907
20576	5315
20576	20571
20576	20577
20576	42907
5521	5316
5521	5513
5521	5515
5521	5522
5520	5317
5520	5516
5520	5522
5520	5536
5320	5319
5320	5321
5320	5526
5524	5319
5524	5518
5524	5525
5524	5534
5321	5320
5321	5322
5321	6088
5526	5320
5526	5525
5526	6307
5322	5321
5322	5323
5322	6083
6088	5321
6088	6083
6088	6085
6083	5322
6083	6084
6083	6088
6082	5323
6082	5990
6082	6084
5328	5326
5328	5327
5328	5332
5328	5334
5332	5328
5332	5329
5332	5335
5332	5336
5334	5328
5334	5333
5334	5335
5334	5376
5337	5330
5337	5338
5337	5343
5335	5332
5335	5334
5335	5339
5335	5377
5376	5334
5376	5375
5376	5377
5376	5379
5339	5335
5339	5336
5339	5341
5339	5382
5377	5335
5377	5376
5377	5380
5377	5382
5338	5336
5338	5337
5338	5340
5343	5337
5343	5342
5343	5344
5343	5359
5340	5338
5340	5341
5340	5342
5341	5339
5341	5340
5341	5384
5341	5385
5382	5339
5382	5377
5382	5381
5382	5383
5342	5340
5342	5343
5342	5360
5342	5385
5384	5341
5384	5383
5384	5387
5385	5341
5385	5342
5385	5386
5385	5387
5360	5342
5360	5359
5360	5362
5360	5386
5359	5343
5359	5346
5359	5360
5359	5361
5347	5346
5347	5348
5347	5356
5347	5361
5356	5347
5356	5350
5356	5357
5356	5363
5361	5347
5361	5359
5361	5362
5361	5363
5350	5348
5350	5351
5350	5352
5350	5356
5352	5350
5352	5353
5352	5355
5352	5357
5355	5352
5355	5354
5355	5358
5355	5374
5357	5352
5357	5356
5357	5358
5357	5364
5358	5355
5358	5357
5358	5369
5358	5373
5374	5355
5374	5373
5374	5451
5374	5462
5363	5356
5363	5361
5363	5364
5363	5366
5364	5357
5364	5363
5364	5368
5364	5369
5369	5358
5369	5364
5369	5370
5373	5358
5373	5372
5373	5374
5373	5463
5362	5360
5362	5361
5362	5365
5386	5360
5386	5385
5386	5392
5365	5362
5365	5366
5365	5392
5366	5363
5366	5365
5366	5367
5368	5364
5368	5367
5368	5370
5368	5418
5392	5365
5392	5367
5392	5386
5392	5391
5367	5366
5367	5368
5367	5391
5367	5392
5367	5423
5391	5367
5391	5390
5391	5392
5391	5421
5370	5368
5370	5369
5370	5371
5370	5416
5370	5427
5371	5370
5371	5372
5371	5430
5416	5370
5416	5417
5416	5425
5427	5370
5427	5426
5427	5429
5372	5371
5372	5373
5372	5491
5430	5371
5430	5428
5491	5372
5491	5428
5491	5463
5491	5492
5463	5373
5463	5462
5463	5488
5463	5491
5462	5374
5462	5453
5462	5458
5462	5463
5379	5376
5379	5378
5379	5380
5379	5397
5379	5400
5380	5377
5380	5379
5380	5381
5380	5400
5396	5378
5396	5395
5396	5397
5397	5379
5397	5396
5397	5398
5400	5379
5400	5380
5400	5399
5400	5401
5381	5380
5381	5382
5381	5393
5381	5401
5401	5381
5401	5400
5401	5402
5401	5404
5393	5381
5393	5383
5393	5394
5393	5403
5383	5382
5383	5384
5383	5393
5387	5384
5387	5385
5387	5388
5388	5387
5388	5389
5388	5394
5389	5388
5389	5390
5389	5406
5394	5388
5394	5393
5394	5405
5390	5389
5390	5391
5390	5415
5406	5389
5406	5407
5406	5415
5415	5390
5415	5406
5415	5419
5415	5420
5403	5393
5403	5404
5403	5405
5405	5394
5405	5403
5405	5408
5398	5395
5398	5397
5398	5399
5398	7944
7807	5395
7807	7806
7807	7816
7807	7944
5399	5398
5399	5400
5399	5402
5399	7954
7944	5398
7944	7807
7944	7847
7944	7954
5402	5399
5402	5401
5402	5409
5402	7955
7954	5399
7954	7845
7954	7944
7954	7955
5404	5401
5404	5403
5404	5408
5404	5411
5409	5402
5409	5410
5409	7956
5409	7958
7955	5402
7955	7954
7955	7959
7955	7963
5411	5404
5411	5410
5411	5412
5408	5404
5408	5405
5408	5407
5408	5412
5407	5406
5407	5408
5407	5414
5407	5419
5414	5407
5414	5413
5414	5434
5419	5407
5419	5415
5419	5431
5419	5434
5412	5408
5412	5411
5412	5413
5410	5409
5410	5411
5410	5413
7956	5409
7956	5413
7956	7957
7956	7960
7958	5409
7958	7959
7958	7960
5413	5410
5413	5412
5413	5414
5413	7956
5434	5414
5434	5419
5434	5435
5420	5415
5420	5421
5420	5431
5417	5416
5417	5418
5417	5425
5417	5444
5425	5416
5425	5417
5425	5426
5425	5446
5424	5418
5424	5423
5431	5419
5431	5420
5431	5433
5431	5435
5426	5425
5426	5427
5426	5446
5426	5544
5446	5425
5446	5426
5446	5445
5446	5550
5544	5426
5544	5429
5544	5545
5544	5550
5429	5427
5429	5428
5429	5544
5429	5545
5428	5429
5428	5430
5428	5491
5428	5501
5501	5428
5501	5492
5501	5497
5501	5545
5545	5429
5545	5501
5545	5544
5545	5546
5435	5431
5435	5434
5435	5436
5435	7957
5436	5433
5436	5435
5436	5437
7957	5435
7957	7956
7957	7961
5437	5436
5437	5438
5437	7961
5437	7983
7961	5437
7961	7957
7961	7962
7961	7971
7983	5437
7983	7982
7983	7984
7983	7993
5442	5438
5442	5443
5442	7980
7984	5438
7984	7983
7984	7985
7984	7994
7980	5442
7980	7979
7980	7985
5447	5443
5447	5448
5447	7975
5445	5444
5445	5446
5445	5562
5445	7976
5448	5444
5448	5447
5448	7974
5562	5445
5562	5550
5562	5563
5562	7977
7976	5445
7976	7974
7976	7978
5550	5446
5550	5544
5550	5562
5550	5564
7975	5447
7975	7973
7975	7979
7974	5448
7974	7972
7974	7976
5453	5451
5453	5454
5453	5458
5453	5462
5454	5453
5454	5455
5454	5456
5454	5459
5458	5453
5458	5457
5458	5462
5458	5488
5459	5454
5459	5457
5459	5460
5459	5464
5457	5458
5457	5459
5457	5464
5457	5476
5464	5457
5464	5459
5464	5465
5464	5469
5464	5471
5476	5457
5476	5471
5476	5488
5476	5492
5476	5493
5476	5494
5488	5458
5488	5463
5488	5476
5488	5492
5460	5459
5460	5461
5460	36267
36267	5460
36267	36266
5465	5464
5465	5466
5465	5471
5465	5481
5469	5464
5469	5468
5471	5464
5471	5465
5471	5476
5471	5490
5481	5465
5481	5475
5481	5480
5481	5489
5480	5466
5480	5479
5480	5481
5490	5471
5490	5489
5490	5493
5490	5498
5472	5473
5472	5474
5472	5495
5472	5504
5473	5472
5473	5475
5473	5489
5473	5502
5474	5472
5474	5475
5474	5477
5474	5495
5495	5472
5495	5474
5495	5486
5495	5505
5495	5509
5495	5528
5504	5472
5504	5502
5504	5505
5504	5506
5475	5473
5475	5474
5475	5481
5489	5473
5489	5481
5489	5490
5489	5499
5502	5473
5502	5499
5502	5503
5502	5504
5477	5474
5477	5478
5477	5483
5492	5476
5492	5488
5492	5491
5492	5494
5492	5501
5493	5476
5493	5490
5493	5494
5493	5498
5494	5476
5494	5492
5494	5493
5494	5497
5478	5477
5478	5479
5483	5477
5483	5482
5483	5484
5483	5486
5479	5478
5479	5480
5479	37252
37252	5479
37252	5482
5486	5483
5486	5485
5486	5487
5486	5495
5509	5485
5509	5495
5509	5510
5509	5528
5499	5489
5499	5498
5499	5500
5499	5502
5498	5490
5498	5493
5498	5496
5498	5499
5497	5494
5497	5496
5497	5501
5497	5546
5505	5495
5505	5504
5505	5507
5505	5527
5528	5495
5528	5509
5528	5527
5528	5529
5496	5497
5496	5498
5496	5500
5496	5547
5500	5496
5500	5499
5500	5503
5500	5551
5547	5496
5547	5546
5547	5548
5547	5551
5546	5497
5546	5545
5546	5547
5546	5549
5503	5500
5503	5502
5503	5506
5503	5553
5551	5500
5551	5547
5551	5552
5551	5553
5506	5503
5506	5504
5506	5507
5506	5556
5553	5503
5553	5551
5553	5554
5553	5556
5507	5505
5507	5506
5507	5559
5507	5578
5527	5505
5527	5528
5527	5530
5527	5578
5556	5506
5556	5553
5556	5559
5559	5507
5559	5556
5559	5558
5578	5507
5578	5527
5578	5558
5578	5579
5510	5508
5510	5509
5510	5512
5510	5529
5512	5510
5512	5511
5512	5514
5529	5510
5529	5523
5529	5528
5529	5530
5514	5512
5514	5515
5514	5523
5515	5513
5515	5514
5515	5521
5523	5514
5523	5522
5523	5529
5523	5531
5516	5517
5516	5520
5516	5535
5516	5537
5517	5516
5517	5518
5535	5516
5535	5533
5535	5541
5537	5516
5537	5536
5537	5539
5537	5542
5518	5517
5518	5519
5518	5524
5522	5520
5522	5521
5522	5523
5522	5532
5536	5520
5536	5532
5536	5537
5536	5587
5532	5522
5532	5531
5532	5536
5532	5581
5531	5523
5531	5530
5531	5532
5531	5580
5525	5524
5525	5526
5525	6308
5525	6315
5534	5524
5534	5533
5534	6315
6315	5525
6315	5534
6315	6312
6315	6316
6308	5525
6308	6307
6308	6309
6308	6312
6307	5526
6307	6085
6307	6308
5530	5527
5530	5529
5530	5531
5530	5579
5579	5530
5579	5578
5579	5580
5579	5582
5580	5531
5580	5579
5580	5581
5580	5582
5580	5584
5580	5586
5581	5532
5581	5580
5581	5586
5581	5587
5533	5534
5533	5535
5533	5543
5533	6316
5543	5533
5543	5540
5543	6336
5543	6338
6316	5533
6316	6315
6316	6317
6316	6336
5541	5535
5541	5540
5541	5542
5587	5536
5587	5581
5587	5586
5587	5588
5587	5589
5587	5591
5542	5537
5542	5541
5539	5537
5539	5538
5539	5589
5539	5592
5538	5539
5538	5540
5538	5593
5540	5538
5540	5541
5540	5543
5540	5594
5593	5538
5593	5592
5593	5595
5593	5604
5589	5539
5589	5587
5589	5592
5592	5539
5592	5589
5592	5591
5592	5593
5594	5540
5594	5595
5594	6337
6336	5543
6336	6316
6336	6323
6336	6339
6338	5543
6338	6337
6338	6339
6338	6388
5549	5546
5549	5548
5549	5564
5549	5565
5548	5547
5548	5549
5548	5552
5548	5569
5552	5548
5552	5551
5552	5555
5569	5548
5569	5568
5569	5570
5565	5549
5565	5566
5565	5567
5564	5549
5564	5550
5564	5563
5555	5552
5555	5554
5555	5570
5554	5553
5554	5555
5554	5560
5560	5554
5560	5561
5560	5571
5570	5555
5570	5569
5570	5571
5570	5574
5557	5558
5557	5561
5557	5576
5557	5583
5558	5557
5558	5559
5558	5578
5558	5582
5561	5557
5561	5560
5561	5575
5576	5557
5576	5577
5576	5596
5576	8082
5583	5557
5583	5582
5583	5584
5583	5596
5582	5558
5582	5579
5582	5580
5582	5583
5571	5560
5571	5570
5571	5572
5571	5575
5575	5561
5575	5571
5575	5577
5563	5562
5563	5564
5563	5566
7977	5562
7977	7978
7977	8009
5566	5563
5566	5565
5566	8073
5567	5565
5567	5568
5567	5573
5567	8074
8073	5566
8073	8009
8073	8076
5568	5567
5568	5569
5568	5574
5573	5567
5573	5572
5573	5574
5573	8080
8074	5567
8074	8075
8074	8080
5574	5568
5574	5570
5574	5573
5572	5571
5572	5573
5572	5577
5572	8079
5577	5572
5577	5575
5577	5576
5577	8081
8079	5572
8079	8078
8079	8081
8080	5573
8080	8074
8080	8078
8080	8085
5596	5576
5596	5583
5596	5597
5596	8110
8082	5576
8082	8081
8082	8100
8082	8108
8082	8110
8081	5577
8081	8079
8081	8082
8081	8098
5584	5580
5584	5583
5584	5585
5584	5597
5586	5580
5586	5581
5586	5585
5586	5587
5585	5584
5585	5586
5585	5588
5585	5598
5597	5584
5597	5596
5597	5598
5597	8118
5588	5585
5588	5587
5588	5590
5588	5599
5598	5585
5598	5597
5598	5600
5591	5587
5591	5590
5591	5592
5591	5604
5590	5588
5590	5591
5590	5602
5590	5605
5599	5588
5599	5600
5599	5602
5605	5590
5602	5590
5602	5599
5602	5601
5602	6409
5604	5591
5604	5593
5604	5603
5595	5593
5595	5594
5595	5603
5595	6386
6337	5594
6337	6338
6337	6386
5603	5595
5603	5601
5603	5604
5603	6386
6386	5595
6386	5603
6386	6337
6386	6395
8110	5596
8110	8082
8110	8109
8118	5597
8118	5600
8118	8117
8118	8120
5600	5598
5600	5599
5600	8118
5600	8119
5600	8123
8119	5600
8119	8120
8119	8123
8119	8125
8119	8139
8123	5600
8123	6409
8123	6413
8123	8119
8123	8126
8123	8138
5601	5602
5601	5603
5601	6388
6388	5601
6388	6338
6388	6387
6388	6395
6409	5602
6409	6410
6409	6413
6409	8123
5608	5609
5608	5610
5608	5665
5608	6026
5608	6029
5609	5608
5609	5610
5609	36272
5610	5608
5610	5609
5610	5663
5610	5666
5665	5608
5665	5660
5665	5666
5665	5668
6029	5608
6029	5612
6029	6026
6029	6028
6029	22537
6029	36271
6026	5608
6026	5668
6026	6020
6026	6029
36272	5609
36272	5664
36272	36271
36272	43150
5666	5610
5666	5661
5666	5663
5666	5665
5663	5610
5663	5655
5663	5664
5663	5666
5611	5612
5611	5613
5611	5718
5611	5723
5612	5611
5612	5617
5612	6029
5612	6050
5613	5611
5613	5614
5723	5611
5723	5717
5723	5725
5723	6051
5718	5611
5718	5689
5718	5717
5617	5612
5617	5616
5617	22537
6050	5612
6050	6027
6050	6051
6050	6055
5614	5613
5614	5615
5614	22539
5615	5614
5615	5616
5615	22537
22539	5614
22539	22538
22539	43154
5616	5615
5616	5617
22537	5615
22537	5617
22537	6029
22537	43156
5618	5619
5618	5620
5618	43139
5618	43141
5619	5618
5619	5621
5619	40604
5619	43141
5620	5618
5620	5621
5620	43137
5620	43157
43139	5618
43139	43137
43139	43140
43139	43146
43141	5618
43141	5619
43141	43140
43141	43153
5621	5619
5621	5620
5621	40603
5621	43158
40604	5619
40604	6069
40604	40603
43137	5620
43137	43136
43137	43138
43137	43139
40603	5621
40603	6069
40603	40604
40603	43159
43158	5621
43158	6048
43158	40598
43158	43157
5623	5622
5623	5626
5623	21919
5623	21922
5624	5622
5624	5625
5624	21893
5624	21896
5641	5622
5641	5642
5641	21909
5642	5622
5642	5641
5642	21909
5626	5623
5626	5625
5626	21923
21919	5623
21919	21916
21919	21920
21919	21923
21922	5623
21922	21910
21922	21921
5625	5624
5625	5626
5625	21903
21896	5624
21896	21897
21896	21900
21903	5625
21903	21902
21903	21905
21923	5626
21923	21919
21923	38928
21923	42876
5628	5627
5628	5630
5630	5628
5630	5629
5630	40601
40601	5630
40601	5638
5631	5632
5631	5635
5631	33114
5631	33120
5632	5631
5632	5633
5632	33116
5635	5631
5635	5634
5635	33122
33114	5631
33114	33115
33114	33300
33114	33441
33120	5631
33120	33119
33120	33121
5633	5632
5633	5634
5633	33429
5633	41069
33116	5632
33116	33115
33116	33428
5634	5633
5634	5635
5634	35195
33429	5633
33429	33428
33429	41068
33429	43451
41069	5633
41069	33314
41069	35195
41069	41068
35195	5634
35195	33122
35195	33314
35195	41069
33122	5635
33122	33123
33122	33124
33122	35195
40607	5638
40607	6038
40607	40610
5768	5639
5768	5767
5768	5771
5761	5640
5761	5762
5761	36270
5767	5640
5767	5768
5767	5770
5767	36268
40594	5643
40594	40595
40594	40610
5664	5644
5664	5656
5664	5663
5664	36272
5656	5645
5656	5655
5656	5664
5648	5647
5648	5649
5648	5981
5648	42143
5981	5648
5981	5978
5981	5980
5981	5982
42143	5648
42143	36273
5978	5649
5978	5973
5978	5981
5978	5982
5654	5650
5654	5653
5973	5650
5973	5653
5973	5972
5973	5978
5652	5651
5652	20804
5652	40900
5652	41936
40900	5652
40900	40899
40900	40901
41936	5652
5941	5653
5941	5942
5941	5972
5660	5657
5660	5661
5660	5665
5660	5668
5662	5657
5662	5658
5662	5659
5662	5661
5667	5657
5667	5668
5667	6021
5667	6022
6035	5657
6035	6022
6035	6034
6033	5657
6033	6034
6033	6044
6033	38482
36273	5657
36273	36274
36273	42143
5661	5659
5661	5660
5661	5662
5661	5666
5668	5660
5668	5665
5668	5667
5668	6026
6021	5667
6021	6020
6022	5667
6022	6023
6022	6035
5669	5670
5669	5671
5669	6303
5671	5669
5671	5672
5671	40600
5671	40602
6303	5669
6303	6302
6303	6304
5672	5670
5672	5671
5672	28776
40600	5671
40600	5876
40600	6302
40602	5671
40602	5875
40602	28776
40602	40605
28776	5672
28776	28777
28776	28779
28776	40602
5673	5674
5673	5675
5673	5687
5673	5706
5674	5673
5674	5676
5674	5684
5674	5685
5675	5673
5675	5676
5675	19499
5687	5673
5687	5686
5687	5705
5706	5673
5706	5705
5706	5790
5676	5674
5676	5675
5684	5674
5684	5683
5684	5686
5684	5707
5685	5674
5685	5683
5685	5704
5685	19498
19499	5675
19499	5791
19499	19495
5677	5678
5677	5679
5678	5677
5678	5680
5678	5681
5679	5677
5679	5680
5679	12424
5680	5678
5680	5679
5680	5682
5681	5678
5681	5682
5681	12425
12424	5679
12424	12423
5682	5680
5682	5681
5682	12426
12425	5681
12426	5682
5683	5684
5683	5685
5683	5703
5683	5708
5703	5683
5703	5702
5703	5704
5703	5710
5708	5683
5708	5707
5708	5710
5708	5711
5686	5684
5686	5687
5686	5709
5686	5816
5707	5684
5707	5708
5707	5709
5707	5714
5704	5685
5704	5703
19498	5685
19498	19497
5709	5686
5709	5707
5709	5818
5816	5686
5816	5795
5816	5817
5816	5818
5705	5687
5705	5706
5705	5817
5688	5689
5688	5690
5688	5719
5688	5722
5689	5688
5689	5692
5689	5716
5689	5718
5690	5688
5690	5691
5719	5688
5719	5716
5719	5721
5722	5688
5722	5720
5722	5732
5692	5689
5692	5691
5692	22538
5692	43133
5716	5689
5716	5717
5716	5719
5716	5726
5691	5690
5691	5692
5691	22342
22342	5691
22342	22156
22342	43132
22342	43138
22538	5692
22538	22539
22538	43154
43133	5692
43133	43132
43133	43145
43133	43146
5693	5694
5693	5695
5693	5715
5693	5759
5694	5693
5694	5696
5694	5741
5694	5754
5695	5693
5695	5696
5695	5701
5695	5712
5715	5693
5715	5712
5715	5740
5715	5758
5759	5693
5759	5754
5759	5757
5696	5694
5696	5695
5696	5697
5696	5739
5741	5694
5741	5739
5741	5742
5754	5694
5754	5752
5754	5755
5754	5759
5712	5695
5712	5710
5712	5711
5712	5715
5701	5695
5701	5697
5701	5702
5701	5710
5739	5696
5739	5698
5739	5733
5739	5741
5697	5696
5697	5698
5697	5699
5697	5701
5698	5697
5698	5700
5698	5729
5698	5739
5699	5697
5699	5700
5699	5702
5699	22156
5700	5698
5700	5699
5700	5731
5729	5698
5729	5730
5729	5731
5729	5733
5702	5699
5702	5701
5702	5703
22156	5699
22156	19497
22156	22342
22156	43131
5731	5700
5731	5729
5731	5732
5731	22341
5710	5701
5710	5703
5710	5708
5710	5712
5817	5705
5817	5816
5790	5706
5790	5791
5790	5792
5790	5795
5714	5707
5714	5713
5714	5828
5711	5708
5711	5712
5711	5713
5711	5740
5818	5709
5818	5816
5818	5819
5713	5711
5713	5714
5713	5827
5713	5834
5740	5711
5740	5715
5740	5834
5827	5713
5827	5823
5827	5828
5827	5832
5834	5713
5834	5740
5834	5833
5828	5714
5828	5819
5828	5827
5758	5715
5758	5756
5758	5837
5717	5716
5717	5718
5717	5723
5717	5724
5726	5716
5726	5721
5726	5724
5726	5727
5724	5717
5724	5725
5724	5726
5724	5727
5724	6161
5721	5719
5721	5720
5721	5726
5721	5728
5720	5721
5720	5722
5720	5736
5720	5738
5738	5720
5738	5734
5738	5737
5736	5720
5736	5728
5736	5735
5736	5744
5728	5721
5728	5727
5728	5736
5728	5746
5732	5722
5732	5730
5732	5731
5725	5723
5725	5724
5725	6051
5725	6058
6051	5723
6051	5725
6051	6050
5727	5724
5727	5726
5727	5728
5727	5746
5727	5751
5727	6163
5727	6166
5727	6167
6161	5724
6161	6058
6161	6160
6161	6163
6058	5725
6058	6055
6058	6060
6058	6161
5746	5727
5746	5728
5746	5744
5746	5751
6163	5727
6163	6161
6163	6164
6166	5727
6166	6167
6166	6168
6166	6169
6167	5727
6167	6164
6167	6165
6167	6166
5751	5727
5751	5746
5751	5750
5751	6168
5730	5729
5730	5732
5730	5734
5733	5729
5733	5734
5733	5739
5733	5742
5734	5730
5734	5733
5734	5738
22341	5731
5742	5733
5742	5735
5742	5741
5742	5747
5735	5736
5735	5737
5735	5742
5735	5745
5737	5735
5737	5738
5745	5735
5745	5743
5745	5747
5744	5736
5744	5743
5744	5746
5744	5750
5747	5742
5747	5745
5747	5748
5747	5755
5743	5744
5743	5745
5743	5748
5743	5749
5748	5743
5748	5747
5748	5753
5748	5760
5749	5743
5749	5750
5749	5760
5749	6193
5750	5744
5750	5749
5750	5751
5750	6175
5750	6193
5755	5747
5755	5753
5755	5754
5753	5748
5753	5752
5753	5755
5760	5748
5760	5749
5760	5763
5760	5881
6193	5749
6193	5750
6193	6192
6175	5750
6175	6168
6175	6174
6175	6192
6168	5751
6168	6166
6168	6175
6168	6176
5752	5753
5752	5754
5752	5763
5752	5848
5763	5752
5763	5760
5763	5873
5848	5752
5848	5757
5848	5847
5848	5873
5756	5757
5756	5758
5757	5756
5757	5759
5757	5848
5837	5758
5837	5836
5837	5839
5837	5852
5881	5760
5881	5880
5881	5889
5881	6192
5873	5763
5873	5848
5873	5874
5873	5882
5764	5765
5764	5766
5764	26807
5765	5764
5765	5766
5765	5778
5765	26808
5766	5764
5766	5765
5766	5779
26807	5764
26807	26806
26807	26808
5778	5765
5778	5783
5778	5784
5778	26809
26808	5765
26808	26807
26808	26809
5779	5766
5779	5780
5779	27010
36268	5767
36268	5777
36268	36269
5770	5767
5770	5769
5770	5771
5770	5777
5769	5770
5769	5771
5769	5776
5769	5793
5769	5797
5776	5769
5776	5777
5776	5799
5776	5801
5793	5769
5793	5791
5793	5792
5797	5769
5797	5792
5797	5796
5797	5799
5773	5772
5773	5775
5773	5919
5773	5922
5775	5773
5775	5774
5775	5868
5919	5773
5919	5869
5919	5920
5919	6721
5870	5774
5870	5871
5870	43127
5914	5774
5914	5913
5914	5915
5868	5775
5868	5869
5801	5776
5801	5799
5801	5800
5801	5802
5799	5776
5799	5797
5799	5798
5799	5801
5783	5778
5783	5782
5783	5785
5784	5778
5784	5786
5784	5787
5784	26810
26809	5778
26809	26808
26809	26810
5780	5779
5780	5781
27010	5779
27010	5781
27010	27011
5781	5780
5781	5782
5781	27010
5782	5781
5782	5783
5782	26902
26902	5782
26902	26903
5785	5783
5785	5786
5786	5784
5786	5785
5786	5788
5787	5784
5787	5788
5787	5789
26810	5784
26810	26809
26810	26811
5788	5786
5788	5787
5788	26811
5789	5787
26811	5788
26811	26810
26811	26812
5791	5790
5791	5793
5791	19499
5792	5790
5792	5793
5792	5794
5792	5797
5795	5790
5795	5794
5795	5816
5795	5819
5794	5792
5794	5795
5794	5796
5794	5820
5796	5794
5796	5797
5796	5798
5796	5821
5796	5824
5820	5794
5820	5819
5820	5821
5819	5795
5819	5818
5819	5820
5819	5828
5798	5796
5798	5799
5798	5800
5821	5796
5821	5820
5821	5823
5824	5796
5824	5822
5824	5825
5824	5830
5824	5831
5800	5798
5800	5801
5800	5802
5802	5800
5802	5801
5803	5804
5803	5805
5803	6832
5803	6840
5805	5803
5805	5806
5805	5926
5805	21549
6832	5803
6832	6830
6832	6837
6832	7039
6840	5803
6840	6839
6840	6842
6785	5804
6785	6784
6785	6786
6785	6831
6830	5804
6830	6831
6830	6832
6830	7032
21549	5805
21549	5806
21549	21548
5807	5808
5807	5809
5807	5948
5948	5807
5948	5943
5948	5949
5948	5951
21183	5810
21183	21182
21183	21195
21196	5810
21196	5811
21196	21194
5812	5813
5812	5815
5812	5974
5815	5812
5815	5814
5815	5964
5815	5968
5974	5812
5974	5967
5974	7143
7148	5813
7148	7129
7148	7152
7148	7187
5968	5815
5968	5963
5968	5967
5968	5969
5823	5821
5823	5822
5823	5827
5822	5823
5822	5824
5822	5826
5822	5832
5826	5822
5826	5825
5826	5835
5826	5856
5832	5822
5832	5827
5832	5833
5832	5835
5825	5824
5825	5826
5825	5829
5825	5844
5830	5824
5830	5829
5830	5831
5830	5841
5831	5824
5831	5830
5831	5842
5829	5825
5829	5830
5829	5840
5829	5845
5835	5826
5835	5832
5835	5836
5835	5838
5856	5826
5856	5836
5856	5844
5856	5857
5840	5829
5840	5841
5840	5846
5845	5829
5845	5843
5845	5846
5845	5860
5841	5830
5841	5840
5841	5842
5841	41908
5842	5831
5842	5841
5842	41910
5833	5832
5833	5834
5833	5839
5839	5833
5839	5837
5839	5838
5836	5835
5836	5837
5836	5853
5836	5856
5838	5835
5838	5839
5853	5836
5853	5852
5853	5854
5853	5857
5852	5837
5852	5851
5852	5853
5852	5855
5846	5840
5846	5845
5846	5861
41908	5841
41908	41909
5843	5844
5843	5845
5843	5859
5860	5845
5860	5858
5860	5861
5861	5846
5861	5860
5861	5915
5847	5848
5847	5849
5847	5872
5847	5874
5849	5847
5849	5850
5872	5847
5872	5850
5872	5862
5874	5847
5874	5873
5874	5883
5874	5884
5850	5849
5850	5851
5850	5872
5851	5850
5851	5852
5851	5862
5862	5851
5862	5855
5862	5872
5862	5884
5855	5852
5855	5854
5855	5862
5864	5854
5864	5863
5864	5894
5864	5902
5858	5859
5858	5860
5858	5913
5858	5918
5913	5858
5913	5914
5915	5861
5915	5914
5901	5863
5901	5866
5901	5900
5901	5902
5867	5863
5867	5865
5867	5866
5867	5905
5865	5866
5865	5867
5865	5904
5865	6701
5866	5865
5866	5867
5866	5900
5866	5901
5866	6701
5904	5865
5904	5905
5904	5911
5904	6701
6701	5865
6701	5866
6701	5904
6701	5910
6701	5920
6701	6702
6701	6719
5900	5866
5900	5895
5900	5901
5900	5910
5869	5868
5869	5871
5869	5919
5869	5921
5869	43134
5869	43135
5871	5869
5871	5870
5871	43127
5871	43135
5921	5869
5921	5920
5921	6719
5921	43134
43134	5869
43134	5911
43134	5916
43134	5921
43135	5869
43135	5871
43135	5916
43135	43126
43127	5870
43127	5871
43127	43126
5882	5873
5882	5880
5882	5883
5875	5876
5875	5879
5875	28777
5875	40602
5876	5875
5876	5877
5876	40600
5879	5875
5879	5878
5879	28780
28777	5875
28777	28776
28777	28778
28777	28780
5877	5876
5877	5878
5878	5877
5878	5879
5878	28780
28780	5878
28780	5879
28780	28777
5880	5881
5880	5882
5880	5888
5888	5880
5888	5887
5889	5881
5889	5886
5889	6191
6192	5881
6192	6175
6192	6191
6192	6193
5893	5883
5893	5891
5885	5886
5885	5887
5885	5890
5885	6209
5886	5885
5886	5889
5886	6173
5886	6208
5887	5885
5887	5888
5887	5891
6209	5885
6209	5903
6209	6208
6209	6217
6173	5886
6173	6171
6173	6174
6173	6204
6208	5886
6208	6207
6208	6209
5891	5887
5891	5890
5891	5893
6191	5889
6191	6174
6191	6192
5903	5890
5903	5896
5903	6209
5903	6218
5906	5895
5906	5907
5906	5909
5906	6705
5908	5896
5908	5907
5908	6218
5897	5898
5897	5899
5897	19519
5898	5897
5898	5899
5898	19521
5898	19556
5899	5897
5899	5898
5899	19314
5899	19515
19519	5897
19519	19508
19519	19529
19519	19554
19521	5898
19521	19520
19521	19556
19556	5898
19556	19521
19556	19555
19314	5899
19314	19313
19314	19315
19314	19509
19515	5899
19515	19313
19515	19514
19515	19520
5910	5900
5910	5909
5910	6701
6218	5903
6218	5908
6218	6217
6218	6219
5911	5904
5911	5912
5911	6719
5911	43134
5912	5905
5912	5911
5912	5916
5912	5917
5912	41504
5907	5906
5907	5908
5907	6219
5907	6706
5909	5906
5909	5910
5909	6702
5909	6708
6705	5906
6705	6703
6705	6708
6219	5907
6219	6215
6219	6218
6219	6709
6706	5907
6706	6707
6706	6709
6702	5909
6702	6701
6702	6720
6702	6724
6708	5909
6708	6705
6708	6712
6719	5911
6719	5921
6719	6701
5916	5912
5916	5917
5916	43134
5916	43135
5917	5912
5917	5916
5917	41501
5917	43126
43126	5917
43126	41502
43126	43127
43126	43135
41501	5917
41501	41500
41501	41504
41503	5918
41503	41502
41503	41504
5920	5919
5920	5921
5920	6701
5920	6720
6721	5919
6721	5922
6721	6720
6721	6727
6720	5920
6720	6702
6720	6721
6720	6723
6728	5922
6728	5923
6728	6727
6728	6730
6731	5923
6731	6732
6731	6742
6732	5923
6732	6729
6732	6730
6732	6731
7285	5924
7285	7284
7285	7286
7285	37225
5928	5927
5929	5927
5929	5930
5929	5967
5971	5927
5971	5970
5971	7129
5971	7143
5930	5929
5930	5931
5930	5938
5967	5929
5967	5938
5967	5968
5967	5974
5931	5930
5931	5932
5938	5930
5938	5939
5938	5958
5938	5967
5932	5931
5932	5933
5932	5939
5933	5932
5933	5934
5933	5957
5939	5932
5939	5938
5939	5957
5934	5933
5934	5935
5934	5961
5957	5933
5957	5939
5957	5961
5935	5934
5935	5936
5935	5955
5961	5934
5961	5957
5961	5960
5936	5935
5936	5937
5936	5945
5955	5935
5955	5956
5955	5960
5945	5936
5945	5944
5945	5956
5958	5938
5958	5959
5958	5965
5946	5940
5946	5944
5946	5953
5946	5962
5947	5940
5947	5943
5947	5950
5972	5941
5972	5973
5972	5976
5972	41911
5944	5945
5944	5946
5944	5962
5962	5944
5962	5946
5962	5956
5956	5945
5956	5955
5956	5962
5953	5946
5953	5952
5953	5966
5950	5947
5950	5949
5950	5952
5950	5963
5949	5948
5949	5950
5949	5954
5952	5950
5952	5953
5952	5965
5963	5950
5963	5964
5963	5965
5963	5968
5965	5952
5965	5958
5965	5963
5965	5966
5965	5969
5966	5953
5966	5965
5960	5955
5960	5959
5960	5961
5959	5958
5959	5960
5969	5965
5969	5968
7130	5970
7130	7129
7130	7187
7129	5971
7129	7130
7129	7143
7129	7148
7143	5971
7143	5974
7143	7129
5976	5972
5976	5977
5976	5987
5976	5998
41911	5972
41911	5979
41911	5982
41911	5997
5977	5975
5977	5976
5987	5976
5987	5983
5987	5986
5987	5996
5998	5976
5998	5997
5982	5978
5982	5979
5982	5981
5982	41911
5979	5980
5979	5982
5979	6030
5979	6032
5979	6063
5979	41911
5980	5979
5980	5981
5980	36274
6032	5979
6032	6031
6032	36274
6030	5979
6030	6031
6030	6042
6030	6062
6030	6066
6030	6067
6063	5979
6063	5997
6063	6064
36274	5980
36274	6032
36274	36273
5984	5985
5984	5990
5984	5994
5984	36276
5985	5984
5985	5986
5985	36277
5990	5984
5990	5989
5990	6082
5994	5984
5994	5993
5994	5995
36276	5984
36276	5993
36276	36277
36276	42140
5986	5985
5986	5987
5986	36275
36277	5985
36277	36275
36277	36276
36277	42141
36275	5986
36275	5996
36275	36277
36275	42142
5996	5987
5996	5997
5996	6064
5996	36275
5991	5992
5991	5993
5991	6004
5991	6090
5992	5991
5992	5995
5992	6087
5993	5991
5993	5994
5993	6006
5993	36276
6090	5991
6090	6004
6090	6089
6090	6328
6004	5991
6004	6003
6004	6005
6004	6006
6004	6090
5995	5992
5995	5994
5995	6084
6087	5992
6087	6086
6087	6089
6087	6314
6006	5993
6006	6004
6006	6005
6006	42140
6084	5995
6084	6082
6084	6083
5997	5996
5997	5998
5997	6063
5997	41911
6064	5996
6064	6062
6064	6063
6064	42142
5999	6000
5999	6001
5999	6135
6000	5999
6000	6003
6000	6328
6000	6330
6001	5999
6001	6002
6001	6065
6001	6124
6001	6127
6001	6133
6001	6134
6135	5999
6135	6133
6135	6140
6135	6330
6003	6000
6003	6002
6003	6004
6003	6066
6330	6000
6330	6135
6330	6327
6330	6331
6328	6000
6328	6089
6328	6090
6328	6327
6002	6001
6002	6003
6002	6065
6124	6001
6124	6096
6124	6112
6124	6127
6065	6001
6065	6002
6065	6066
6065	6067
6065	6096
6134	6001
6134	6127
6134	6133
6134	6136
6134	6139
6133	6001
6133	6134
6133	6135
6133	6138
6127	6001
6127	6124
6127	6126
6127	6134
6066	6003
6066	6005
6066	6030
6066	6065
6005	6004
6005	6006
6005	6062
6005	6066
6062	6005
6062	6030
6062	6064
42140	6006
42140	36276
42140	42141
6007	6008
6007	6015
6007	6851
6008	6007
6008	6009
6008	6010
6015	6007
6015	6014
6015	6852
6009	6008
6010	6008
6010	6011
6010	7254
6010	7266
7266	6010
7254	6010
7254	7253
7254	7255
6012	6011
6012	6013
6014	6013
6014	6015
6014	6853
6853	6014
6853	6854
6853	40019
6852	6015
6016	6017
6016	6023
6016	6056
6016	6076
6017	6016
6017	6018
6017	6059
6023	6016
6023	6022
6023	6057
6056	6016
6056	6057
6056	6073
6056	6075
6076	6016
6076	6075
6076	6077
6018	6017
6018	6019
6018	6059
6059	6017
6059	6018
6059	6055
6059	6061
6019	6018
6019	6020
6019	6055
6020	6019
6020	6021
6020	6026
6020	6027
6055	6019
6055	6050
6055	6058
6055	6059
6027	6020
6027	6028
6027	6050
6057	6023
6057	6056
6057	6074
6057	41912
6048	6024
6048	6046
6048	43158
6048	43159
6049	6025
6049	6047
6049	6071
6049	6072
36224	6025
36224	6072
36224	36209
6028	6027
6028	6029
36271	6029
36271	36272
36271	43148
36271	43151
6031	6030
6031	6032
6031	6045
6042	6030
6042	6043
6042	6052
6042	6068
6042	6092
6067	6030
6067	6065
6067	6068
6067	6098
6045	6031
6045	6044
6034	6033
6034	6035
6034	41912
6044	6033
6044	6043
6044	6045
38482	6033
38482	6074
41912	6034
41912	6057
6038	6037
6038	6039
6038	40607
40611	6037
40611	40609
40611	40613
6041	6040
6070	6040
6070	6069
6070	6072
6070	40597
40597	6040
40597	6070
6043	6042
6043	6044
6043	6054
6052	6042
6052	6053
6052	6091
6052	6100
6068	6042
6068	6067
6068	6094
6092	6042
6092	6091
6092	6095
6054	6043
6054	6053
6046	6047
6046	6048
6046	6069
6046	43159
6047	6046
6047	6049
6047	6071
6069	6046
6069	6070
6069	40603
6069	40604
43159	6046
43159	6048
43159	40603
6071	6047
6071	6049
6072	6049
6072	6070
6072	36224
6072	40612
6053	6052
6053	6054
6053	6074
6053	6079
6091	6052
6091	6092
6091	6099
6091	6101
6091	6105
6100	6052
6100	6101
6100	6102
6079	6053
6079	6073
6079	6081
6079	6103
6074	6053
6074	6057
6074	6073
6074	38482
6073	6056
6073	6074
6073	6078
6073	6079
6075	6056
6075	6076
6075	6078
6075	6123
6075	6162
6060	6058
6060	6061
6060	6159
6060	6160
6061	6059
6061	6060
6061	6077
6159	6060
6159	6077
6159	6160
6159	6162
6160	6060
6160	6159
6160	6161
6160	6164
6077	6061
6077	6076
6077	6159
42142	6064
42142	36275
42142	42141
6096	6065
6096	6097
6096	6111
6096	6124
6098	6067
6098	6094
6098	6097
6098	6106
6094	6068
6094	6093
6094	6098
40612	6072
6078	6073
6078	6075
6078	6080
6162	6075
6162	6159
6162	6165
6162	6178
6123	6075
6123	6080
6123	6122
6123	6177
6080	6078
6080	6081
6080	6115
6080	6123
6081	6079
6081	6080
6081	6103
6103	6079
6103	6081
6103	6102
6115	6080
6115	6114
6115	6119
6115	6122
6085	6086
6085	6088
6085	6307
6085	6309
6086	6085
6086	6087
6086	6310
6309	6085
6309	6308
6309	6310
6309	6311
6310	6086
6310	6309
6310	6313
6310	6314
6089	6087
6089	6090
6089	6328
6314	6087
6314	6310
6314	6320
6314	6327
6099	6091
6099	6095
6099	6104
6099	6105
6101	6091
6101	6100
6101	6105
6101	6114
6105	6091
6105	6099
6105	6101
6105	6113
6095	6092
6095	6093
6095	6099
6093	6094
6093	6095
6093	6104
6093	6106
6093	6108
6093	6110
6104	6093
6104	6099
6104	6109
6106	6093
6106	6097
6106	6098
6106	6111
6108	6093
6108	6107
6108	6112
6108	6129
6110	6093
6110	6111
6110	6112
6097	6096
6097	6098
6097	6106
6111	6096
6111	6106
6111	6110
6111	6112
6102	6100
6102	6103
6102	6114
6114	6101
6114	6102
6114	6115
6114	6116
6109	6104
6109	6107
6109	6113
6113	6105
6113	6109
6113	6116
6113	6117
6107	6108
6107	6109
6107	6117
6107	6131
6117	6107
6117	6113
6117	6118
6117	6132
6131	6107
6131	6130
6131	6132
6112	6108
6112	6110
6112	6111
6112	6124
6112	6125
6112	6128
6129	6108
6129	6128
6129	6130
6129	6144
6125	6112
6125	6126
6125	6128
6125	6142
6128	6112
6128	6125
6128	6129
6116	6113
6116	6114
6116	6118
6116	6119
6119	6115
6119	6116
6119	6120
6119	6121
6122	6115
6122	6121
6122	6123
6122	6181
6118	6116
6118	6117
6118	6120
6118	6147
6132	6117
6132	6131
6132	6147
6132	6152
6120	6118
6120	6119
6120	6148
6120	6149
6147	6118
6147	6132
6147	6148
6147	6151
6121	6119
6121	6122
6121	6149
6121	6180
6148	6120
6148	6147
6148	6150
6148	6153
6149	6120
6149	6121
6149	6150
6149	6179
6180	6121
6180	6179
6180	6181
6180	6185
6181	6122
6181	6177
6181	6180
6181	6183
6177	6123
6177	6178
6177	6181
6177	6182
6126	6125
6126	6127
6126	6136
6142	6125
6142	6136
6142	6145
6136	6126
6136	6134
6136	6141
6136	6142
6130	6129
6130	6131
6130	6146
6130	6154
6144	6129
6144	6143
6144	6146
6146	6130
6146	6144
6146	6353
6146	6359
6154	6130
6154	6152
6154	6157
6154	6353
6152	6132
6152	6151
6152	6154
6152	6157
6138	6133
6138	6137
6138	6140
6138	6345
6139	6134
6139	6137
6139	6141
6140	6135
6140	6138
6140	6332
6140	6335
6141	6136
6141	6139
6141	6348
6137	6138
6137	6139
6137	6348
6137	6352
6348	6137
6348	6141
6348	6145
6348	6350
6352	6137
6352	6347
6352	6350
6352	6364
6345	6138
6345	6335
6345	6347
6332	6140
6332	6321
6332	6331
6332	6334
6335	6140
6335	6334
6335	6345
6145	6142
6145	6143
6145	6348
6145	6349
6143	6144
6143	6145
6143	6351
6351	6143
6351	6349
6351	6357
6351	6370
6349	6145
6349	6350
6349	6351
6349	6368
6353	6146
6353	6154
6353	6354
6353	6358
6359	6146
6359	6356
6359	6358
6151	6147
6151	6152
6151	6153
6151	6155
6150	6148
6150	6149
6150	6234
6150	6236
6153	6148
6153	6151
6153	6236
6153	6243
6179	6149
6179	6180
6179	6190
6179	6234
6234	6150
6234	6179
6234	6235
6234	6242
6236	6150
6236	6153
6236	6240
6155	6151
6155	6156
6155	6243
6155	6247
6157	6152
6157	6154
6157	6158
6243	6153
6243	6155
6243	6240
6243	6246
6156	6155
6156	6158
6156	6247
6156	6361
6247	6155
6247	6156
6247	6245
6158	6156
6158	6157
6158	6354
6361	6156
6361	6354
6361	6362
6361	6363
6354	6158
6354	6353
6354	6360
6354	6361
6164	6160
6164	6163
6164	6165
6164	6167
6165	6162
6165	6164
6165	6167
6165	6170
6178	6162
6178	6170
6178	6177
6170	6165
6170	6169
6170	6178
6170	6182
6169	6166
6169	6170
6169	6172
6176	6168
6172	6169
6172	6171
6172	6182
6172	6184
6182	6170
6182	6172
6182	6177
6182	6183
6171	6172
6171	6173
6171	6187
6187	6171
6187	6184
6187	6188
6187	6203
6184	6172
6184	6183
6184	6186
6184	6187
6174	6173
6174	6175
6174	6191
6204	6173
6204	6203
6204	6206
6190	6179
6190	6185
6190	6189
6190	6235
6185	6180
6185	6183
6185	6186
6185	6190
6183	6181
6183	6182
6183	6184
6183	6185
6186	6184
6186	6185
6186	6189
6189	6186
6189	6188
6189	6190
6189	6211
6188	6187
6188	6189
6188	6202
6188	6210
6203	6187
6203	6202
6203	6204
6202	6188
6202	6203
6202	6206
6210	6188
6210	6211
6210	6212
6210	6260
6211	6189
6211	6210
6211	6235
6211	6249
6235	6190
6235	6211
6235	6234
6235	6241
6194	6195
6194	6201
6194	11996
6195	6194
6195	6196
6195	12037
6201	6194
6201	6200
6201	12046
11996	6194
11996	11995
11996	11997
11996	12039
6196	6195
6196	6197
6196	12045
12037	6195
12037	12035
12037	12201
6197	6196
6197	6198
6197	12044
12045	6196
12045	12039
12045	12177
6198	6197
6198	6199
6198	12053
12044	6197
6199	6198
6199	6200
6199	12053
12053	6198
12053	6199
12053	12051
12053	12054
6200	6199
6200	6201
12046	6201
12046	12047
12046	12048
12046	12051
6206	6202
6206	6204
6206	6205
6206	6212
6205	6206
6205	6207
6205	6214
6205	6216
6207	6205
6207	6208
6207	6217
6216	6205
6216	6215
6214	6205
6214	6212
6214	6213
6214	6220
6212	6206
6212	6210
6212	6214
6212	6221
6217	6207
6217	6209
6217	6215
6217	6218
6260	6210
6260	6221
6260	6249
6260	6261
6249	6211
6249	6241
6249	6251
6249	6260
6221	6212
6221	6220
6221	6260
6221	6262
6213	6214
6213	6215
6213	6264
6215	6213
6215	6216
6215	6217
6215	6219
6264	6213
6264	6220
6264	6231
6220	6214
6220	6221
6220	6263
6220	6264
6709	6219
6709	6706
6709	6710
6263	6220
6263	6232
6263	6262
6263	6265
6262	6221
6262	6261
6262	6263
6262	6266
6222	6223
6222	6224
6222	19500
6222	19501
6223	6222
6223	6224
6223	19509
6224	6222
6224	6223
6224	36030
19500	6222
19500	19501
19500	19504
19500	19510
19501	6222
19501	19488
19501	19500
19501	19503
19509	6223
19509	19293
19509	19314
19509	19508
36030	6224
36030	19293
36030	41872
6225	6226
6225	6227
6225	6749
6226	6225
6226	6233
6226	6289
6227	6225
6227	6228
6227	6744
6749	6225
6749	6750
6749	6754
6233	6226
6233	6232
6233	6265
6289	6226
6289	6288
6289	6750
6228	6227
6228	6229
6228	6718
6228	6745
6744	6227
6744	6745
6744	6755
6229	6228
6229	6230
6229	6704
6718	6228
6718	6704
6718	6717
6718	6747
6745	6228
6745	6744
6745	6746
6745	6758
6230	6229
6230	6231
6230	6710
6704	6229
6704	6703
6704	6707
6704	6718
6231	6230
6231	6232
6231	6264
6710	6230
6710	6707
6710	6709
6232	6231
6232	6233
6232	6263
6265	6233
6265	6263
6265	6266
6265	6287
6242	6234
6242	6239
6242	6241
6241	6235
6241	6242
6241	6248
6241	6249
6240	6236
6240	6238
6240	6239
6240	6243
6237	6238
6237	6239
6237	6250
6237	6256
6238	6237
6238	6240
6238	6246
6238	6252
6239	6237
6239	6240
6239	6242
6239	6248
6250	6237
6250	6248
6250	6257
6250	6259
6256	6237
6256	6255
6256	6258
6256	6520
6246	6238
6246	6243
6246	6244
6246	6254
6252	6238
6252	6253
6252	6255
6252	6517
6248	6239
6248	6241
6248	6250
6248	6251
6244	6245
6244	6246
6244	6508
6245	6244
6245	6247
6245	6363
6508	6244
6508	6254
6508	6510
6363	6245
6363	6361
6363	6377
6363	6510
6254	6246
6254	6253
6254	6508
6251	6248
6251	6249
6251	6257
6251	6261
6257	6250
6257	6251
6257	6267
6257	6269
6259	6250
6259	6258
6259	6268
6259	6274
6261	6251
6261	6260
6261	6262
6261	6267
6253	6252
6253	6254
6253	6509
6253	6514
6255	6252
6255	6256
6255	6520
6517	6252
6517	6514
6517	6521
6509	6253
6509	6510
6509	6512
6514	6253
6514	6513
6514	6517
6520	6255
6520	6256
6520	6519
6258	6256
6258	6259
6258	6276
6267	6257
6267	6261
6267	6266
6267	6271
6269	6257
6269	6268
6269	6270
6269	6283
6276	6258
6276	6275
6276	6519
6268	6259
6268	6269
6268	6272
6274	6259
6274	6273
6274	6275
6266	6262
6266	6265
6266	6267
6266	6280
6287	6265
6287	6286
6287	6288
6280	6266
6280	6279
6280	6286
6271	6267
6271	6270
6271	6278
6272	6268
6272	6273
6272	6282
6270	6269
6270	6271
6270	6284
6283	6269
6283	6281
6283	6285
6284	6270
6284	6285
6284	6293
6284	6298
6278	6271
6278	6277
6278	6293
6273	6272
6273	6274
6273	6541
6282	6272
6282	6281
6282	6574
6282	6577
6541	6273
6541	6529
6541	6540
6541	6574
6275	6274
6275	6276
6275	6529
6529	6275
6529	6528
6529	6537
6529	6541
6519	6276
6519	6520
6519	6521
6519	6528
6277	6278
6277	6279
6277	6294
6279	6277
6279	6280
6279	6291
6279	6306
6294	6277
6294	6293
6294	6299
6294	6306
6293	6278
6293	6284
6293	6294
6293	6297
6291	6279
6291	6290
6291	6305
6291	6562
6306	6279
6306	6294
6306	6305
6286	6280
6286	6287
6286	6292
6281	6282
6281	6283
6281	6555
6555	6281
6555	6556
6555	6572
6574	6282
6574	6541
6574	6575
6577	6282
6577	6573
6577	6576
6285	6283
6285	6284
6285	6556
6298	6284
6298	6297
6298	6556
6298	6557
6556	6285
6556	6298
6556	6555
6556	6558
6292	6286
6292	6290
6292	6296
6288	6287
6288	6289
6288	6751
6751	6288
6751	6296
6751	6750
6751	6753
6750	6289
6750	6749
6750	6751
6750	6752
6290	6291
6290	6292
6290	6295
6290	6296
6290	6563
6296	6290
6296	6292
6296	6295
6296	6751
6295	6290
6295	6296
6295	6589
6563	6290
6563	6562
6563	6589
6563	6592
6305	6291
6305	6299
6305	6306
6305	6561
6562	6291
6562	6561
6562	6563
6562	6570
6297	6293
6297	6298
6297	6299
6297	6559
6299	6294
6299	6297
6299	6305
6299	6560
6589	6295
6589	6563
6589	6587
6589	6588
6589	6753
6559	6297
6559	6557
6559	6560
6557	6298
6557	6558
6557	6559
6560	6299
6560	6559
6560	6561
6560	6570
6302	6300
6302	6303
6302	40598
6302	40600
6304	6303
6561	6305
6561	6560
6561	6562
6312	6308
6312	6311
6312	6315
6312	6317
6311	6309
6311	6312
6311	6313
6311	6318
6313	6310
6313	6311
6313	6319
6313	6320
6318	6311
6318	6317
6318	6319
6318	6322
6317	6312
6317	6316
6317	6318
6317	6323
6319	6313
6319	6318
6319	6321
6319	6325
6320	6313
6320	6314
6320	6321
6320	6329
6327	6314
6327	6328
6327	6329
6327	6330
6323	6317
6323	6322
6323	6336
6323	6340
6322	6318
6322	6323
6322	6324
6322	6341
6321	6319
6321	6320
6321	6332
6321	6333
6325	6319
6325	6324
6325	6326
6325	6333
6329	6320
6329	6327
6329	6331
6333	6321
6333	6325
6333	6334
6333	6342
6324	6322
6324	6325
6324	6342
6324	6343
6341	6322
6341	6340
6341	6343
6341	37266
6340	6323
6340	6339
6340	6341
6340	6390
6342	6324
6342	6333
6342	6344
6342	6396
6343	6324
6343	6341
6343	6396
6343	6400
6326	6325
6331	6329
6331	6330
6331	6332
6334	6332
6334	6333
6334	6335
6334	6344
6344	6334
6344	6342
6344	6346
6344	6397
6339	6336
6339	6338
6339	6340
6339	6387
6387	6339
6387	6388
6387	6389
6387	6410
6390	6340
6390	6389
37266	6341
37266	6412
6396	6342
6396	6343
6396	6397
6396	6401
6400	6343
6400	6399
6400	6411
6400	6412
6346	6344
6346	6347
6346	6398
6397	6344
6397	6396
6397	6398
6397	6403
6347	6345
6347	6346
6347	6352
6347	6365
6398	6346
6398	6365
6398	6397
6398	6404
6365	6347
6365	6364
6365	6398
6365	37267
6350	6348
6350	6349
6350	6352
6350	6366
6368	6349
6368	6367
6368	6369
6366	6350
6366	6364
6366	6367
6366	6394
6370	6351
6370	6369
6370	6381
6370	6382
6357	6351
6357	6355
6357	6356
6357	6482
6364	6352
6364	6365
6364	6366
6364	6447
6358	6353
6358	6359
6358	6360
6358	6375
6360	6354
6360	6358
6360	6362
6360	6376
6355	6356
6355	6357
6355	6482
6355	22921
6356	6355
6356	6357
6356	6359
6356	6375
6356	6442
6356	6449
6356	6450
6356	22921
22921	6355
22921	6356
22921	6478
22921	6482
6482	6355
6482	6357
6482	6379
6482	6381
6482	6479
6482	22921
6375	6356
6375	6358
6375	6376
6375	6450
6442	6356
6442	6441
6442	6443
6442	6450
6442	6451
6449	6356
6449	6448
6450	6356
6450	6375
6450	6442
6450	6451
6362	6360
6362	6361
6362	6377
6362	6378
6376	6360
6376	6375
6376	6378
6376	6476
6377	6362
6377	6363
6377	6511
6377	6515
6378	6362
6378	6376
6378	6515
6510	6363
6510	6508
6510	6509
6510	6511
6447	6364
6447	6394
6447	6407
37267	6365
37267	6408
6367	6366
6367	6368
6367	6369
6367	6393
6367	6394
6394	6366
6394	6367
6394	6392
6394	6446
6394	6447
6394	6455
6393	6367
6393	6369
6393	6380
6393	6382
6369	6367
6369	6368
6369	6370
6369	6393
6381	6370
6381	6379
6381	6382
6381	6482
6382	6370
6382	6380
6382	6381
6382	6393
6371	6372
6371	6373
6371	6627
6371	6632
6372	6371
6372	6374
6372	6453
6372	6534
6372	6626
6373	6371
6373	6374
6373	6536
6373	6622
6627	6371
6627	6552
6627	6630
6632	6371
6632	6622
6632	6631
6632	6633
6374	6372
6374	6373
6374	6534
6534	6372
6534	6374
6534	6532
6534	6535
6626	6372
6626	6553
6626	6554
6453	6372
6453	6441
6453	6454
6453	6489
6536	6373
6536	6523
6536	6535
6536	6538
6622	6373
6622	6543
6622	6544
6622	6632
6476	6376
6476	6451
6511	6377
6511	6510
6511	6512
6511	6516
6515	6377
6515	6378
6515	6516
6515	36279
6379	6380
6379	6381
6379	6479
6379	6482
6380	6379
6380	6382
6380	6391
6380	6393
6479	6379
6479	6391
6479	6478
6479	6482
6391	6380
6391	6392
6391	6464
6391	6477
6391	6479
6391	6481
6383	6384
6383	6385
6383	6485
6383	6487
6384	6383
6384	6385
6384	6452
6384	6459
6384	6463
6384	6486
6385	6383
6385	6384
6385	6460
6385	6462
6385	6483
6385	6487
6485	6383
6485	6484
6485	6486
6485	6488
6487	6383
6487	6385
6487	6488
6487	6490
6487	6492
6459	6384
6459	6458
6452	6384
6452	6444
6452	6445
6452	6457
6452	6463
6452	6464
6463	6384
6463	6452
6463	6462
6463	6481
6486	6384
6486	6484
6486	6485
6460	6385
6460	6440
6460	6454
6460	6461
6460	6478
6460	6483
6460	6489
6462	6385
6462	6461
6462	6463
6462	6480
6483	6385
6483	6460
6483	6489
6483	6490
6483	6491
6395	6386
6395	6388
6389	6387
6389	6390
6389	6412
6410	6387
6410	6409
6410	6411
6410	6416
6412	6389
6412	6400
6412	37266
6392	6391
6392	6394
6392	6455
6392	6464
6464	6391
6464	6392
6464	6452
6464	6481
6477	6391
6477	6478
6477	6480
6481	6391
6481	6463
6481	6464
6481	6480
6455	6392
6455	6394
6455	6445
6455	6446
6446	6394
6446	6407
6446	6445
6446	6455
6401	6396
6401	6399
6403	6397
6403	6399
6403	6402
6403	6406
6404	6398
6404	6402
6399	6400
6399	6401
6399	6403
6411	6400
6411	6406
6411	6410
6411	6417
6402	6403
6402	6404
6402	6408
6408	6402
6408	6407
6408	37267
6406	6403
6406	6405
6406	6411
6406	6418
6405	6406
6405	6407
6405	6432
6405	6444
6407	6405
6407	6408
6407	6446
6407	6447
6432	6405
6432	6418
6432	6439
6432	37427
6444	6405
6444	6445
6444	6452
6444	6457
6418	6406
6418	6417
6418	6431
6418	6432
6413	6409
6413	6414
6413	8123
6413	8126
6416	6410
6416	6415
6416	6417
6416	6419
6417	6411
6417	6416
6417	6418
6417	6429
6414	6413
6414	6415
6414	37303
8126	6413
8126	8123
8126	8128
8126	8131
8126	8143
6415	6414
6415	6416
6415	6421
37303	6414
37303	8131
6421	6415
6421	6422
6419	6416
6419	6420
6419	6425
6419	8897
6419	8898
6429	6417
6429	6428
6429	6430
6431	6418
6431	6430
6431	6433
6431	6474
6420	6419
6420	6423
6420	6424
6420	8898
6425	6419
6425	6426
6425	6427
6425	8896
8897	6419
8897	8171
8897	8896
8897	8903
8898	6419
8898	6420
8898	8895
6424	6420
6424	6423
6423	6420
6423	6422
6423	6424
6423	8895
6422	6421
6422	6423
6422	8130
6422	8142
8142	6422
8142	8129
8142	8164
8130	6422
8130	8129
8130	8131
8895	6423
8895	8164
8895	8898
6426	6425
6426	6427
8896	6425
8896	8897
8896	8900
8896	8906
6427	6425
6427	6426
6427	6428
6427	8900
6428	6427
6428	6429
6428	6430
6428	8901
8900	6427
8900	8896
8900	8899
8900	8907
6430	6428
6430	6429
6430	6431
6430	6472
8901	6428
8901	8899
8901	8902
6472	6430
6472	6471
6472	8902
6472	8917
6433	6431
6433	6434
6433	6435
6474	6431
6474	6473
6474	6475
6439	6432
6439	6438
6439	6469
37427	6432
37427	6456
37427	6457
6434	6433
6435	6433
6435	6436
6435	6437
6436	6435
6437	6435
6437	6438
6437	6475
6438	6437
6438	6439
6438	6470
6438	6498
6475	6437
6475	6474
6475	6499
6470	6438
6470	6466
6470	6469
6498	6438
6498	6496
6498	6499
6469	6439
6469	6456
6469	6470
6440	6441
6440	6443
6440	6454
6440	6460
6441	6440
6441	6442
6441	6451
6441	6453
6443	6440
6443	6442
6443	6448
6454	6440
6454	6453
6454	6460
6451	6441
6451	6442
6451	6450
6451	6476
6451	36278
6448	6443
6448	6449
6448	6478
6445	6444
6445	6446
6445	6452
6445	6455
6457	6444
6457	6452
6457	6456
6457	37427
6478	6448
6478	6460
6478	6477
6478	6479
6478	6480
6478	22921
36278	6451
36278	6532
36278	36279
6489	6453
6489	6460
6489	6483
6489	6491
6456	6457
6456	6458
6456	6469
6456	37427
6458	6456
6458	6459
6458	6468
6468	6458
6468	6467
6468	6484
6461	6460
6461	6462
6461	6480
6480	6461
6480	6462
6480	6477
6480	6478
6480	6481
6465	6466
6465	6467
6465	6506
6466	6465
6466	6470
6466	6497
6467	6465
6467	6468
6467	6484
6506	6465
6506	6497
6506	6507
6497	6466
6497	6495
6497	6506
6484	6467
6484	6468
6484	6485
6484	6486
6484	6488
6484	6504
6471	6472
6471	6473
6471	8925
6471	8927
6473	6471
6473	6474
6473	8926
8925	6471
8925	8917
8925	8933
8925	8934
8927	6471
8927	6495
8927	8926
8927	8933
8902	6472
8902	8899
8902	8901
8917	6472
8917	8913
8917	8924
8917	8925
8926	6473
8926	6496
8926	6499
8926	8927
6499	6475
6499	6498
6499	8926
6490	6483
6490	6487
6490	6491
6490	6494
6491	6483
6491	6489
6491	6490
6491	6554
6488	6484
6488	6485
6488	6487
6488	6492
6488	6504
6504	6484
6504	6488
6504	6505
6492	6487
6492	6488
6492	6493
6492	6503
6494	6490
6494	6493
6494	6625
6554	6491
6554	6550
6554	6553
6554	6624
6554	6626
6493	6492
6493	6494
6493	6625
6493	6648
6503	6492
6503	6502
6503	36297
6625	6493
6625	6494
6625	6624
6648	6493
6648	6647
6648	6650
6648	36297
6495	6496
6495	6497
6495	8927
6495	8931
6496	6495
6496	6498
6496	8926
8931	6495
8931	8932
8931	8933
6500	6501
6500	6502
6500	6649
6500	8930
6500	9016
6501	6500
6501	6505
6501	6507
6501	8930
6502	6500
6502	6503
6502	6651
6649	6500
6649	6650
6649	6659
6649	9016
8930	6500
8930	6501
8930	8928
9016	6500
9016	6649
9016	8981
6505	6501
6505	6504
6505	6507
6507	6501
6507	6505
6507	6506
6651	6502
6651	6650
36297	6503
36297	6648
6512	6509
6512	6511
6512	6513
6512	6518
6516	6511
6516	6515
6516	6518
6516	36280
6513	6512
6513	6514
6513	6522
6513	6524
6518	6512
6518	6516
6518	6523
6518	6535
6522	6513
6522	6521
6522	6527
6522	6528
6524	6513
6524	6523
6524	6525
36279	6515
36279	36278
36280	6516
36280	6533
6521	6517
6521	6519
6521	6522
6523	6518
6523	6524
6523	6536
6535	6518
6535	6533
6535	6534
6535	6536
6528	6519
6528	6522
6528	6529
6528	6531
6527	6522
6527	6526
6525	6524
6525	6526
6525	6539
6526	6525
6526	6527
6526	6530
6539	6525
6539	6538
6530	6526
6530	6531
6530	37268
6531	6528
6531	6530
6531	6537
6531	6544
6537	6529
6537	6531
6537	6540
37268	6530
37268	6623
6544	6531
6544	6543
6544	6622
6544	6623
6532	6533
6532	6534
6532	36278
6533	6532
6533	6535
6533	36280
6538	6536
6538	6539
6538	6623
6540	6537
6540	6541
6540	6542
6540	6575
6623	6538
6623	6544
6623	37268
6542	6540
6542	6543
6542	6578
6542	6585
6575	6540
6575	6574
6575	6576
6543	6542
6543	6544
6543	6622
6543	6633
6578	6542
6578	6573
6578	6576
6578	6579
6578	6584
6585	6542
6585	6582
6585	6633
6585	6645
6585	6670
6633	6543
6633	6585
6633	6631
6633	6632
6545	6546
6545	6547
6545	8409
6546	6545
6546	6548
6546	8404
6546	8416
6547	6545
6547	6548
6547	8407
6547	8409
8409	6545
8409	6547
8409	8214
8409	8408
8409	8410
6548	6546
6548	6547
6548	8405
6548	8407
8404	6546
8404	8405
8404	8454
8416	6546
8416	8410
8416	8413
8416	8466
8407	6547
8407	6548
8407	8380
8407	8408
8405	6548
8405	8404
8405	8415
8405	8455
6549	6550
6549	6551
6549	6639
6550	6549
6550	6554
6550	6646
6551	6549
6551	6552
6551	6628
6639	6549
6639	6638
6639	6663
6646	6550
6646	6624
6646	6647
6552	6551
6552	6553
6552	6627
6552	6629
6628	6551
6628	6629
6628	6634
6628	6638
6553	6552
6553	6554
6553	6626
6629	6552
6629	6628
6629	6630
6624	6554
6624	6625
6624	6646
6572	6555
6572	6558
6572	6573
6558	6556
6558	6557
6558	6571
6558	6572
6571	6558
6571	6565
6571	6573
6571	6579
6570	6560
6570	6562
6570	6569
6570	36222
6592	6563
6592	6588
6592	6591
6592	36222
6564	6565
6564	6566
6564	6594
6565	6564
6565	6571
6565	6580
6566	6564
6566	6567
6566	6594
6594	6564
6594	6566
6594	6580
6594	6593
6580	6565
6580	6579
6580	6594
6580	6597
6567	6566
6567	6568
6567	6595
6568	6567
6568	6569
6568	36222
6595	6567
6595	6591
6595	6593
6595	6600
6595	36222
6569	6568
6569	6570
36222	6568
36222	6570
36222	6592
36222	6595
6573	6571
6573	6572
6573	6577
6573	6578
6579	6571
6579	6578
6579	6580
6579	6586
6576	6575
6576	6577
6576	6578
6584	6578
6584	6583
6584	6586
6586	6579
6586	6584
6586	6596
6586	6609
6597	6580
6597	6596
6597	6599
6581	6582
6581	6583
6581	6611
6581	6671
6582	6581
6582	6585
6582	6671
6583	6581
6583	6584
6583	6609
6583	6611
6611	6581
6611	6583
6611	6676
6671	6581
6671	6582
6671	6670
6671	6674
6609	6583
6609	6586
6609	6610
6645	6585
6645	6644
6645	6668
6670	6585
6670	6669
6670	6671
6596	6586
6596	6597
6596	6605
6596	6607
6587	6588
6587	6589
6587	6756
6588	6587
6588	6589
6588	6590
6588	6592
6756	6587
6756	6754
6756	6757
6756	6761
6590	6588
6590	6591
6590	6761
6590	6860
6753	6589
6753	6751
6753	6752
6591	6590
6591	6592
6591	6595
6591	6601
6860	6590
6860	6601
6860	6861
6860	6865
6761	6590
6761	6756
6761	6762
6761	6863
6601	6591
6601	6600
6601	6860
6601	6864
6593	6594
6593	6595
6593	6598
6593	6603
6598	6593
6598	6599
6598	6602
6598	6608
6603	6593
6603	6600
6603	6602
6600	6595
6600	6601
6600	6603
6607	6596
6607	6599
6607	6606
6605	6596
6605	6604
6605	6610
6605	6616
6599	6597
6599	6598
6599	6607
6599	6608
6602	6598
6602	6603
6602	6617
6602	6864
6608	6598
6608	6599
6608	6618
6608	6620
6864	6601
6864	6602
6864	6865
6864	6871
6617	6602
6617	6618
6617	6870
6617	6871
6617	6891
6617	6892
6606	6604
6606	6607
6620	6604
6620	6608
6620	6619
6620	6683
6610	6605
6610	6609
6610	6621
6610	6676
6618	6608
6618	6617
6618	6619
6621	6610
6621	6616
6621	6681
6621	6686
6676	6610
6676	6611
6676	6674
6676	6686
6612	6613
6612	6615
6612	7283
6612	7308
6613	6612
6613	6614
6613	7282
6615	6612
6615	6614
6615	7326
6615	7328
7283	6612
7283	7282
7283	7325
7308	6612
7308	7176
7308	7177
7308	7228
6614	6613
6614	6615
6614	7282
6614	7326
7282	6613
7282	6614
7282	7283
7282	7312
7326	6614
7326	6615
7326	7327
7328	6615
7328	7327
7328	36282
7328	36283
6870	6617
6870	6871
6870	6873
6870	6891
6871	6617
6871	6864
6871	6870
6892	6617
6892	6619
6892	6894
6891	6617
6891	6870
6891	6890
6891	6895
6619	6618
6619	6620
6619	6892
6686	6621
6686	6676
6686	6678
6686	6682
6630	6627
6630	6629
6630	6631
6634	6628
6634	6635
6634	6642
6638	6628
6638	6639
6638	6643
6631	6630
6631	6632
6631	6633
6631	6637
6637	6631
6637	6636
6637	6644
6637	6666
6635	6634
6635	6636
6642	6634
6642	6636
6642	6640
6636	6635
6636	6637
6636	6642
6644	6637
6644	6645
6644	6672
6666	6637
6666	6667
6666	6672
6666	6687
6666	6689
6643	6638
6643	6641
6643	6663
6663	6639
6663	6643
6663	6662
6663	6664
6640	6641
6640	6642
6640	6667
6641	6640
6641	6643
6641	6665
6667	6640
6667	6665
6667	6666
6665	6641
6665	6664
6665	6667
6665	6692
6672	6644
6672	6666
6672	6675
6672	6691
6672	6695
6668	6645
6668	6669
6668	6675
6647	6646
6647	6648
6647	6660
6660	6647
6660	6659
6660	6661
6650	6648
6650	6649
6650	6651
6659	6649
6659	6660
6659	9015
6652	6653
6652	6654
6652	8964
6652	8993
6653	6652
6653	6655
6653	9153
6653	9161
6654	6652
6654	6655
6654	8965
6654	8985
8964	6652
8964	8965
8964	8966
8964	8990
8993	6652
8993	8992
8993	9164
6655	6653
6655	6654
6655	8991
6655	9150
9153	6653
9153	9150
9153	9152
9153	9159
9161	6653
9161	9160
9161	9162
8965	6654
8965	8964
8965	8968
8985	6654
8985	8968
8985	8986
8985	8988
8991	6655
8991	8953
8991	8987
9150	6655
9150	8951
9150	8953
9150	9147
9150	9153
9150	9154
6656	6657
6656	6658
6656	9029
6657	6656
6657	6658
6657	9015
6658	6656
6658	6657
6658	6664
6658	6692
9029	6656
9029	9030
9015	6657
9015	6659
9015	8980
6664	6658
6664	6661
6664	6663
6664	6665
6692	6658
6692	6665
6692	6689
6692	9028
6661	6660
6661	6662
6661	6664
6662	6661
6662	6663
6687	6666
6687	6688
6687	6690
6689	6666
6689	6688
6689	6692
6669	6668
6669	6670
6669	6673
6675	6668
6675	6672
6675	6677
6675	6695
6673	6669
6673	6674
6673	6678
6674	6671
6674	6673
6674	6676
6691	6672
6691	6690
6691	6693
6695	6672
6695	6675
6695	6694
6678	6673
6678	6677
6678	6686
6677	6675
6677	6678
6677	6682
6677	6694
6694	6677
6694	6680
6694	6693
6694	6695
6682	6677
6682	6680
6682	6681
6682	6686
6679	6680
6679	6681
6679	6685
6679	6698
6680	6679
6680	6682
6680	6694
6680	6697
6698	6679
6698	6697
6698	6699
6698	9067
6697	6680
6697	6693
6697	6698
6697	9055
6893	6683
6893	6894
6893	6952
6893	6953
6700	6684
6700	6696
6700	6962
6700	6966
6963	6684
6963	6699
6963	6965
6699	6685
6699	6698
6699	6963
6699	9071
6688	6687
6688	6689
6688	37347
6690	6687
6690	6691
6690	9050
37347	6688
9050	6690
9050	9051
9050	9060
9050	9069
9050	9083
6693	6691
6693	6694
6693	6697
6693	9051
9028	6692
9028	9027
9028	37348
9051	6693
9051	9050
9051	9055
6953	6696
6953	6893
6953	6954
6953	6962
9055	6697
9055	9051
9055	9068
9067	6698
9067	9066
9067	9068
9071	6699
9071	6965
9071	9066
6962	6700
6962	6953
6962	6961
6962	6967
6966	6700
6966	6964
6966	6967
6966	6977
6724	6702
6724	6722
6724	6735
6703	6704
6703	6705
6703	6711
6703	6717
6711	6703
6711	6712
6711	6713
6711	6716
6717	6703
6717	6713
6717	6718
6707	6704
6707	6706
6707	6710
6712	6708
6712	6711
6712	37269
6716	6711
6716	6715
37269	6712
37269	6735
6714	6713
6714	6715
6714	6734
6734	6713
6734	6714
6734	6733
6715	6714
6715	6716
6715	6735
6735	6715
6735	6724
6735	37269
6747	6718
6747	6746
6747	6748
6723	6720
6723	6722
6723	6725
6723	6736
6727	6721
6727	6726
6727	6728
6722	6723
6722	6724
6722	6733
6725	6723
6725	6726
6725	6737
6736	6723
6736	6733
6736	6737
6736	6738
6726	6725
6726	6727
6726	6729
6737	6725
6737	6736
6737	6738
6737	6739
6730	6728
6730	6729
6730	6732
6742	6729
6742	6731
6742	6740
6772	6738
6772	6771
6772	6773
6772	6780
6755	6744
6755	6754
6755	6758
6746	6745
6746	6747
6746	6759
6758	6745
6758	6755
6758	6757
6758	6759
6759	6746
6759	6748
6759	6758
6754	6749
6754	6752
6754	6755
6754	6756
6752	6750
6752	6753
6752	6754
6757	6756
6757	6758
6757	6760
6757	6763
6763	6757
6763	6762
6763	6764
6763	6767
6762	6761
6762	6763
6762	6868
6863	6761
6863	6862
6863	6867
6863	6874
6868	6762
6868	6767
6868	6867
6767	6763
6767	6766
6767	6868
6767	6877
6766	6764
6766	6767
6766	6768
6766	6881
6768	6766
6768	6769
6768	6799
6881	6766
6881	6799
6881	6877
6881	6882
6877	6767
6877	6876
6877	6880
6877	6881
6769	6768
6769	6770
6769	6794
6799	6768
6799	6794
6799	6801
6799	6881
6794	6769
6794	6793
6794	6799
6794	6800
6791	6771
6791	6780
6791	6790
6791	6804
6780	6772
6780	6777
6780	6791
6780	6809
6777	6773
6777	6776
6777	6780
6777	6808
6810	6776
6810	6789
6810	6808
6810	6811
6808	6777
6808	6809
6808	6810
6808	6812
6782	6778
6782	6781
6782	6789
6782	6813
6789	6779
6789	6782
6789	6810
6789	6814
6809	6780
6809	6804
6809	6808
6809	6821
6815	6781
6815	6813
6815	6835
6815	37271
36281	6781
36281	6828
6813	6782
6813	6814
6813	6815
6813	6824
6783	6784
6783	6788
6783	7023
6784	6783
6784	6785
6784	7029
6788	6783
6788	6787
6788	6833
6788	6836
7023	6783
7023	6833
7023	7021
7023	7029
7029	6784
7029	7023
7029	7027
7029	7030
7029	7044
6786	6785
6786	6787
6786	6829
6831	6785
6831	6830
6831	7030
6831	7031
6787	6786
6787	6788
6829	6786
6829	6828
6829	37271
6833	6788
6833	6834
6833	6835
6833	7023
6836	6788
6836	6835
6814	6789
6814	6811
6814	6813
6814	6825
6802	6790
6802	6792
6802	6803
6804	6791
6804	6803
6804	6809
6804	6818
6804	6819
6798	6793
6798	6796
6798	6797
6798	6800
6800	6794
6800	6798
6800	6801
6800	6907
6795	6796
6795	6797
6795	6807
6795	6912
6796	6795
6796	6798
6796	6907
6796	6911
6797	6795
6797	6798
6797	6805
6797	6806
6807	6795
6807	6806
6807	6913
6912	6795
6912	6911
6912	6913
6912	6916
6907	6796
6907	6800
6907	6901
6907	6910
6911	6796
6911	6910
6911	6912
6911	6914
6806	6797
6806	6803
6806	6807
6806	6820
6801	6799
6801	6800
6801	6882
6801	6901
6882	6801
6882	6880
6882	6881
6882	6887
6901	6801
6901	6887
6901	6907
6901	6908
6803	6802
6803	6804
6803	6806
6803	6819
6819	6803
6819	6804
6819	6820
6818	6804
6818	6816
6818	6821
6820	6806
6820	6817
6820	6819
6913	6807
6913	6817
6913	6912
6913	6918
6812	6808
6812	6811
6812	6821
6812	6822
6821	6809
6821	6812
6821	6816
6821	6818
6811	6810
6811	6812
6811	6814
6811	6823
6823	6811
6823	6822
6823	6825
6823	6927
6822	6812
6822	6816
6822	6823
6822	6926
6824	6813
6824	6825
6824	6834
6824	6835
6825	6814
6825	6823
6825	6824
6825	6928
6835	6815
6835	6824
6835	6833
6835	6836
37271	6815
37271	6829
6816	6817
6816	6818
6816	6821
6816	6822
6816	6920
6816	6921
6817	6816
6817	6820
6817	6913
6817	6919
6920	6816
6920	6917
6920	6924
6920	6925
6920	6926
6921	6816
6921	6919
6919	6817
6919	6917
6919	6921
6926	6822
6926	6920
6926	6927
6926	6929
6927	6823
6927	6926
6927	6928
6927	6930
6834	6824
6834	6833
6834	6928
6834	7021
6928	6825
6928	6834
6928	6927
6928	7022
6826	6827
6826	32951
6827	6826
6827	32949
6827	34695
32951	6826
32951	32952
32951	34279
32949	6827
32949	32948
32949	32950
32949	34693
34695	6827
34695	34694
7032	6830
7032	7031
7032	7040
7030	6831
7030	7029
7030	7044
7030	7050
7031	6831
7031	7032
7031	7054
7031	7056
6837	6832
6837	6838
6837	7069
7039	6832
7039	7038
7039	40011
7021	6834
7021	7022
7021	7023
7021	7027
6838	6837
6838	6839
6838	6841
6838	6849
6838	6850
6838	7064
7069	6837
7069	6850
7069	36285
7069	40011
6839	6838
6839	6840
6839	6842
6841	6838
6841	6842
6841	7062
6841	7063
6849	6838
6849	6850
6849	7065
6850	6838
6850	6849
6850	7069
7064	6838
7064	7062
7064	7065
6842	6839
6842	6840
6842	6841
6842	12627
7063	6841
7063	6856
7063	12628
7062	6841
7062	6857
7062	7064
7062	7247
7062	36284
12627	6842
6843	6844
6843	6845
6843	7041
6843	7047
6844	6843
6844	6848
6844	6951
6844	6995
6844	7075
6845	6843
6845	6846
6845	6947
7041	6843
7041	7026
7041	7043
7047	6843
7047	7046
7047	7077
6848	6844
6848	6847
6848	6923
6848	6948
6951	6844
6951	6948
6951	6949
6951	6989
6995	6844
6995	6989
6995	6996
6995	7075
6995	7078
7075	6844
7075	6995
7075	7076
7075	7079
6846	6845
6846	6847
6947	6845
6947	6922
6947	6929
6947	7026
6847	6846
6847	6848
6847	6922
6922	6847
6922	6923
6922	6924
6922	6947
6948	6848
6948	6933
6948	6951
6923	6848
6923	6922
6923	6925
6923	6933
7065	6849
7065	7064
7065	36284
7261	6851
7261	7259
7261	7262
6854	6853
6854	6855
40019	6853
40019	40020
6855	6854
6855	6856
6855	12629
6856	6855
6856	6857
6856	7063
6857	6856
6857	6858
6857	7062
6857	7249
6858	6857
6858	6859
6858	7249
7249	6857
7249	6858
7249	7248
7249	15013
7067	6859
7067	7068
7067	15012
7067	15013
6861	6860
6861	6862
6861	6866
6865	6860
6865	6864
6865	6866
6865	6873
6862	6861
6862	6863
6862	6869
6866	6861
6866	6865
6866	6869
6866	6872
6869	6862
6869	6866
6869	6874
6869	6875
6867	6863
6867	6868
6867	6876
6874	6863
6874	6869
6874	6876
6874	6879
6873	6865
6873	6870
6873	6872
6873	6889
6872	6866
6872	6873
6872	6875
6872	6888
6876	6867
6876	6874
6876	6877
6876	6878
6875	6869
6875	6872
6875	6879
6875	6884
6888	6872
6888	6884
6888	6889
6888	6896
6889	6873
6889	6888
6889	6890
6879	6874
6879	6875
6879	6878
6879	6883
6884	6875
6884	6883
6884	6888
6884	6898
6878	6876
6878	6879
6878	6880
6878	6885
6880	6877
6880	6878
6880	6882
6880	6886
6885	6878
6885	6883
6885	6886
6885	6902
6883	6879
6883	6884
6883	6885
6883	6900
6886	6880
6886	6885
6886	6887
6886	6941
6887	6882
6887	6886
6887	6901
6887	6909
6900	6883
6900	6898
6900	6903
6898	6884
6898	6899
6898	6900
6898	6906
6902	6885
6902	6903
6902	6941
6902	6957
6941	6886
6941	6902
6941	6935
6941	6940
6909	6887
6909	6908
6909	6935
6896	6888
6896	6890
6896	6899
6896	6904
6890	6889
6890	6891
6890	6896
6890	6897
6897	6890
6897	6895
6897	6904
6897	6952
6895	6891
6895	6894
6895	6897
6894	6892
6894	6893
6894	6895
6952	6893
6952	6897
6952	6905
6952	6954
6899	6896
6899	6898
6899	6906
6904	6896
6904	6897
6904	6905
6906	6898
6906	6899
6906	6903
6906	6905
6903	6900
6903	6902
6903	6905
6903	6906
6903	6955
6908	6901
6908	6909
6908	6910
6908	6934
6957	6902
6957	6940
6957	6955
6957	6960
6905	6903
6905	6904
6905	6906
6905	6952
6905	6956
6955	6903
6955	6956
6955	6957
6955	6958
6956	6905
6956	6954
6956	6955
6956	6959
6910	6907
6910	6908
6910	6911
6910	6915
6934	6908
6934	6915
6934	6935
6934	6937
6935	6909
6935	6934
6935	6939
6935	6941
6915	6910
6915	6914
6915	6934
6915	6936
6914	6911
6914	6915
6914	6916
6914	6938
6916	6912
6916	6914
6916	6918
6916	6932
6918	6913
6918	6916
6918	6917
6918	6925
6918	6931
6938	6914
6938	6932
6938	6936
6938	6946
6936	6915
6936	6937
6936	6938
6936	6944
6932	6916
6932	6931
6932	6938
6932	6945
6917	6918
6917	6919
6917	6920
6917	6925
6925	6917
6925	6918
6925	6920
6925	6923
6931	6918
6931	6932
6931	6933
6924	6920
6924	6922
6924	6929
6933	6923
6933	6931
6933	6945
6933	6948
6929	6924
6929	6926
6929	6930
6929	6947
6930	6927
6930	6929
6930	7022
6930	7026
7022	6928
7022	6930
7022	7021
7022	7028
7026	6930
7026	6947
7026	7028
7026	7041
6945	6932
6945	6933
6945	6946
6945	6949
6937	6934
6937	6936
6937	6939
6937	6942
6939	6935
6939	6937
6939	6940
6939	6943
6944	6936
6944	6942
6944	6946
6944	6981
6942	6937
6942	6943
6942	6944
6942	6979
6946	6938
6946	6944
6946	6945
6946	6950
6940	6939
6940	6941
6940	6957
6940	6978
6943	6939
6943	6942
6943	6978
6943	6980
6978	6940
6978	6943
6978	6960
6978	6982
6979	6942
6979	6980
6979	6981
6979	6986
6980	6943
6980	6979
6980	6982
6980	6985
6981	6944
6981	6950
6981	6979
6981	6990
6949	6945
6949	6950
6949	6951
6949	6987
6950	6946
6950	6949
6950	6981
6950	6988
6987	6949
6987	6988
6987	6989
6987	6994
6988	6950
6988	6987
6988	6990
6988	6993
6989	6951
6989	6987
6989	6995
6989	6996
6954	6952
6954	6953
6954	6956
6954	6961
6961	6954
6961	6959
6961	6962
6961	6968
6958	6955
6958	6959
6958	6960
6958	6970
6959	6956
6959	6958
6959	6961
6959	6969
6960	6957
6960	6958
6960	6971
6960	6978
6970	6958
6970	6969
6970	6971
6970	6972
6969	6959
6969	6968
6969	6970
6971	6960
6971	6970
6971	6982
6971	6984
6968	6961
6968	6967
6968	6969
6968	6973
6967	6962
6967	6966
6967	6968
6967	6974
6965	6963
6965	6964
6965	9071
6964	6965
6964	6966
6964	6977
6977	6964
6977	6966
6977	6976
6974	6967
6974	6973
6974	6975
6973	6968
6973	6972
6973	6974
6973	7002
6972	6970
6972	6973
6972	6984
6972	6998
6982	6971
6982	6978
6982	6980
6982	6983
6984	6971
6984	6972
6984	6983
6984	6997
6998	6972
6998	6997
6998	7001
6998	7006
7002	6973
7002	6975
7002	7001
7002	9407
6975	6974
6975	6976
6975	7002
6975	9076
6976	6975
6976	6977
6976	9076
9076	6975
9076	6976
9076	9075
6986	6979
6986	6985
6986	6990
6986	6992
6985	6980
6985	6983
6985	6986
6985	7000
6990	6981
6990	6986
6990	6988
6990	6991
6983	6982
6983	6984
6983	6985
6983	6999
6999	6983
6999	6997
6999	7000
6999	7003
6997	6984
6997	6998
6997	6999
6997	7004
7000	6985
7000	6992
7000	6999
7000	7005
6992	6986
6992	6991
6992	7000
6992	7008
6994	6987
6994	6993
6994	6996
6994	7011
6993	6988
6993	6991
6993	6994
6993	7010
6996	6989
6996	6994
6996	6995
6996	7078
6996	7084
6991	6990
6991	6992
6991	6993
6991	7009
7009	6991
7009	7008
7009	7010
7009	7015
7008	6992
7008	7005
7008	7009
7008	7014
7010	6993
7010	7009
7010	7011
7010	7016
7011	6994
7011	7010
7011	7017
7011	7084
7078	6995
7078	6996
7078	7079
7078	7085
7084	6996
7084	7011
7084	7085
7084	7099
7004	6997
7004	7003
7004	7006
7004	9419
7001	6998
7001	7002
7001	7007
7006	6998
7006	7004
7006	7007
7006	9410
7003	6999
7003	7004
7003	7005
7003	7013
7005	7000
7005	7003
7005	7008
7005	7012
7007	7001
7007	7006
7007	9407
9407	7002
9407	7007
9407	9075
9407	9408
7013	7003
7013	7012
7013	9419
7013	9422
9419	7004
9419	7013
9419	9410
9419	9421
7012	7005
7012	7013
7012	7014
7012	9423
9410	7006
9410	9409
9410	9418
9410	9419
7014	7008
7014	7012
7014	7015
7014	7019
7015	7009
7015	7014
7015	7016
7015	7018
7016	7010
7016	7015
7016	7017
7016	7020
7017	7011
7017	7016
7017	7099
7017	7105
9423	7012
9423	9424
9423	9428
9422	7013
9422	9421
9422	9424
7019	7014
7019	7018
7019	9427
7018	7015
7018	7019
7018	7020
7020	7016
7020	7018
7020	7105
7099	7017
7099	7084
7099	7100
7099	7106
7105	7017
7105	7020
7105	7106
7105	7110
9427	7019
9427	9426
9427	9428
7027	7021
7027	7028
7027	7029
7027	7042
7028	7022
7028	7026
7028	7027
7028	7043
7306	7025
7306	7305
7042	7027
7042	7043
7042	7044
7042	7048
7043	7028
7043	7041
7043	7042
7043	7045
7044	7029
7044	7030
7044	7042
7044	7049
7050	7030
7050	7049
7050	7054
7050	7060
7054	7031
7054	7050
7056	7031
7056	7057
7056	7061
7040	7032
7040	7033
7040	7057
7033	7034
7033	7040
7033	7072
7034	7033
7034	7035
7034	9571
7034	12287
7072	7033
7072	7070
7072	9570
7072	9572
7035	7034
7035	7036
7035	41112
9571	7034
9571	9569
9571	12273
12287	7034
12287	12286
12287	37541
12287	41107
7036	7035
7036	7037
7036	41278
41112	7035
41112	41111
7037	7036
7037	7038
7037	41281
41278	7036
41278	41111
7038	7037
7038	7039
7038	40588
41281	7037
41281	40588
41281	41280
40011	7039
40011	7069
40011	40012
7057	7040
7057	7056
7057	7073
7057	7114
7057	7122
7048	7042
7048	7045
7048	7049
7048	7051
7045	7043
7045	7046
7045	7048
7045	7052
7049	7044
7049	7048
7049	7050
7049	7053
7046	7045
7046	7047
7046	7076
7046	7080
7052	7045
7052	7051
7052	7080
7052	7081
7076	7046
7076	7075
7076	7077
7076	7079
7080	7046
7080	7052
7080	7079
7080	7082
7077	7047
7077	7076
7051	7048
7051	7052
7051	7053
7051	7083
7053	7049
7053	7051
7053	7058
7060	7050
7060	7059
7060	7061
7083	7051
7083	7058
7083	7081
7083	7094
7081	7052
7081	7082
7081	7083
7081	7090
7058	7053
7058	7059
7058	7083
7055	40008
40008	7055
40008	40007
40008	40009
7061	7056
7061	7060
7061	7098
7073	7057
7073	7074
7073	9517
7114	7057
7114	7098
7114	7117
7114	7120
7122	7057
7122	7120
7122	9518
7122	36299
7059	7058
7059	7060
7059	7094
7059	7098
7094	7059
7094	7083
7094	7090
7098	7059
7098	7061
7098	7096
7098	7114
7247	7062
7247	7248
7247	36284
36284	7062
36284	7065
36284	7247
36284	36285
12628	7063
7068	7066
7068	7067
7068	15011
7263	7066
7263	7251
7263	7349
7351	7066
7351	7322
7351	7349
7351	15011
15012	7067
15012	15011
15012	15013
15013	7067
15013	7248
15013	7249
15013	14988
15013	15012
15013	30143
15011	7068
15011	7351
15011	15010
15011	15012
36285	7069
36285	30143
36285	36284
7070	7071
7070	7072
7070	9546
7070	12462
7071	7070
7071	7074
7071	9534
9546	7070
9546	9548
9546	12465
9546	12482
9546	36031
12462	7070
12462	12463
7074	7071
7074	7073
7074	9516
9534	7071
9534	9516
9534	9533
9534	9547
9572	7072
9572	12423
9570	7072
9570	9569
9570	12461
9570	13031
9517	7073
9517	9518
9516	7074
9516	9522
9516	9524
9516	9534
7079	7075
7079	7076
7079	7078
7079	7080
7079	7086
7085	7078
7085	7084
7085	7086
7085	7100
7086	7079
7086	7082
7086	7085
7086	7088
7082	7080
7082	7081
7082	7086
7082	7089
7090	7081
7090	7089
7090	7094
7090	7097
7089	7082
7089	7087
7089	7090
7100	7085
7100	7088
7100	7099
7100	7101
7088	7086
7088	7087
7088	7100
7088	7102
7087	7088
7087	7089
7087	7104
7104	7087
7104	7097
7104	7103
7102	7088
7102	7101
7102	7103
7102	7111
7097	7090
7097	7096
7097	7104
7097	7115
7093	7091
7093	7092
7093	7288
7867	7092
7867	7288
7867	7903
7867	7934
7288	7093
7288	7289
7288	7867
7453	7095
7453	7350
7453	7452
7453	7511
7903	7095
7903	7511
7903	7867
7903	7933
7096	7097
7096	7098
7096	7116
7116	7096
7116	7115
7115	7097
7115	7116
7115	7117
7106	7099
7106	7101
7106	7105
7106	7111
7101	7100
7101	7102
7101	7106
7101	7111
7111	7101
7111	7102
7111	7106
7111	7113
7103	7102
7103	7104
7103	7112
7112	7103
7112	7113
7110	7105
7110	7107
7110	7109
7107	7108
7107	7110
7107	9426
7107	9499
7108	7107
7108	7109
7108	7117
7108	7118
9426	7107
9426	9425
9426	9427
9426	9447
9499	7107
9499	7118
9499	9498
7109	7108
7109	7110
7109	7113
7117	7108
7117	7114
7117	7115
7117	7119
7118	7108
7118	7119
7118	9499
7113	7109
7113	7111
7113	7112
7120	7114
7120	7121
7120	7122
7120	9501
7119	7117
7119	7118
7119	7121
7119	9497
7121	7119
7121	7120
7121	9497
7121	9501
9497	7119
9497	7121
9497	9498
9497	9500
9501	7120
9501	7121
9501	9500
9501	9519
9501	9528
9501	9532
9518	7122
9518	9517
9518	9519
36299	7122
7123	7124
7123	7125
7123	7492
7124	7123
7124	7126
7124	39723
7125	7123
7125	7126
7125	7493
7492	7123
7492	7493
7492	22100
7126	7124
7126	7125
7126	33646
39723	7124
39723	39722
39723	39724
7493	7125
7493	7492
7493	22102
33646	7126
33646	22101
33646	22102
33646	33623
33646	33647
33646	33650
7293	7127
7293	7294
7293	8381
7187	7130
7187	7148
7187	7157
7132	7131
7132	7133
7132	7153
7132	7155
7152	7131
7152	7148
7152	7155
7152	7157
7153	7132
7153	7154
7153	7159
7155	7132
7155	7152
7134	7135
7134	7136
7134	8178
7134	13690
7135	7134
7135	7140
7135	7172
7136	7134
7136	7137
7136	8180
8178	7134
8178	8179
8178	13689
13690	7134
13690	13685
13690	13717
7140	7135
7140	7139
7140	7174
7140	7445
7172	7135
7172	7173
7172	13718
7137	7136
7137	7138
7137	13728
7137	21977
7137	22178
8180	7136
8180	8179
8180	8181
7138	7137
7138	7139
13728	7137
13728	13727
13728	36854
22178	7137
22178	22179
22178	36857
21977	7137
21977	21971
21977	21976
21977	21982
7139	7138
7139	7140
7139	22171
7139	22229
22229	7139
22229	22228
22229	41453
22171	7139
22171	22170
22171	22172
7174	7140
7174	7173
7174	7175
7445	7140
7445	7446
7445	41453
7144	7141
7144	7147
7144	7166
7147	7144
7147	7146
7147	7150
7147	7151
7166	7144
7166	7164
7166	7165
7146	7145
7146	7147
7146	30658
7207	7145
7207	7206
7207	30658
30658	7146
30658	7151
30658	7207
30658	30659
7150	7147
7150	7149
7150	7169
7151	7147
7151	7149
7151	7160
7151	30658
7149	7150
7149	7151
7149	7170
7149	7264
7170	7149
7170	7171
7170	7209
7264	7149
7264	7196
7264	7209
7169	7150
7169	7167
7169	7180
7160	7151
7160	7158
7160	7161
7157	7152
7157	7156
7157	7187
7159	7153
7159	7158
7161	7154
7161	7160
7161	7206
7206	7154
7206	7161
7206	7207
7156	7157
7156	7158
7156	7189
7156	7190
7158	7156
7158	7159
7158	7160
7189	7156
7189	7188
7189	7196
7186	7162
7186	7163
7186	7185
7186	42861
7184	7162
7184	7185
7184	42094
7167	7168
7167	7169
7167	7181
7168	7167
7168	7171
7168	7216
7168	7222
7181	7167
7181	7182
7181	7183
7181	7220
7181	7222
7171	7168
7171	7170
7171	7208
7171	7214
7216	7168
7216	7213
7216	7223
7216	7224
7222	7168
7222	7181
7222	7221
7222	7223
7180	7169
7180	7179
7180	23431
7209	7170
7209	7195
7209	7208
7209	7264
7208	7171
7208	7194
7208	7209
7208	7211
7214	7171
7214	7213
7214	7215
7173	7172
7173	7174
7173	7444
13718	7172
13718	13719
13718	13720
7444	7173
7444	7448
7444	8364
7175	7174
7176	7177
7176	7178
7176	7308
7177	7176
7177	7183
7177	7239
7177	7308
7183	7177
7183	7181
7183	7220
7183	7239
7239	7177
7239	7183
7239	7238
7182	7181
7220	7181
7220	7183
7220	7219
7220	7221
7185	7184
7185	7186
7185	38925
38925	7185
38925	38924
38925	38926
38925	42844
42861	7186
7192	7188
7192	7191
7192	7205
7196	7189
7196	7195
7196	7264
7191	7192
7191	7193
7191	7194
7193	7191
7194	7191
7194	7195
7194	7205
7194	7208
7205	7192
7205	7194
7205	7204
7205	7210
7195	7194
7195	7196
7195	7209
7198	7197
7198	7199
7198	7212
7199	7198
7199	7200
7199	7213
7199	7224
7200	7199
7200	7201
7200	7210
7200	7211
7213	7199
7213	7214
7213	7216
7224	7199
7224	7212
7224	7216
7224	7223
7201	7200
7201	7202
7201	7204
7210	7200
7210	7205
7210	42369
7211	7200
7211	7208
7211	7215
7202	7201
7202	7203
7204	7201
7204	7203
7204	7205
7203	7202
7203	7204
42369	7210
7215	7211
7215	7214
7218	7212
7218	7217
7218	7223
7218	7236
7223	7216
7223	7218
7223	7222
7223	7224
7236	7218
7236	7221
7236	7237
7238	7219
7238	7239
7238	7244
7225	7226
7225	7227
7226	7225
7226	7235
7226	7281
7227	7225
7227	7228
7227	7332
7235	7226
7235	7234
7235	7243
7281	7226
7281	7267
7281	7333
7281	7336
7228	7227
7228	7229
7228	7308
7332	7227
7332	7331
7332	15697
7229	7228
7229	7230
7230	7229
7230	7231
7230	7233
7231	7230
7231	7232
7231	7233
7233	7230
7233	7231
7233	7234
7232	7231
7234	7233
7234	7235
7234	7244
7244	7234
7244	7238
7244	7245
7243	7235
7243	7246
7243	7269
7237	7236
7275	7240
7275	7268
7275	7274
7275	7277
7248	7247
7248	7249
7248	15013
7248	30142
30142	7248
30142	30143
7250	7251
7250	7252
7250	7253
7250	7272
7252	7250
7253	7250
7253	7254
7253	7265
7253	7270
7272	7250
7272	7271
7272	7347
7270	7253
7270	7271
7270	7273
7255	7254
7255	7256
7255	7257
7255	43455
7256	7255
7257	7255
7257	7258
7257	7259
7257	43454
43455	7255
7258	7257
7259	7257
7259	7260
7259	7261
7259	43453
43454	7257
7260	7259
43453	7259
7262	7261
7349	7263
7349	7321
7349	7347
7349	7351
7273	7265
7273	7270
7273	7276
7273	7363
7267	7268
7267	7269
7267	7281
7267	7367
7367	7267
7367	7279
7367	7337
7367	7371
7279	7268
7279	7280
7279	7367
7271	7270
7271	7272
7271	7358
7271	7363
7363	7271
7363	7273
7363	7366
7358	7271
7358	7347
7358	7354
7358	7366
7347	7272
7347	7348
7347	7349
7347	7358
7276	7273
7276	7274
7276	7278
7277	7275
7277	7278
7277	7280
7277	7368
7278	7276
7278	7277
7278	7364
7278	7366
7278	7369
7280	7277
7280	7279
7280	7370
7280	7371
7368	7277
7368	7369
7368	7370
7364	7278
7364	7365
7366	7278
7366	7358
7366	7363
7366	7365
7369	7278
7369	7368
7369	7376
7369	7380
7370	7280
7370	7368
7370	7379
7370	7383
7371	7280
7371	7367
7371	7373
7371	7383
7333	7281
7333	7334
7336	7281
7336	7334
7336	7337
7312	7282
7312	7311
7312	7313
7325	7283
7325	7309
7325	7313
37225	7285
37225	37226
37225	37270
7289	7288
7289	7290
7290	7289
7290	7291
7290	7292
7290	7943
7291	7290
7943	7290
7943	7934
7943	7942
7942	7292
7942	7933
7942	7943
7942	7953
7294	7293
7294	7295
7295	7294
7295	7296
7295	8381
7296	7295
7296	7297
7296	8333
7297	7296
7297	7298
7297	8198
7298	7297
7298	7299
7298	8112
7299	7298
7299	7300
7299	8077
7300	7299
7300	7301
7300	8022
7301	7300
7301	7302
7301	7512
8022	7300
8022	7512
8022	8023
8022	8077
7302	7301
7302	7303
7302	7510
7512	7301
7512	7510
7512	7513
7512	8022
7303	7302
7303	7304
7303	7452
7510	7302
7510	7452
7510	7511
7510	7512
7304	7303
7304	7305
7452	7303
7452	7305
7452	7453
7452	7510
7305	7304
7305	7306
7305	7350
7305	7452
7309	7310
7309	7313
7309	7325
7310	7309
7310	7311
7310	36283
7313	7309
7313	7312
7313	7325
7311	7310
7311	7312
36283	7310
36283	7328
36283	36282
7314	7315
7314	7316
7314	7389
7314	7391
7314	12218
7315	7314
7315	7324
7315	7389
7316	7314
7316	7317
7316	7393
7389	7314
7389	7315
7389	7388
7391	7314
7391	7392
7391	12221
12218	7314
12218	12217
12218	12289
12218	41110
7324	7315
7324	7323
7324	7388
7317	7316
7317	7318
7317	36318
7393	7316
7393	7392
7318	7317
7318	7319
7318	36286
36318	7317
36318	7400
7319	7318
7319	7320
7319	36287
36286	7318
36286	7398
7320	7319
7320	7321
7320	7352
36287	7319
36287	7390
7321	7320
7321	7322
7321	7348
7321	7349
7352	7320
7352	7353
7322	7321
7322	7323
7322	7351
7348	7321
7348	7347
7348	7355
7323	7322
7323	7324
7323	30284
30284	7323
30284	15010
30284	40014
7388	7324
7388	7389
7388	40130
7327	7326
7327	7328
7327	37638
37638	7327
36282	7328
36282	36283
7329	7330
7329	7346
7329	7431
7330	7329
7330	7331
7330	7429
7330	7449
7346	7329
7346	7345
7346	7432
7431	7329
7431	7432
7331	7330
7331	7332
7331	7451
7331	15686
7429	7330
7429	7430
7429	12393
7449	7330
7449	7450
7449	12392
7451	7331
7451	7450
7451	12578
7451	15685
15686	7331
15686	15685
15686	15697
7334	7333
7334	7335
7334	7336
7335	7334
7337	7336
7337	7338
7337	7367
7337	7372
7338	7337
7338	7339
7338	7426
7372	7337
7372	7373
7372	7386
7372	7426
7339	7338
7339	7340
7339	36289
7339	36290
7426	7338
7426	7372
7426	7425
7340	7339
7340	7341
7340	7437
36289	7339
36289	7490
36289	36288
36290	7339
36290	36291
7341	7340
7341	7342
7437	7340
7437	7438
7342	7341
7342	7343
7342	7436
7343	7342
7343	7344
7343	7435
7436	7342
7436	7435
7344	7343
7344	7345
7344	7434
7435	7343
7435	7436
7345	7344
7345	7346
7345	7433
7434	7344
7434	7433
7433	7345
7433	7434
7432	7346
7432	7431
7355	7348
7355	7354
7355	7356
7353	7352
7353	7354
7353	7375
7353	7390
7354	7353
7354	7355
7354	7358
7354	7365
7375	7353
7375	7365
7375	7376
7390	7353
7390	7376
7390	7394
7390	36287
7365	7354
7365	7364
7365	7366
7365	7375
7356	7355
7356	7357
7357	7356
7359	7360
7359	7362
7359	12369
7360	7359
7360	7361
7360	12443
7360	12516
7362	7359
7362	7361
7362	7514
7362	7515
12369	7359
12369	7514
12369	12373
7361	7360
7361	7362
7361	12435
7361	12436
12443	7360
12443	12450
12443	12518
12516	7360
12516	12437
12516	12515
12516	12519
12435	7361
12435	7515
12435	12434
12436	7361
12436	12437
7514	7362
7514	7516
7514	12369
7514	12372
7515	7362
7515	7516
7515	12435
7515	12580
7376	7369
7376	7375
7376	7382
7376	7390
7380	7369
7380	7377
7380	7382
7379	7370
7379	7378
7379	7385
7383	7370
7383	7371
7383	7384
7383	7387
7373	7371
7373	7372
7373	7374
7386	7372
7386	7387
7386	7423
7374	7373
7382	7376
7382	7380
7382	7394
7382	7402
7377	7378
7377	7380
7377	7381
7378	7377
7378	7379
7378	7401
7381	7377
7401	7378
7401	7402
7401	7407
7385	7379
7385	7384
7385	7406
7394	7382
7394	7390
7394	7397
7394	7403
7402	7382
7402	7401
7402	7403
7402	7412
7384	7383
7384	7385
7384	7404
7384	7409
7387	7383
7387	7386
7387	7408
7387	7427
7404	7384
7404	7405
7404	7414
7409	7384
7409	7408
7409	7414
7409	7474
7406	7385
7406	7405
7406	7407
7423	7386
7423	7424
7423	7428
7408	7387
7408	7409
7408	7472
7427	7387
7427	7428
7427	7471
7427	7473
40130	7388
40130	40132
40130	41111
7392	7391
7392	7393
7392	7399
7392	7411
12221	7391
12221	7411
12221	12220
12221	12256
7411	7392
7411	7410
7411	7417
7411	12221
7399	7392
7399	7395
7399	7400
7399	7410
7403	7394
7403	7395
7403	7402
7403	7410
7397	7394
7397	7395
7397	7398
7395	7396
7395	7397
7395	7399
7395	7403
7396	7395
7396	7398
7396	7400
7398	7396
7398	7397
7398	36286
7400	7396
7400	7399
7400	36318
7410	7399
7410	7403
7410	7411
7410	7412
7407	7401
7407	7406
7407	7413
7412	7402
7412	7410
7412	7413
7412	7417
7405	7404
7405	7406
7405	7413
7405	7415
7414	7404
7414	7409
7414	7496
7414	12263
7413	7405
7413	7407
7413	7412
7413	7416
7415	7405
7415	7416
7415	12261
7415	12263
7472	7408
7472	7469
7472	7473
7474	7409
7474	7475
7474	7496
7417	7411
7417	7412
7417	7416
7417	12257
7416	7413
7416	7415
7416	7417
7416	12258
7496	7414
7496	7474
7496	7497
12263	7414
12263	7415
12263	12264
12263	12266
12261	7415
12261	12258
12261	12262
12261	12264
12258	7416
12258	12257
12258	12259
12258	12261
12257	7417
12257	12256
12257	12258
12257	12260
7418	7419
7418	7420
7418	7442
7419	7418
7419	7422
7419	7456
7420	7418
7420	7421
7420	7443
7442	7418
7442	7441
7442	7500
7422	7419
7422	7421
7422	7457
7456	7419
7456	7454
7456	7500
7421	7420
7421	7422
7443	7420
7443	7440
7443	7491
7443	36295
7457	7422
7457	7458
7457	36295
7424	7423
7424	7425
7424	37273
7428	7423
7428	7427
7425	7424
7425	7426
7425	36291
37273	7424
37273	7471
36291	7425
36291	36290
36291	36292
7473	7427
7473	7472
7471	7427
7471	7469
7471	7470
7471	37273
7430	7429
7430	7441
7430	7454
7430	12393
12393	7429
12393	7430
12393	12394
12393	36319
7441	7430
7441	7440
7441	7442
7454	7430
7454	7455
7454	7456
7454	12378
7438	7437
7438	7439
7439	7438
7439	7440
7439	7488
7440	7439
7440	7441
7440	7443
7488	7439
7488	7489
7488	37275
7500	7442
7500	7456
7491	7443
7491	7490
7491	36294
36295	7443
36295	7457
7448	7444
7448	7447
7448	41445
8364	7444
8364	7478
8364	7481
7446	7445
7446	7447
7446	41452
41453	7445
41453	22229
7447	7446
7447	7448
7447	41450
41452	7446
41452	22228
41450	7447
41450	22226
41445	7448
41445	7484
41445	41446
7450	7449
7450	7451
7450	12400
7450	12579
12392	7449
12392	12391
12392	12399
12400	7450
12400	12386
12400	12397
12400	12583
12579	7450
12579	7516
12579	12580
12578	7451
12578	12434
12578	12591
12578	12592
15685	7451
15685	15684
15685	15686
7511	7453
7511	7510
7511	7513
7511	7903
7455	7454
7455	7468
7455	12361
7455	12379
12378	7454
12378	12377
12378	36319
7468	7455
7468	7467
7468	12362
12361	7455
12361	12360
12361	12395
12379	7455
12379	12380
12379	36320
7458	7457
7458	7459
7458	36294
7459	7458
7459	7460
7459	36293
36294	7458
36294	7491
7460	7459
7460	7461
7460	36288
36293	7459
36293	7490
7461	7460
7461	7462
7461	7470
7461	36292
36288	7460
36288	36289
7462	7461
7462	7463
7462	7469
7470	7461
7470	7471
36292	7461
36292	36291
7463	7462
7463	7464
7463	7475
7469	7462
7469	7471
7469	7472
7469	7475
7464	7463
7464	7465
7464	29551
7475	7463
7475	7469
7475	7474
7475	7498
7465	7464
7465	7466
7465	7497
29551	7464
29551	7498
7466	7465
7466	7467
7466	12266
7497	7465
7497	7496
7497	7498
7497	12266
7467	7466
7467	7468
7467	12348
12266	7466
12266	7497
12266	12263
12266	12265
12348	7467
12348	12346
12348	12349
12362	7468
12362	12346
12362	12363
7498	7475
7498	7497
7498	29551
7476	7477
7476	7478
7476	40821
7477	7476
7477	7485
7477	7499
7477	39754
7478	7476
7478	7479
7478	8364
7478	12216
7478	13720
7478	29907
40821	7476
40821	29833
40821	41029
7485	7477
7485	7484
7485	7486
7485	7499
39754	7477
39754	39752
39754	39755
39754	39756
39754	40178
7499	7477
7499	7485
7499	7486
7499	39756
7479	7478
7479	7480
7479	7481
13720	7478
13720	13718
13720	13721
12216	7478
12216	12213
12216	12215
12216	29907
29907	7478
29907	12213
29907	12216
7480	7479
7481	7479
7481	7482
7481	8364
7482	7481
7482	7483
7482	7484
7482	41457
7483	7482
7484	7482
7484	7485
7484	7487
7484	41445
41457	7482
7487	7484
7487	7486
7487	39742
7487	41447
7486	7485
7486	7487
7486	7499
7486	39756
39756	7486
39756	7499
39756	39754
39742	7487
39742	7494
39742	39714
39742	39755
41447	7487
41447	22227
41447	41446
7489	7488
7489	7490
7489	37274
37275	7488
7490	7489
7490	7491
7490	36289
7490	36293
37274	7489
22100	7492
22100	22101
22100	39718
22102	7493
22102	22101
22102	33646
7494	7495
7494	39742
7495	7494
7495	39755
39755	7495
39755	39742
39755	39754
7501	7502
7501	7503
7501	12373
7502	7501
7502	7509
7502	12414
7502	12418
7503	7501
7503	7504
7503	12381
12373	7501
12373	12369
12373	12372
7509	7502
7509	7508
7509	12352
7509	12396
12418	7502
12418	12419
12418	12444
12418	12446
12414	7502
12414	12352
12414	12413
12414	12419
7504	7503
7504	7505
7504	12385
12381	7503
12381	12382
12381	12386
7505	7504
7505	7506
12385	7504
12385	12384
12385	36325
7506	7505
7506	7507
7506	12374
7507	7506
7507	7508
7507	12380
12374	7506
12374	12375
12374	36325
7508	7507
7508	7509
12380	7507
12380	12379
12380	36324
12352	7509
12352	12351
12352	12353
12352	12414
12396	7509
12396	12353
12396	12367
12396	36324
7513	7511
7513	7512
7513	7933
7513	7953
7933	7513
7933	7903
7933	7934
7933	7942
7953	7513
7953	7942
7953	8023
7516	7514
7516	7515
7516	12579
12372	7514
12372	12373
12372	12386
12580	7515
12580	12434
12580	12579
7521	7517
7521	7520
7558	7517
7558	7559
7520	7519
7520	7521
7520	37215
37215	7520
37215	37214
7536	7523
7536	7524
7536	7535
7536	7537
7553	7524
7553	7552
7553	7560
7525	7526
7525	7546
7525	7626
7525	117787
7526	7525
7526	7527
7526	7620
7526	7625
7546	7525
7546	7544
7546	117787
7626	7525
7626	7627
117787	7525
117787	7546
117787	117784
117787	117785
7527	7526
7527	7528
7527	7620
7620	7526
7620	7527
7620	7619
7620	7625
7625	7526
7625	7620
7625	7624
7528	7527
7528	7529
7528	7530
7529	7528
7530	7528
7530	7531
7530	7532
7531	7530
7532	7530
7532	7533
7532	7619
7533	7532
7533	7534
7533	7556
7533	7557
7619	7532
7619	7617
7619	7620
7534	7533
7534	7535
7534	7565
7556	7533
7556	7557
7556	7562
7557	7533
7557	7556
7557	7564
7557	7567
7535	7534
7535	7536
7535	7560
7565	7534
7565	7560
7565	7567
7560	7535
7560	7553
7560	7565
7537	7536
7540	7539
7541	7539
7541	7542
7541	7559
7542	7541
7542	7543
7559	7541
7559	7558
7543	7542
7543	7544
7544	7543
7544	7545
7544	7546
7545	7544
7549	7548
7549	7550
7549	7554
7554	7549
7554	7555
7554	7569
7568	7550
7568	7569
7568	7575
7552	7551
7552	7553
7552	7555
7555	7552
7555	7554
7555	7566
7555	7570
7569	7554
7569	7568
7569	7570
7566	7555
7566	7567
7566	7571
7570	7555
7570	7569
7570	7571
7570	7574
7562	7556
7562	7561
7562	7618
7564	7557
7564	7563
7564	7571
7567	7557
7567	7565
7567	7566
7561	7562
7561	7563
7561	7632
7563	7561
7563	7564
7563	7572
7632	7561
7632	7631
7632	7636
7632	7637
7618	7562
7618	7616
7618	7636
7572	7563
7572	7573
7572	7630
7571	7564
7571	7566
7571	7570
7574	7570
7574	7573
7574	7578
7574	7593
7573	7572
7573	7574
7573	7593
7630	7572
7630	7613
7630	7631
7630	7633
7593	7573
7593	7574
7593	7592
7593	7613
7578	7574
7578	7575
7578	7577
7577	7576
7577	7578
7577	7592
7580	7576
7580	7579
7580	7595
7592	7577
7592	7593
7592	7594
7579	7580
7579	7581
7579	7596
7596	7579
7596	7597
7596	7602
7595	7580
7595	7594
7595	7597
7584	7582
7584	7583
7584	7587
7586	7583
7586	7585
7586	7588
7586	7609
7587	7584
7587	7585
7587	37282
7585	7586
7585	7587
7585	7610
7610	7585
7610	7602
7610	37281
7588	7586
7588	7589
7588	7703
7609	7586
7609	7608
7609	7716
37282	7587
7589	7588
7589	7590
7589	7703
7703	7588
7703	7589
7703	7704
7703	7715
7590	7589
7590	7591
7590	7702
7702	7590
7702	7701
7702	7706
7594	7592
7594	7595
7594	7601
7613	7593
7613	7601
7613	7615
7613	7630
7601	7594
7601	7599
7601	7613
7597	7595
7597	7596
7597	7600
7602	7596
7602	7600
7602	7610
7600	7597
7600	7598
7600	7602
7598	7599
7598	7600
7598	7611
7599	7598
7599	7601
7599	7614
7611	7598
7611	7603
7611	7612
7614	7599
7614	7603
7614	7615
7614	7647
7603	7604
7603	7611
7603	7614
7604	7603
7604	7605
7604	7651
7605	7604
7605	7606
7605	7711
7651	7604
7651	7647
7651	7654
7606	7605
7606	7607
7606	7608
7711	7605
7711	7608
7711	7712
7607	7606
7608	7606
7608	7609
7608	7711
7716	7609
7716	7715
37281	7610
7612	7611
7615	7613
7615	7614
7615	7634
7647	7614
7647	7645
7647	7651
7634	7615
7634	7635
7634	7646
7616	7617
7616	7618
7616	7656
7617	7616
7617	7619
7617	7629
7656	7616
7656	7650
7656	7659
7656	37286
7629	7617
7629	7623
7629	7673
7636	7618
7636	7632
7636	7637
7621	7622
7621	7628
7621	117795
7622	7621
7622	7623
7622	7660
7622	7673
7622	7674
7622	117795
7628	7621
7628	7627
117795	7621
117795	7622
117795	117794
7623	7622
7623	7624
7623	7629
7673	7622
7673	7629
7673	7671
7674	7622
7660	7622
7660	7661
7660	117796
7624	7623
7624	7625
7627	7626
7627	7628
7631	7630
7631	7632
7631	7633
7633	7630
7633	7631
7633	7635
7637	7632
7637	7635
7637	7636
7637	7650
7635	7633
7635	7634
7635	7637
7635	7648
7646	7634
7646	7645
7646	7652
7648	7635
7648	7649
7648	7652
7648	7657
7650	7637
7650	7649
7650	7656
7640	7639
7641	7639
7645	7646
7645	7647
7645	7653
7653	7645
7653	7654
7653	7655
7652	7646
7652	7648
7652	7655
7649	7648
7649	7650
7649	7657
7649	7658
7657	7648
7657	7649
7657	7675
7658	7649
7658	7659
7658	7670
7654	7651
7654	7653
7655	7652
7655	7653
7655	7675
7655	7679
7675	7655
7675	7657
7675	7678
7679	7655
7679	7678
7679	7717
7679	7761
7659	7656
7659	7658
7659	7671
37286	7656
7670	7658
7670	7669
7670	7682
7671	7659
7671	7672
7671	7673
7661	7660
7661	7662
117796	7660
117796	122892
7662	7661
7662	7663
7663	7662
7663	7664
7664	7663
7664	7665
7664	7666
7665	7664
7666	7664
7666	7667
7666	7692
7667	7666
7667	7668
7667	7669
7667	7686
7692	7666
7692	7690
7692	7693
7668	7667
7669	7667
7669	7670
7669	7681
7686	7667
7686	7681
7686	7684
7681	7669
7681	7680
7681	7686
7682	7670
7682	7680
7682	7773
7682	7775
7672	7671
7678	7675
7678	7679
7678	7758
7676	7677
7676	24394
7677	7676
7677	24398
7677	39540
24394	7676
24394	21749
24394	39539
24398	7677
24398	24396
24398	24397
24398	40510
39540	7677
39540	24951
39540	39541
7758	7678
7758	7759
7758	7773
7717	7679
7717	7718
7717	7734
7717	7761
7761	7679
7761	7717
7761	7760
7680	7681
7680	7682
7680	7685
7680	7759
7685	7680
7685	7683
7685	7861
7759	7680
7759	7758
7759	7760
7759	7779
7773	7682
7773	7758
7773	7775
7775	7682
7775	7773
7683	7684
7683	7685
7683	7777
7683	7866
7684	7683
7684	7686
7684	7865
7777	7683
7777	7776
7777	7779
7866	7683
7866	7782
7866	7865
7866	37290
7865	7684
7865	7689
7865	7866
7861	7685
7861	7779
7687	7688
7687	7689
7687	7871
7688	7687
7688	7693
7688	7870
7688	7874
7689	7687
7689	7690
7689	7865
7871	7687
7871	7872
7871	7874
7693	7688
7693	7692
7693	7873
7870	7688
7870	7868
7870	7869
7690	7689
7690	7691
7690	7692
7691	7690
7873	7693
7873	7868
7698	7695
7698	7697
7698	7705
7698	7706
7697	7696
7697	7698
7697	7707
7744	7696
7744	7745
7744	7746
7707	7697
7707	7708
7707	7746
7705	7698
7705	7701
7705	7708
7705	7710
7706	7698
7706	7702
7706	37287
7699	7700
7699	7704
7699	7713
7700	7699
7700	7701
7700	7709
7704	7699
7704	7703
7704	7714
7713	7699
7713	7712
7713	7722
7701	7700
7701	7702
7701	7705
7709	7700
7709	7710
7709	7723
7715	7703
7715	7716
7714	7704
7708	7705
7708	7707
7708	7725
7710	7705
7710	7709
7710	7726
37287	7706
7746	7707
7746	7744
7746	7747
7746	7748
7725	7708
7725	7724
7725	7740
7725	7748
7723	7709
7723	7722
7723	7728
7726	7710
7726	7724
7726	7727
7712	7711
7712	7713
7712	7721
7721	7712
7721	7720
7721	7739
7722	7713
7722	7723
7722	7730
7718	7717
7718	7719
7718	7720
7734	7717
7734	7733
7734	7774
7719	7718
7720	7718
7720	7721
7720	7738
7738	7720
7738	7731
7738	7736
7738	7742
7739	7721
7739	7729
7739	41546
7730	7722
7730	7729
7728	7723
7728	7727
7728	7732
7724	7725
7724	7726
7724	7743
7743	7724
7740	7725
7740	7727
7740	7741
7740	7754
7748	7725
7748	7746
7748	7749
7748	7752
7727	7726
7727	7728
7727	7732
7727	7740
7732	7727
7732	7728
7732	7731
7729	7730
7729	7731
7729	7739
7731	7729
7731	7732
7731	7738
7733	7734
7733	7735
7733	7772
7735	7733
7735	7736
7735	7765
7772	7733
7772	7769
7772	37288
7774	7734
7774	7760
7774	7778
7736	7735
7736	7737
7736	7738
7765	7735
7765	7766
7765	7767
7737	7736
7742	7738
7742	7741
7742	7764
41546	7739
7741	7740
7741	7742
7741	7771
7741	7785
7754	7740
7754	7752
7754	7785
7771	7741
7771	7764
7785	7741
7785	7754
7785	7786
7785	7788
7764	7742
7764	7763
7764	7771
7764	7788
7747	7745
7747	7746
7747	7749
7747	7750
7749	7747
7749	7748
7749	7751
7749	7753
7752	7748
7752	7753
7752	7754
7751	7749
7751	7750
7751	7755
7751	7756
7753	7749
7753	7752
7753	7755
7753	7786
7755	7751
7755	7753
7755	7757
7755	7787
7786	7753
7786	7785
7786	7787
7786	7789
7787	7755
7787	7786
7787	7792
7787	7794
7760	7759
7760	7761
7760	7774
7779	7759
7779	7777
7779	7861
7770	7762
7770	7769
7770	7778
7781	7762
7781	7776
7781	7782
7781	7862
7790	7763
7790	7788
7790	7791
7788	7764
7788	7785
7788	7789
7788	7790
7766	7765
7767	7765
7767	7768
7768	7767
7768	7769
7769	7768
7769	7770
7769	7772
7778	7770
7778	7774
7778	7776
37288	7772
7776	7777
7776	7778
7776	7781
7784	7780
7784	7783
7784	7798
7784	7800
7862	7781
7800	7784
7800	7799
7800	7801
7800	7810
7798	7784
7798	7796
7798	7797
7798	7801
7789	7786
7789	7788
7789	7791
7792	7787
7792	7793
7792	7795
7791	7789
7791	7790
7791	7793
7802	7797
7802	7801
7802	7803
7802	7812
7801	7798
7801	7800
7801	7802
7801	7811
7810	7800
7810	7809
7810	7811
7810	7822
7811	7801
7811	7810
7811	7812
7811	7832
7803	7802
7803	7804
7803	7808
7803	7814
7812	7802
7812	7811
7812	7813
7812	7835
7808	7803
7808	7805
7808	7815
7808	7817
7814	7803
7814	7813
7814	7817
7815	7806
7815	7808
7815	7816
7815	7819
7816	7807
7816	7815
7816	7820
7816	7847
7817	7808
7817	7814
7817	7818
7822	7810
7822	7821
7822	7824
7822	7832
7832	7811
7832	7822
7832	7834
7832	7837
7813	7812
7813	7814
7813	7818
7835	7812
7835	7833
7835	7836
7818	7813
7818	7817
7818	7819
7818	7836
7819	7815
7819	7818
7819	7820
7819	7842
7820	7816
7820	7819
7820	7841
7820	7846
7847	7816
7847	7846
7847	7944
7836	7818
7836	7835
7836	7838
7836	7841
7842	7819
7841	7820
7841	7836
7841	7839
7841	7843
7846	7820
7846	7845
7846	7847
7824	7822
7824	7823
7824	7826
7824	7837
7826	7824
7826	7825
7826	7850
7826	7875
7837	7824
7837	7831
7837	7832
7837	7850
7850	7826
7850	7837
7850	7852
7850	7876
7827	7828
7827	7831
7827	7853
7828	7827
7828	7829
7828	7848
7831	7827
7831	7830
7831	7837
7831	7851
7853	7827
7853	7851
7853	7854
7853	7904
7829	7828
7829	7830
7829	7838
7829	7840
7848	7828
7848	7849
7848	7854
7830	7829
7830	7831
7830	7834
7838	7829
7838	7833
7838	7836
7838	7839
7840	7829
7840	7839
7840	7849
7840	7855
7834	7830
7834	7832
7834	7833
7851	7831
7851	7852
7851	7853
7833	7834
7833	7835
7833	7838
7839	7838
7839	7840
7839	7841
7839	7844
7844	7839
7844	7843
7844	7855
7844	8014
7849	7840
7849	7848
7849	7858
7855	7840
7855	7844
7855	7857
7855	8026
7843	7841
7843	7844
7843	7845
7843	8010
7845	7843
7845	7846
7845	7954
7845	7963
8010	7843
8010	7963
8010	8012
8014	7844
8014	8012
8014	8016
8014	8026
7963	7845
7963	7955
7963	7964
7963	8010
7854	7848
7854	7853
7854	7860
7858	7849
7858	7856
7858	7859
7852	7850
7852	7851
7852	7876
7852	7904
7876	7850
7876	7852
7876	7877
7876	7905
7904	7852
7904	7853
7904	7860
7904	7906
7860	7854
7860	7859
7860	7904
7860	7912
7857	7855
7857	7856
7857	8027
8026	7855
8026	8014
8026	8028
8026	8029
7856	7857
7856	7858
7856	7917
7917	7856
7917	7859
7917	7915
7917	8030
8027	7857
8027	8028
8027	8031
7859	7858
7859	7860
7859	7913
7859	7917
7913	7859
7913	7907
7913	7916
7912	7860
7912	7906
7912	7914
8309	7863
8309	7864
8309	8623
8309	40003
37290	7866
7934	7867
7934	7933
7934	7943
7868	7869
7868	7870
7868	7873
7868	122892
7869	7868
7869	7870
7869	42390
122892	7868
122892	117796
42390	7869
42390	8511
7877	7875
7877	7876
7877	7880
7877	7905
7905	7876
7905	7877
7905	7906
7880	7877
7880	7879
7880	7895
7879	7878
7879	7880
7879	7895
7879	7896
7895	7879
7895	7880
7895	7894
7896	7879
7881	7882
7881	7883
7881	7901
7882	7881
7882	7887
7882	7918
7883	7881
7883	7884
7883	7900
7887	7882
7887	7886
7887	7918
7884	7883
7884	7885
7884	7900
7900	7883
7900	7884
7900	7898
7900	7902
7900	37292
7885	7884
7885	7886
7885	37292
7886	7885
7886	7887
7886	37291
37292	7885
37292	7900
37292	37293
37291	7886
7888	7889
7888	7901
7888	7932
7889	7888
7889	7890
7889	7937
7932	7888
7932	7901
7932	7931
7890	7889
7890	7891
7937	7889
7937	7931
7937	7938
7891	7890
7891	7892
7891	7894
7892	7891
7892	7893
7894	7891
7894	7895
7894	7911
7893	7892
7911	7894
7911	7908
7911	7910
7898	7897
7898	7899
7898	7900
7902	7897
7902	7900
7902	37294
7899	7898
37294	7902
7906	7904
7906	7905
7906	7912
7907	7908
7907	7909
7907	7913
7908	7907
7908	7911
7908	7935
7909	7907
7909	7910
7909	7914
7935	7908
7935	7936
7935	7941
7935	7947
7910	7909
7910	7911
7910	7914
7914	7909
7914	7910
7914	7912
7916	7913
7916	7915
7916	7940
7915	7916
7915	7917
7915	7952
7952	7915
7952	7940
7952	7951
7940	7916
7940	7941
7940	7952
8030	7917
8030	8031
8030	8038
8030	8254
7919	7920
7919	7930
7920	7919
7920	7921
7920	8515
7920	8557
7920	122907
7930	7919
7930	7929
7930	122897
7921	7920
7921	7922
7921	8516
8515	7920
8515	8516
8515	8559
8557	7920
8557	8523
8557	8561
8557	122905
8557	123026
122907	7920
122907	122905
122907	122952
8516	7921
8516	8515
8516	42393
7924	7923
43222	7926
7928	7927
7928	7929
7928	8514
7929	7928
7929	7930
7929	8514
7929	122900
8514	7928
8514	7929
8514	8513
122900	7929
122900	122896
122900	122897
122897	7930
122897	117800
122897	122900
122897	122906
122897	140655
7936	7935
7936	7939
7936	7947
7936	7948
7941	7935
7941	7940
7941	7947
7941	7950
7947	7935
7947	7936
7947	7941
7947	7945
7939	7936
7939	7938
7939	42403
7948	7936
7948	7946
7948	42404
7938	7937
7938	7939
42403	7939
42403	37388
42403	37389
7950	7941
7950	7949
7950	7951
7950	8273
7945	7946
7945	7947
7945	7949
7945	8348
7946	7945
7946	7948
7946	37388
7949	7945
7949	7950
7949	8343
8348	7945
8348	8343
8348	8347
37388	7946
37388	37389
37388	42403
42404	7948
8343	7949
8343	8269
8343	8273
8343	8348
7951	7950
7951	7952
7951	8251
7951	8268
8273	7950
8273	8268
8273	8269
8273	8343
8251	7951
8251	8252
8251	8267
8268	7951
8268	8267
8268	8273
7959	7955
7959	7958
7959	7964
7959	7966
7960	7956
7960	7958
7960	7962
7960	7967
7964	7959
7964	7963
7964	7965
7964	8013
7966	7959
7966	7965
7966	7967
7962	7960
7962	7961
7962	7970
7967	7960
7967	7966
7967	7968
7971	7961
7971	7970
7971	7982
7970	7962
7970	7969
7970	7971
7965	7964
7965	7966
7965	7968
8013	7964
8013	7990
8013	8011
7968	7965
7968	7967
7968	7969
7968	7990
7969	7968
7969	7970
7969	7986
7969	7987
7990	7968
7990	7991
7990	8013
7986	7969
7986	7982
7986	7988
7987	7969
7987	7988
7987	7989
7982	7971
7982	7983
7982	7986
7982	7992
7972	7973
7972	7974
7972	7981
7972	8002
7973	7972
7973	7975
7973	7997
7973	7999
7981	7972
7981	7978
7981	8001
7981	8008
8002	7972
7999	7973
7999	7998
7999	8003
7997	7973
7997	7985
7997	7996
7979	7975
7979	7980
7978	7976
7978	7977
7978	7981
8009	7977
8009	8008
8009	8073
7985	7980
7985	7984
7985	7995
7985	7997
8001	7981
8001	8000
8001	8007
8008	7981
8008	8007
8008	8009
8008	8083
7992	7982
7992	7988
7992	7993
7992	8055
7993	7983
7993	7992
7993	7994
7993	8054
7994	7984
7994	7993
7994	7995
7994	8056
7995	7985
7995	7994
7995	7996
7988	7986
7988	7987
7988	7992
7989	7987
7989	7991
7989	8020
7991	7989
7991	7990
7991	8015
8020	7989
8020	8021
8015	7991
8015	8011
8015	8016
8015	8019
8055	7992
8055	8024
8055	8058
8054	7993
8054	8053
8054	8056
8056	7994
8056	8054
8056	8057
8056	8060
7996	7995
7996	7997
7996	7998
7998	7996
7998	7999
7998	8057
8057	7998
8057	8006
8057	8056
8057	8059
8003	7999
8003	8000
8003	8006
8000	8001
8000	8003
8000	8004
8004	8000
8004	8005
8004	8064
8007	8001
8007	8008
8007	8063
8007	8088
8006	8003
8006	8005
8006	8057
8005	8004
8005	8006
8005	8061
8064	8004
8064	8063
8064	8065
8061	8005
8061	8062
8061	8065
8061	8067
8063	8007
8063	8064
8063	8072
8088	8007
8088	8072
8088	8083
8088	8089
8083	8008
8083	8076
8083	8084
8083	8088
8012	8010
8012	8011
8012	8014
8011	8012
8011	8013
8011	8015
8016	8014
8016	8015
8016	8018
8016	8029
8019	8015
8019	8017
8019	8021
8018	8016
8018	8017
8018	8039
8018	8042
8029	8016
8029	8026
8029	8032
8029	8039
8017	8018
8017	8019
8017	8025
8025	8017
8025	8024
8025	8044
8039	8018
8039	8029
8039	8041
8039	8047
8042	8018
8042	8040
8042	8043
8021	8019
8021	8020
8021	8024
8024	8021
8024	8025
8024	8053
8024	8055
8053	8024
8053	8044
8053	8054
8053	8060
8044	8025
8044	8043
8044	8053
8028	8026
8028	8027
8028	8032
8028	8033
8031	8027
8031	8030
8031	8033
8032	8028
8032	8029
8032	8037
8032	8047
8033	8028
8033	8031
8033	8038
8038	8030
8038	8033
8038	8034
8254	8030
8254	8253
8254	8255
8037	8032
8037	8036
8037	8256
8047	8032
8047	8039
8047	8050
8034	8035
8034	8038
8034	8255
8035	8034
8035	8036
8035	8256
8035	8264
8255	8034
8255	8254
8255	8267
8036	8035
8036	8037
8256	8035
8256	8037
8256	8257
8264	8035
8264	8261
8264	8265
8041	8039
8041	8040
8041	8049
8040	8041
8040	8042
8040	8045
8045	8040
8045	8046
8045	8052
8045	8066
8049	8041
8049	8048
8049	8051
8049	8283
8043	8042
8043	8044
8043	8046
8046	8043
8046	8045
8046	8060
8046	8062
8052	8045
8052	8051
8052	8066
8052	8068
8066	8045
8066	8052
8066	8062
8062	8046
8062	8059
8062	8061
8062	8066
8060	8046
8060	8053
8060	8056
8060	8059
8050	8047
8050	8048
8050	8257
8048	8049
8048	8050
8048	8260
8260	8048
8260	8259
8260	8280
8051	8049
8051	8052
8051	8068
8051	8284
8283	8049
8283	8282
8283	8284
8257	8050
8257	8256
8257	8261
8068	8051
8068	8052
8068	8067
8068	8287
8284	8051
8284	8283
8284	8286
8058	8055
8059	8057
8059	8060
8059	8062
8065	8061
8065	8064
8065	8069
8065	8071
8067	8061
8067	8068
8067	8069
8072	8063
8072	8071
8072	8088
8072	8090
8069	8065
8069	8067
8069	8070
8069	8196
8069	8304
8069	8307
8071	8065
8071	8070
8071	8072
8287	8068
8287	8286
8287	8295
8287	8304
8070	8069
8070	8071
8070	8090
8070	8184
8196	8069
8196	8195
8196	37306
8304	8069
8304	8287
8304	8301
8304	8308
8307	8069
8307	8306
8307	8308
8090	8070
8090	8072
8090	8091
8090	8176
8184	8070
8184	8185
8184	8193
8184	8194
8076	8073
8076	8075
8076	8083
8075	8074
8075	8076
8075	8084
8084	8075
8084	8083
8084	8086
8084	8089
8078	8079
8078	8080
8078	8087
8078	8098
8087	8078
8087	8085
8087	8097
8098	8078
8098	8081
8098	8096
8098	8100
8085	8080
8085	8086
8085	8087
8085	8094
8100	8082
8100	8098
8100	8108
8100	8116
8108	8082
8108	8100
8108	8109
8086	8084
8086	8085
8086	8093
8089	8084
8089	8088
8089	8092
8089	8093
8094	8085
8094	8093
8094	8099
8094	8174
8093	8086
8093	8089
8093	8094
8093	8095
8097	8087
8097	8096
8097	8099
8092	8089
8092	8091
8091	8090
8091	8092
8091	8095
8176	8090
8176	8177
8176	8185
8095	8091
8095	8093
8095	8175
8099	8094
8099	8097
8099	8111
8174	8094
8174	8175
8174	8183
8175	8095
8175	8174
8175	8177
8096	8097
8096	8098
8096	8105
8096	8106
8105	8096
8105	8104
8106	8096
8106	8107
8111	8099
8111	8107
8111	8187
8111	8188
8116	8100
8116	8104
8116	8115
8116	37302
8101	8102
8101	8103
8101	8185
8102	8101
8102	8107
8102	8188
8103	8101
8103	8104
8103	8113
8103	8191
8185	8101
8185	8176
8185	8182
8185	8184
8185	8192
8107	8102
8107	8106
8107	8111
8188	8102
8188	8111
8188	8186
8104	8103
8104	8105
8104	8116
8113	8103
8113	8114
8113	8150
8113	8197
8191	8103
8191	8189
8191	8197
8109	8108
8109	8110
8109	8115
8109	8117
8109	8122
8117	8109
8117	8118
8117	8122
8122	8109
8122	8117
8122	8121
8122	8144
8122	8148
8115	8109
8115	8114
8115	8116
8115	8144
8187	8111
8187	8186
8114	8113
8114	8115
8114	8144
8114	8150
8197	8113
8197	8150
8197	8189
8197	8191
8197	8199
8197	8202
8150	8113
8150	8114
8150	8149
8150	8197
8150	8199
8144	8114
8144	8115
8144	8122
8144	8151
37302	8116
8120	8118
8120	8119
8120	8121
8120	8125
8125	8119
8125	8120
8125	8124
8125	8137
8139	8119
8121	8120
8121	8122
8121	8124
8121	8148
8124	8121
8124	8125
8124	8137
8124	8145
8148	8121
8148	8122
8148	8145
8148	8151
8138	8123
8138	8136
8137	8124
8137	8125
8137	8136
8137	8146
8131	8126
8131	8130
8131	37303
8128	8126
8128	8127
8128	8132
8128	8134
8143	8126
8143	8134
8143	8136
8127	8128
8127	8129
8127	8141
8129	8127
8129	8130
8129	8142
8141	8127
8141	8140
8141	8163
8141	8169
8132	8128
8132	8133
8132	8140
8132	8160
8134	8128
8134	8135
8134	8143
8133	8132
8133	8135
8133	8156
8140	8132
8140	8141
8140	8161
8160	8132
8160	8159
8160	8162
8135	8133
8135	8134
8135	8147
8156	8133
8156	8154
8156	8158
8147	8135
8147	8146
8147	8154
8136	8137
8136	8138
8136	8143
8161	8140
8161	8162
8161	8169
8163	8141
8163	8164
8163	8171
8169	8141
8169	8161
8169	8171
8169	8173
8164	8142
8164	8163
8164	8895
8151	8144
8151	8148
8151	8149
8151	8153
8149	8150
8149	8151
8149	8152
8149	8199
8152	8149
8152	8153
8152	8155
8152	8203
8199	8149
8199	8150
8199	8197
8199	8203
8203	8152
8203	8199
8203	8202
8203	8211
8157	8155
8157	8158
8157	8166
8157	8211
8158	8156
8158	8157
8158	8159
8158	8165
8166	8157
8166	8165
8166	8210
8166	8217
8211	8157
8211	8203
8211	8209
8159	8158
8159	8160
8159	8167
8165	8158
8165	8166
8165	8168
8167	8159
8167	8168
8167	8170
8162	8160
8162	8161
8162	8170
8170	8162
8170	8167
8170	8172
8170	8225
8171	8163
8171	8169
8171	8897
8171	8904
8168	8165
8168	8167
8168	8217
8168	8223
8210	8166
8210	8201
8210	8209
8210	8216
8217	8166
8217	8168
8217	8216
8217	8222
8223	8168
8223	8222
8223	8224
8173	8169
8173	8172
8173	8227
8173	8904
8172	8170
8172	8173
8172	8226
8225	8170
8225	8224
8225	8226
8225	8228
8904	8171
8904	8173
8904	8903
8226	8172
8226	8225
8226	8227
8226	8231
8227	8173
8227	8226
8227	8905
8227	8947
8183	8174
8183	8182
8183	8186
8177	8175
8177	8176
8177	8182
8182	8177
8182	8183
8182	8185
8179	8178
8179	8180
8179	13689
13689	8178
13689	8179
13689	13687
8181	8180
8186	8183
8186	8187
8186	8188
8193	8184
8193	8192
8193	8204
8194	8184
8194	8195
8194	8204
8194	8311
8192	8185
8192	8190
8192	8193
8189	8190
8189	8191
8189	8197
8189	8201
8189	8207
8190	8189
8190	8192
8190	8205
8201	8189
8201	8200
8201	8210
8201	8213
8201	8215
8207	8189
8207	8205
8207	8212
8207	8406
8205	8190
8205	8206
8205	8207
8205	8310
8204	8193
8204	8194
8204	8206
8195	8194
8195	8196
8195	8306
8311	8194
8311	8310
8311	8313
8306	8195
8306	8305
8306	8307
37306	8196
8202	8197
8202	8200
8202	8203
8202	8209
8200	8201
8200	8202
8200	8208
8208	8200
8208	8209
8213	8201
8213	8212
8215	8201
8215	8214
8215	8216
8215	8220
8209	8202
8209	8208
8209	8210
8209	8211
8206	8204
8206	8205
8206	8312
8310	8205
8310	8311
8310	8335
8310	8380
8312	8206
8212	8207
8212	8213
8212	8214
8212	8408
8406	8207
8406	8380
8216	8210
8216	8215
8216	8217
8216	8221
8214	8212
8214	8215
8214	8219
8214	8409
8408	8212
8408	8407
8408	8409
8219	8214
8219	8218
8219	8410
8220	8215
8220	8218
8220	8221
8221	8216
8221	8220
8221	8222
8221	8234
8222	8217
8222	8221
8222	8223
8222	8232
8218	8219
8218	8220
8218	8234
8218	8238
8218	8411
8234	8218
8234	8221
8234	8232
8234	8237
8238	8218
8238	8236
8238	8414
8411	8218
8411	8410
8411	8413
8410	8219
8410	8409
8410	8411
8410	8416
8232	8222
8232	8224
8232	8233
8232	8234
8224	8223
8224	8225
8224	8230
8224	8232
8230	8224
8230	8229
8230	8233
8228	8225
8228	8229
8228	8231
8228	8244
8231	8226
8231	8228
8231	8947
8905	8227
8905	8903
8905	8916
8947	8227
8947	8231
8947	8916
8947	8948
8229	8228
8229	8230
8229	8239
8244	8228
8244	8243
8244	8429
8244	8948
8239	8229
8239	8240
8239	8241
8233	8230
8233	8232
8233	8237
8233	8240
8237	8233
8237	8234
8237	8235
8240	8233
8240	8235
8240	8239
8240	8246
8235	8236
8235	8237
8235	8240
8235	8247
8235	8420
8236	8235
8236	8238
8236	8418
8247	8235
8247	8245
8247	8419
8420	8235
8420	8419
8420	8421
8418	8236
8418	8417
8418	8421
8418	8445
8414	8238
8414	8412
8414	8417
8414	8470
8241	8239
8241	8242
8241	8246
8246	8240
8246	8241
8246	8245
8242	8241
8242	8243
8242	8250
8243	8242
8243	8244
8243	8250
8243	8429
8250	8242
8250	8243
8250	8248
8429	8243
8429	8244
8429	8428
8429	8950
8948	8244
8948	8947
8948	8950
8245	8246
8245	8247
8245	8249
8249	8245
8249	8248
8249	8425
8419	8247
8419	8420
8419	8423
8248	8249
8248	8250
8248	8428
8428	8248
8428	8429
8428	8432
8425	8249
8425	8424
8425	8430
8252	8251
8252	8253
8267	8251
8267	8255
8267	8266
8267	8268
8253	8252
8253	8254
8261	8257
8261	8262
8261	8264
8258	8259
8258	8263
8258	8275
8259	8258
8259	8260
8259	8279
8263	8258
8263	8262
8263	8266
8275	8258
8275	8274
8275	8277
8279	8259
8279	8278
8279	8302
8280	8260
8280	8281
8280	8303
8262	8261
8262	8263
8262	8265
8265	8262
8265	8264
8265	8266
8266	8263
8266	8265
8266	8267
8266	8272
8272	8266
8272	8271
8272	8276
8269	8270
8269	8273
8269	8343
8270	8269
8270	8271
8270	8274
8270	8345
8271	8270
8271	8272
8271	8274
8274	8270
8274	8271
8274	8275
8345	8270
8345	8346
8345	8347
8345	8351
8276	8272
8277	8275
8277	8278
8277	8344
8278	8277
8278	8279
8278	8325
8344	8277
8344	8346
8344	8356
8325	8278
8325	8319
8325	8358
8302	8279
8302	8303
8302	8319
8281	8280
8281	8282
8281	8288
8303	8280
8303	8302
8303	8316
8303	8320
8303	8321
8282	8281
8282	8283
8282	8285
8288	8281
8288	8289
8288	8291
8288	8293
8285	8282
8285	8286
8285	8292
8285	8297
8286	8284
8286	8285
8286	8287
8292	8285
8292	8291
8292	8298
8297	8285
8295	8287
8295	8294
8295	8296
8295	8299
8295	8301
8289	8288
8289	8290
8289	8291
8291	8288
8291	8289
8291	8292
8293	8288
8293	8294
8293	8315
8290	8289
8298	8292
8294	8293
8294	8295
8294	8315
8294	8326
8294	8332
8315	8293
8315	8294
8315	8317
8326	8294
8326	8327
8326	8332
8332	8294
8332	8324
8332	8326
8332	8341
8296	8295
8299	8295
8299	8300
8299	8305
8299	8331
8301	8295
8301	8300
8301	8304
8300	8299
8300	8301
8300	8308
8305	8299
8305	8306
8305	8314
8331	8299
8331	8329
8331	8330
8308	8300
8308	8304
8308	8307
8319	8302
8319	8318
8319	8325
8316	8303
8316	8317
8320	8303
8320	8318
8320	8321
8321	8303
8321	8320
8321	8322
8314	8305
8314	8313
8314	8328
8335	8310
8335	8313
8335	8336
8380	8310
8380	8378
8380	8406
8380	8407
8380	8415
8313	8311
8313	8314
8313	8334
8313	8335
8334	8313
8334	8327
8334	8337
8328	8314
8328	8327
8328	8329
8317	8315
8317	8316
8317	8324
8324	8317
8324	8323
8324	8332
8318	8319
8318	8320
8318	8371
8318	8375
8371	8318
8371	8322
8371	8376
8375	8318
8375	8374
8375	8376
8322	8321
8322	8323
8322	8371
8323	8322
8323	8324
8323	8341
8323	8350
8323	8377
8341	8323
8341	8332
8341	8342
8350	8323
8350	8349
8377	8323
8377	8376
8377	8387
8377	8388
8377	8395
8358	8325
8358	8359
8358	8373
8327	8326
8327	8328
8327	8334
8329	8328
8329	8330
8329	8331
8330	8329
8330	8331
8337	8334
8337	8336
8337	8340
8336	8335
8336	8337
8336	8372
8372	8336
8372	8340
8372	8379
8340	8337
8340	8338
8340	8372
8338	8339
8338	8340
8338	43037
8339	8338
8339	8342
8339	8382
43037	8338
8342	8339
8342	8341
8342	8349
8342	8384
8382	8339
8382	8379
8382	8383
8349	8342
8349	8350
8349	8384
8384	8342
8384	8349
8384	8385
8384	8387
8346	8344
8346	8345
8346	8354
8356	8344
8356	8357
8356	8359
8347	8345
8347	8348
8347	8351
8351	8345
8351	8347
8351	8355
8354	8346
8354	8353
8354	8357
8355	8351
8355	8352
8355	8366
8352	8353
8352	8355
8352	8365
8353	8352
8353	8354
8353	8363
8365	8352
8365	8363
8365	8366
8365	8368
8363	8353
8363	8361
8363	8365
8357	8354
8357	8356
8357	8362
8366	8355
8366	8365
8366	8370
8359	8356
8359	8358
8359	8388
8362	8357
8362	8360
8373	8358
8373	8374
8388	8359
8388	8360
8388	8377
8388	8392
8360	8361
8360	8362
8360	8388
8361	8360
8361	8363
8361	8367
8367	8361
8367	8369
8367	8393
8368	8365
8368	8369
8368	8370
8368	8585
8370	8366
8370	8368
8370	8586
8370	37387
8369	8367
8369	8368
8369	8591
8393	8367
8393	8389
8393	8594
8585	8368
8585	8578
8585	8586
8585	8592
8591	8369
8591	8590
8591	8593
8586	8370
8586	8579
8586	8585
37387	8370
8376	8371
8376	8375
8376	8377
8379	8372
8379	8378
8379	8382
8374	8373
8374	8375
8387	8377
8387	8384
8387	8386
8387	8395
8395	8377
8395	8387
8395	8391
8378	8379
8378	8380
8378	8403
8378	8415
8403	8378
8403	8398
8403	8399
8403	8457
8403	8478
8403	8615
8403	8616
8415	8378
8415	8380
8415	8405
8415	8459
8383	8382
8383	8385
8383	8402
8385	8383
8385	8384
8385	8386
8402	8383
8402	8386
8402	8400
8386	8385
8386	8387
8386	8402
8392	8388
8392	8391
8389	8390
8389	8393
8389	8394
8390	8389
8390	8391
8390	8396
8390	8397
8394	8389
8391	8390
8391	8392
8391	8395
8396	8390
8396	8397
8396	8398
8396	8617
8397	8390
8397	8396
8397	8547
8397	8596
8594	8393
8594	8595
8594	8596
8398	8396
8398	8399
8398	8403
8398	8617
8617	8396
8617	8398
8617	43217
8596	8397
8596	8547
8596	8548
8596	8594
8547	8397
8547	8545
8547	8548
8547	8596
8399	8398
8399	8400
8399	8403
8400	8399
8400	8401
8400	8402
8401	8400
8457	8403
8457	8458
8457	8459
8478	8403
8478	8458
8478	8615
8615	8403
8615	8478
8615	8483
8615	8614
8615	8619
8616	8403
8616	8487
8616	8624
8454	8404
8454	8455
8454	8482
8454	8483
8455	8405
8455	8454
8455	8458
8413	8411
8413	8412
8413	8416
8413	8465
8412	8413
8412	8414
8412	8469
8469	8412
8469	8467
8469	8470
8469	8471
8465	8413
8465	8462
8465	8463
8417	8414
8417	8418
8417	8446
8470	8414
8470	8446
8470	8447
8470	8469
8459	8415
8459	8457
8466	8416
8466	8461
8466	8481
8466	8482
8446	8417
8446	8445
8446	8447
8446	8470
8421	8418
8421	8420
8421	8423
8421	8427
8421	8445
8445	8418
8445	8421
8445	8444
8445	8446
8423	8419
8423	8421
8423	8422
8427	8421
8427	8426
8427	8451
8422	8423
8422	8424
8422	8426
8424	8422
8424	8425
8424	8441
8426	8422
8426	8427
8426	8441
8426	8449
8441	8424
8441	8426
8441	8453
8430	8425
8430	8431
8449	8426
8449	8450
8449	8453
8451	8427
8451	8444
8451	8450
8432	8428
8432	8431
8432	8949
8950	8429
8950	8948
8950	8949
8431	8430
8431	8432
8431	8952
8431	8955
8955	8431
8955	8954
8955	8956
8952	8431
8952	8951
8952	9148
8949	8432
8949	8909
8949	8950
8433	8434
8433	8440
8433	8852
8434	8433
8434	8435
8434	8436
8440	8433
8440	8439
8440	8678
8852	8433
8852	8853
8852	10106
8852	10109
8435	8434
8436	8434
8436	8437
8436	10106
8436	10113
8437	8436
8437	8438
8437	9898
10106	8436
10106	8852
10106	10109
10113	8436
10113	10112
8438	8437
8438	8439
8438	9901
8438	42385
9898	8437
9898	9897
9898	10112
8439	8438
8439	8440
8439	8679
9901	8438
9901	8760
42385	8438
42385	8759
42385	42386
8679	8439
8679	8680
8679	8681
8678	8440
8678	8697
8678	8771
8453	8441
8453	8449
8453	8456
8442	8443
8442	8444
8442	8452
8443	8442
8443	8448
8443	8476
8443	8498
8444	8442
8444	8445
8444	8451
8444	8452
8452	8442
8452	8444
8452	8456
8452	9156
8448	8443
8448	8447
8448	8471
8476	8443
8476	8475
8476	8484
8498	8443
8498	8499
8498	8510
8447	8446
8447	8448
8447	8470
8447	8471
8471	8447
8471	8448
8471	8469
8471	8472
8450	8449
8450	8451
8450	8456
8456	8450
8456	8452
8456	8453
9156	8452
9156	9148
9156	9157
8482	8454
8482	8466
8483	8454
8483	8458
8483	8479
8483	8615
8458	8455
8458	8457
8458	8478
8458	8483
8460	8461
8460	8462
8460	8468
8461	8460
8461	8466
8461	8468
8461	8496
8462	8460
8462	8463
8462	8465
8468	8460
8468	8461
8468	8467
8496	8461
8496	8480
8496	8481
8496	8497
8463	8462
8463	8464
8463	8465
8464	8463
8481	8466
8481	8480
8481	8496
8467	8468
8467	8469
8467	8472
8472	8467
8472	8471
8472	8477
8477	8472
8477	8474
8477	8497
8473	8474
8473	8475
8473	8509
8474	8473
8474	8477
8474	8505
8475	8473
8475	8476
8475	8484
8509	8473
8509	8499
8509	8505
8505	8474
8505	8503
8505	8509
8484	8475
8484	8476
8484	8499
8497	8477
8497	8496
8497	8506
8479	8480
8479	8483
8479	8493
8479	8495
8480	8479
8480	8481
8480	8492
8480	8496
8493	8479
8493	8494
8493	8495
8495	8479
8495	8493
8495	8622
8492	8480
8492	8491
8492	8656
8499	8484
8499	8498
8499	8509
8485	8486
8485	8487
8485	8612
8486	8485
8486	8487
8486	8488
8486	8633
8487	8485
8487	8486
8487	8488
8487	8616
8487	8624
8487	8625
8612	8485
8612	8613
8612	8633
8488	8486
8488	8487
8488	8627
8633	8486
8633	8612
8633	8627
8633	8818
8624	8487
8624	8602
8624	8616
8625	8487
8625	8626
8625	8627
8627	8488
8627	8625
8627	8633
8627	8638
8489	8490
8489	8491
8489	8661
8490	8489
8490	8494
8490	8658
8490	8663
8491	8489
8491	8492
8491	8659
8661	8489
8661	8659
8661	8660
8494	8490
8494	8493
8494	8621
8663	8490
8663	8662
8663	8664
8659	8491
8659	8507
8659	8508
8659	8656
8659	8661
8656	8492
8656	8506
8656	8659
8621	8494
8621	8620
8621	8657
8622	8495
8622	8619
8622	8620
8506	8497
8506	8507
8506	8656
8510	8498
8510	8500
8510	8670
8500	8501
8500	8502
8500	8510
8501	8500
8501	8503
8501	8504
8502	8500
8502	8503
8503	8501
8503	8502
8503	8505
8504	8501
8504	8508
8504	8660
8504	8669
8508	8504
8508	8507
8508	8659
8508	8660
8660	8504
8660	8508
8660	8661
8660	8664
8660	8668
8669	8504
8669	8668
8669	8670
8507	8506
8507	8508
8507	8659
8670	8510
8670	8669
8670	8672
8670	8686
8511	8512
8511	42390
8512	8511
8512	8513
8513	8512
8513	8514
8559	8515
8559	8524
8559	8566
42393	8516
42393	37307
42393	42401
8517	8518
8517	8519
8517	8540
8517	8556
8518	8517
8518	8520
8518	37308
8518	37309
8519	8517
8519	8520
8519	8531
8540	8517
8540	8541
8540	8556
8556	8517
8556	8540
8556	8565
8556	42392
8520	8518
8520	8519
37308	8518
37308	8566
37308	37307
37309	8518
37309	37307
37309	37322
8531	8519
8531	8526
8531	8530
8531	8611
8521	8522
8521	8523
8521	8558
8522	8521
8522	8524
8522	8525
8523	8521
8523	8524
8523	8557
8558	8521
8524	8522
8524	8523
8524	8559
8525	8522
8526	8527
8526	8531
8526	8532
8526	8539
8527	8526
8527	8528
8527	8630
8532	8526
8539	8526
8539	8536
8539	8537
8528	8527
8528	8529
8528	8546
8528	8554
8630	8527
8630	8629
8630	8639
8529	8528
8529	8530
8546	8528
8546	8545
8546	8549
8546	8553
8554	8528
8554	8555
8554	8642
8554	8647
8530	8529
8530	8531
8530	8549
8549	8530
8549	8546
8549	8548
8611	8531
8611	8610
8611	37314
8533	8534
8533	8535
8533	8644
8534	8533
8534	8544
8534	8775
8535	8533
8535	8536
8535	8628
8644	8533
8644	8563
8644	8643
8544	8534
8544	8542
8775	8534
8775	8541
8775	8564
8536	8535
8536	8537
8536	8539
8628	8535
8628	8629
8628	8631
8537	8536
8537	8538
8537	8539
8538	8537
8541	8540
8541	8542
8541	8775
8542	8541
8542	8543
8542	8544
8543	8542
8545	8546
8545	8547
8545	8552
8545	8603
8552	8545
8552	8550
8552	8603
8603	8545
8603	8552
8603	8602
8553	8546
8548	8547
8548	8549
8548	8595
8548	8596
8595	8548
8595	8577
8595	8594
8595	8600
8550	8551
8550	8552
8550	8604
8551	8550
8551	8555
8551	8645
8604	8550
8604	8605
8604	8645
8555	8551
8555	8554
8555	8646
8645	8551
8645	8604
8645	8643
8642	8554
8642	8641
8642	8648
8647	8554
8647	8646
8646	8555
8646	8647
8565	8556
8565	8564
8565	8566
42392	8556
8561	8557
8561	8560
8561	10937
8561	123026
123026	8557
123026	8561
123026	123027
123026	123028
122905	8557
122905	122904
122905	122907
122905	123028
8566	8559
8566	8565
8566	37308
8560	8561
8560	8562
8560	8567
8562	8560
8562	8563
8562	8715
8567	8560
8567	8568
8567	8569
8567	8821
10937	8561
10937	8821
10937	10941
10937	123027
8563	8562
8563	8564
8563	8644
8715	8562
8715	8570
8715	37381
8564	8563
8564	8565
8564	8775
8568	8567
8568	8571
8568	37380
8569	8567
8569	8570
8569	8712
8569	8821
8821	8567
8821	8569
8821	8820
8821	8822
8821	10937
8571	8568
8571	8570
37380	8568
37380	37381
37380	42391
8570	8569
8570	8571
8570	8715
8712	8569
8712	8713
8712	8780
8712	8820
8572	8573
8572	8574
8572	8597
8573	8572
8573	8584
8573	8610
8574	8572
8574	8575
8574	8576
8597	8572
8597	8598
8597	37312
8584	8573
8584	8583
8584	8587
8610	8573
8610	8609
8610	8611
8575	8574
8576	8574
8576	8577
8576	8600
8577	8576
8577	8578
8577	8593
8577	8595
8600	8576
8600	8595
8600	8599
8578	8577
8578	8579
8578	8585
8578	8590
8593	8577
8593	8590
8593	8591
8579	8578
8579	8580
8579	8586
8590	8578
8590	8591
8590	8593
8580	8579
8580	8581
8580	37384
8581	8580
8581	8582
8581	8589
37384	8580
37384	37385
37384	37386
8582	8581
8582	8583
8589	8581
8589	8588
8589	37383
8583	8582
8583	8584
8587	8584
8587	8588
8587	37315
8592	8585
8588	8587
8588	8589
8588	37382
37315	8587
37315	37316
37315	37317
37382	8588
37382	37392
37382	42399
37383	8589
8598	8597
8598	8599
8598	8609
37312	8597
8599	8598
8599	8600
8599	8607
8609	8598
8609	8610
8607	8599
8607	8608
8601	8602
8601	8606
8601	8626
8602	8601
8602	8603
8602	8624
8606	8601
8606	8605
8606	8651
8606	8716
8626	8601
8626	8625
8626	8638
8605	8604
8605	8606
8605	8653
8653	8605
8653	8651
8653	8654
8716	8606
8716	8717
8716	8776
8651	8606
8651	8652
8651	8653
8608	8607
37314	8611
37314	37324
37314	37325
8613	8612
8613	8614
8613	8818
8614	8613
8614	8615
8614	8618
8818	8613
8818	8633
8818	8720
8618	8614
8618	8619
8618	37328
8619	8615
8619	8618
8619	8622
43217	8617
43217	43218
43217	43219
37328	8618
37328	8620
8620	8621
8620	8622
8620	37328
8657	8621
8657	8658
8657	8665
8638	8626
8638	8627
8638	8717
8629	8628
8629	8630
8629	8632
8631	8628
8631	8632
8631	8649
8632	8629
8632	8631
8632	8641
8639	8630
8639	8640
8639	8641
8649	8631
8649	8641
8649	8650
8641	8632
8641	8639
8641	8642
8641	8649
8634	8635
8634	8637
8634	13037
8634	13130
8635	8634
8635	8636
8635	13131
8637	8634
8637	8636
8637	13031
8637	13033
13037	8634
13037	13040
13037	13077
13037	13103
13130	8634
13130	13103
13130	13105
13130	13131
8636	8635
8636	8637
8636	13137
8636	13199
8636	13209
13131	8635
13131	13129
13131	13130
13137	8636
13137	13031
13137	13138
13137	13208
13199	8636
13199	13198
13199	13318
13209	8636
13209	13208
13209	13240
13209	13459
13031	8637
13031	9570
13031	13034
13031	13137
13033	8637
13033	13032
13033	13038
8717	8638
8717	8716
8717	8776
8640	8639
8648	8642
8643	8644
8643	8645
8643	8714
8714	8643
8714	8654
8714	8713
8650	8649
8652	8651
8652	8655
8652	8778
8655	8652
8655	8654
8655	8713
8655	8782
8778	8652
8778	8779
8778	8782
8654	8653
8654	8655
8654	8714
8713	8655
8713	8712
8713	8714
8782	8655
8782	8778
8782	8781
8664	8660
8664	8663
8664	8667
8668	8660
8668	8666
8668	8669
8667	8664
8667	8666
8667	8673
37330	8665
8666	8667
8666	8668
8666	8671
8671	8666
8671	8672
8671	8676
8671	8698
8673	8667
8673	8674
8673	8677
8672	8670
8672	8671
8672	8687
8686	8670
8686	8685
8686	9157
8676	8671
8676	8675
8676	8710
8676	8722
8698	8671
8698	8699
8698	8724
8687	8672
8687	8688
8687	8700
8687	8702
8675	8676
8675	8677
8675	8707
8710	8676
8710	8708
8710	8722
8722	8676
8722	8710
8722	8723
8697	8678
8697	8696
8697	8765
8771	8678
8771	8766
8771	8770
8680	8679
8680	8681
8681	8679
8681	8680
8681	8682
8682	8681
8682	8683
8682	8701
8683	8682
8683	8684
8683	8685
8683	8701
8701	8682
8701	8683
8701	8685
8684	8683
8685	8683
8685	8686
8685	8701
9157	8686
9157	9154
9157	9155
9157	9156
8688	8687
8688	8689
8688	8702
8700	8687
8700	8699
8700	8704
8702	8687
8702	8688
8702	8703
8689	8688
8689	8690
8689	8691
8689	8741
8690	8689
8691	8689
8691	8692
8691	8742
8741	8689
8741	8706
8741	8740
8692	8691
8692	8693
8692	8743
8742	8691
8742	8740
8742	8743
8742	8744
8693	8692
8693	8694
8693	37331
8743	8692
8743	8742
8743	8769
8694	8693
8694	8695
8694	8696
37331	8693
8695	8694
8696	8694
8696	8697
8696	8773
8773	8696
8773	8774
8765	8697
8765	8766
8765	8767
8699	8698
8699	8700
8699	8705
8724	8698
8724	8723
8724	8740
8705	8699
8705	8704
8705	8706
8704	8700
8704	8703
8704	8705
8703	8702
8703	8704
8703	8706
8706	8703
8706	8705
8706	8741
8709	8707
8709	8708
8708	8709
8708	8710
8708	8721
8708	8735
8708	8737
8737	8708
8737	8736
8737	8738
8735	8708
8735	8734
8735	8772
8721	8708
8721	8718
8721	8720
8721	8832
8721	37329
8780	8712
8780	8781
8780	8820
8820	8712
8820	8780
8820	8819
8820	8821
37381	8715
37381	37380
8776	8716
8776	8717
8776	8777
8718	8719
8718	8720
8718	8721
8718	8832
8719	8718
8719	8720
8719	8817
8719	8827
8719	8846
8720	8718
8720	8719
8720	8721
8720	8818
8832	8718
8832	8721
8832	8826
8817	8719
8817	8816
8817	8842
8827	8719
8827	8826
8827	8828
8846	8719
8846	8845
8846	8851
37329	8721
8723	8722
8723	8724
8723	8739
8739	8723
8739	8738
8739	8744
8740	8724
8740	8741
8740	8742
8725	8726
8725	8727
8725	8859
8725	10170
8726	8725
8726	8733
8726	8825
8727	8725
8727	8728
8727	8861
8859	8725
8859	8860
8859	10107
10170	8725
10170	10171
10170	37408
8733	8726
8733	8732
8733	8825
8825	8726
8825	8733
8825	8823
8825	8894
8728	8727
8728	8729
8728	8855
8861	8727
8861	8860
8729	8728
8729	8730
8729	8770
8855	8728
8855	8854
8855	8862
8730	8729
8730	8731
8730	8772
8770	8729
8770	8771
8770	8854
8731	8730
8731	8732
8772	8730
8772	8734
8772	8735
8732	8731
8732	8733
8732	8826
8826	8732
8826	8827
8826	8832
8734	8735
8734	8736
8734	8772
8736	8734
8736	8737
8736	8745
8745	8736
8745	8738
8745	8766
8738	8737
8738	8739
8738	8745
8744	8739
8744	8742
8744	8769
8769	8743
8769	8744
8769	8767
8769	8768
8766	8745
8766	8765
8766	8771
8746	8747
8746	8748
8746	10134
8746	10157
8747	8746
8747	8764
8747	10130
8747	10131
8747	10153
8748	8746
8748	8749
8748	9953
10134	8746
10134	10132
10134	10135
10157	8746
10157	10151
10157	10153
8764	8747
8764	8763
8764	10107
8764	10111
10130	8747
10130	10128
10130	10148
10131	8747
10153	8747
10153	10151
10153	10157
8749	8748
8749	8750
8749	9953
9953	8748
9953	8749
9953	9954
9953	9984
8750	8749
8750	8751
8750	9954
8751	8750
8751	8752
9954	8750
9954	9953
9954	9958
8752	8751
8752	8753
8752	9958
8753	8752
8753	8754
8753	9959
9958	8752
9958	9954
9958	9964
8754	8753
8754	8755
8754	9913
8754	9935
9959	8753
9959	9960
9959	37357
8755	8754
8755	8756
8755	9903
9913	8754
9913	9902
9913	9928
9935	8754
9935	9934
9935	9948
9935	9960
8756	8755
8756	8757
8756	9907
9903	8755
9903	9902
9903	9906
9903	9907
8757	8756
8757	8758
8757	9912
9907	8756
9907	9903
9907	9908
9907	9912
8758	8757
8758	8759
8758	9912
9912	8757
9912	8758
9912	9907
9912	9911
8759	8758
8759	8760
8759	9911
8759	42385
8760	8759
8760	8761
8760	9900
8760	9901
9911	8759
9911	9908
9911	9912
8761	8760
8761	8762
8761	9956
9900	8760
9900	9899
8762	8761
8762	8763
9956	8761
9956	9955
8763	8762
8763	8764
8763	9955
9955	8763
9955	9899
9955	9956
10107	8764
10107	8859
10107	10108
10107	10126
10111	8764
10111	9897
10111	10112
8767	8765
8767	8768
8767	8769
8767	8774
8768	8767
8768	8769
8774	8767
8774	8773
8854	8770
8854	8853
8854	8855
8777	8776
8777	8779
8777	8819
8779	8777
8779	8778
8779	8781
8779	8819
8819	8777
8819	8779
8819	8820
8781	8779
8781	8780
8781	8782
8783	8784
8783	8822
8783	10942
8784	8783
8784	8785
8784	10944
8822	8783
8822	8821
8822	10942
10942	8783
10942	8822
10942	10941
8785	8784
8785	8786
8785	10959
8785	10960
10944	8784
10944	10943
10944	10961
8786	8785
8786	8787
8786	10966
10959	8785
10959	8787
10959	10958
10960	8785
8787	8786
8787	8788
8787	10959
10966	8786
8788	8787
8788	8789
8788	8792
8789	8788
8789	8790
8789	8791
8792	8788
8792	8793
8792	10957
8790	8789
8791	8789
8793	8792
8793	8794
8793	8872
8793	8873
10957	8792
10957	10956
10957	10958
8794	8793
8794	8795
8794	8796
8873	8793
8873	8872
8873	11000
8872	8793
8872	8873
8872	8874
8872	8891
8795	8794
8796	8794
8796	8797
8796	8874
8797	8796
8797	8798
8797	8881
8874	8796
8874	8872
8874	8892
8798	8797
8798	8799
8798	8800
8881	8797
8881	8878
8881	8879
8881	8891
8881	10169
8799	8798
8800	8798
8800	8801
8800	8875
8801	8800
8801	8802
8801	8803
8801	8843
8875	8800
8875	8856
8875	8876
8875	8880
8802	8801
8803	8801
8803	8804
8803	8805
8843	8801
8843	8841
8843	8842
8843	8848
8843	37339
8804	8803
8804	8805
8804	8858
8805	8803
8805	8804
8805	8806
8805	37341
8858	8804
8806	8805
8806	8807
8806	37340
37341	8805
37341	37340
8807	8806
8807	8808
8807	8841
37340	8806
37340	37341
37340	40084
8808	8807
8808	8809
8808	8812
8808	8813
8841	8807
8841	8816
8841	8843
8809	8808
8809	8810
8809	8811
8812	8808
8813	8808
8813	8814
8813	8815
8810	8809
8811	8809
8814	8813
8815	8813
8815	8816
8816	8815
8816	8817
8816	8841
8842	8817
8842	8843
8842	8847
8823	8824
8823	8825
8823	8894
8823	10174
8824	8823
8824	8831
8824	8887
8824	10175
8894	8823
8894	8825
8894	10121
10174	8823
10174	10173
10174	10176
8831	8824
8831	8830
8831	8857
8887	8824
8887	8886
10175	8824
10175	10172
10175	11033
8828	8827
8828	8829
8828	8851
8829	8828
8829	8830
8829	8857
8851	8828
8851	8845
8851	8846
8830	8829
8830	8831
8857	8829
8857	8831
8857	8856
8857	8880
8833	8834
8833	8840
8833	23422
8834	8833
8834	8835
8834	8863
8834	8864
8840	8833
8840	8839
8840	32172
23422	8833
23422	23423
8835	8834
8835	8836
8863	8834
8863	8867
8863	8871
8864	8834
8864	8865
8864	23421
8836	8835
8836	8837
8836	23557
8836	23754
8837	8836
8837	8838
8837	23767
23557	8836
23557	23556
23557	23558
23557	23762
23754	8836
23754	23755
23754	23757
8838	8837
8838	8839
8838	23766
23767	8837
23767	23766
8839	8838
8839	8840
8839	23769
23766	8838
23766	23765
23766	23767
23769	8839
23769	23768
23769	23772
32172	8840
8847	8842
8847	8848
8848	8843
8848	8847
8848	8849
37339	8843
8844	8845
8844	8849
8844	8850
8845	8844
8845	8846
8845	8851
8845	8856
8849	8844
8849	8848
8849	8856
8849	8876
8850	8844
8856	8845
8856	8849
8856	8857
8856	8875
8876	8849
8876	8875
8876	37342
8853	8852
8853	8854
8853	8862
8853	10110
10109	8852
10109	10106
10109	10108
8862	8853
8862	8855
8862	10115
10110	8853
10110	8860
10110	10115
8880	8857
8880	8875
8880	8882
8860	8859
8860	8861
8860	10110
8860	10115
10115	8860
10115	8862
10115	10110
8867	8863
8867	8866
8867	8868
8867	23575
8871	8863
23421	8864
23421	23185
23421	23187
23283	8865
23283	23183
23283	23258
23575	8866
23575	8867
23575	23574
8868	8867
8868	8869
8868	8870
8869	8868
8870	8868
8891	8872
8891	8881
8891	8892
11000	8873
8892	8874
8892	8891
8892	8893
37342	8876
8877	8878
8877	8879
8877	8882
8878	8877
8878	8879
8878	8881
8879	8877
8879	8878
8879	8881
8882	8877
8882	8880
8882	8888
10169	8881
10169	8888
10169	11002
8888	8882
8888	8889
8888	10169
8883	8884
8883	8885
8883	11016
8884	8883
8884	8889
8884	11017
8885	8883
8885	8886
8885	11034
11016	8883
11016	11015
11016	11040
8889	8884
8889	8888
8889	8890
11017	8884
11017	11018
11017	11019
8886	8885
8886	8887
11034	8885
11034	11035
11034	37395
8890	8889
8893	8892
10121	8894
10121	10117
10121	10120
8906	8896
8906	8903
8906	8907
8906	8915
8903	8897
8903	8904
8903	8905
8903	8906
8899	8900
8899	8901
8899	8902
8899	8913
8913	8899
8913	8907
8913	8912
8913	8917
8907	8900
8907	8906
8907	8913
8907	8914
8916	8905
8916	8909
8916	8947
8915	8906
8914	8907
8908	8909
8908	8910
8908	8957
8908	8960
8909	8908
8909	8916
8909	8949
8909	8956
8910	8908
8910	8911
8910	8919
8957	8908
8957	8919
8957	8958
8960	8908
8960	8959
8960	8962
8956	8909
8956	8955
8956	8963
8911	8910
8911	8912
8911	8920
8919	8910
8919	8918
8919	8957
8912	8911
8912	8913
8912	8924
8920	8911
8920	8918
8920	8923
8920	8924
8924	8912
8924	8917
8924	8920
8924	8934
8918	8919
8918	8920
8918	8922
8922	8918
8922	8921
8922	8958
8922	8961
8923	8920
8923	8921
8923	8934
8923	8936
8921	8922
8921	8923
8921	8938
8921	8940
8921	8967
8938	8921
8938	8936
8938	8937
8967	8921
8967	8940
8967	8966
8940	8921
8940	8939
8940	8942
8940	8967
8958	8922
8958	8957
8958	8959
8961	8922
8961	8959
8961	8968
8934	8923
8934	8924
8934	8925
8934	8935
8936	8923
8936	8932
8936	8935
8936	8938
8933	8925
8933	8927
8933	8931
8933	8935
8928	8929
8928	8930
8928	8946
8928	8981
8929	8928
8929	8932
8929	8937
8929	8941
8946	8928
8946	8945
8946	8978
8946	9034
8981	8928
8981	8980
8981	9016
8932	8929
8932	8931
8932	8936
8937	8929
8937	8938
8937	8942
8941	8929
8941	8939
8941	8944
8935	8933
8935	8934
8935	8936
8942	8937
8942	8940
8939	8940
8939	8941
8939	8966
8966	8939
8966	8964
8966	8967
8966	8975
8944	8941
8944	8943
8944	8972
8944	8973
8943	8944
8943	8945
8943	8984
8945	8943
8945	8946
8945	9033
8984	8943
8984	8982
8984	9033
8972	8944
8972	8971
8972	8983
8973	8944
8973	8970
8973	8977
9033	8945
9033	8984
9033	9034
8978	8946
8978	8979
8978	9035
9034	8946
9034	9033
9034	9035
9034	9036
8951	8952
8951	8953
8951	9149
8951	9150
8953	8951
8953	8954
8953	8991
8953	9150
9149	8951
9149	9147
9148	8952
9148	9147
9148	9156
8954	8953
8954	8955
8954	8962
8954	8987
8962	8954
8962	8960
8962	8963
8987	8954
8987	8988
8987	8991
8963	8956
8963	8962
8959	8958
8959	8960
8959	8961
8959	8986
8986	8959
8986	8985
8986	8988
8968	8961
8968	8965
8968	8985
8990	8964
8990	8989
8990	8994
8975	8966
8975	8974
8975	8989
8969	8970
8969	8971
8969	8999
8969	9089
8970	8969
8970	8973
8970	8997
8971	8969
8971	8972
8999	8969
8999	8998
8999	9013
9089	8969
9089	9090
9089	9091
9089	9104
9089	9106
8997	8970
8997	8977
8997	8998
8983	8972
8983	8982
8983	9090
8977	8973
8977	8976
8977	8997
8974	8975
8974	8976
8974	9009
8976	8974
8976	8977
8976	9001
9009	8974
9009	9003
9009	9012
8989	8975
8989	8990
8989	8995
9001	8976
9001	9002
9001	9012
8979	8978
8979	8980
8979	9032
9035	8978
9035	9032
9035	9034
8980	8979
8980	8981
8980	9015
9032	8979
9032	9031
9032	9035
8982	8983
8982	8984
8982	9036
9036	8982
9036	9031
9036	9034
9036	9042
9090	8983
9090	9089
9090	9091
8988	8985
8988	8986
8988	8987
8995	8989
8995	8996
8995	9010
8994	8990
8994	8992
8994	8996
8992	8993
8992	8994
8992	9011
9011	8992
9011	8996
9011	9004
9164	8993
9164	9163
9164	9180
8996	8994
8996	8995
8996	9011
9010	8995
8998	8997
8998	8999
8998	9000
9000	8998
9000	9003
9000	9008
9013	8999
9013	9014
9013	9104
9013	9108
9003	9000
9003	9002
9003	9009
9008	9000
9008	9007
9008	9014
9002	9001
9002	9003
9012	9001
9012	9009
9004	9005
9004	9011
9004	9178
9005	9004
9005	9006
9005	9007
9178	9004
9178	9179
9178	9187
9178	9192
9006	9005
9007	9005
9007	9008
9007	9187
9007	9199
9187	9007
9187	9178
9187	9192
9199	9007
9199	9198
9199	9200
9199	9265
9014	9008
9014	9013
9014	9200
9104	9013
9104	9089
9104	9105
9104	9109
9108	9013
9108	9107
9108	9254
9200	9014
9200	9199
9200	9254
9200	9259
9017	9018
9017	9019
9017	32431
9018	9017
9018	9023
9018	32432
9019	9017
9019	9020
9019	32430
32431	9017
9023	9018
9023	9021
9023	32433
32432	9018
9020	9019
9020	9021
9020	32429
32430	9019
9021	9020
9021	9022
9021	9023
32429	9020
32429	32427
32429	42803
9022	9021
32433	9023
32433	32421
32433	42800
9024	9025
9024	9026
9024	9046
9025	9024
9025	9030
9025	9041
9025	9045
9026	9024
9026	9027
9026	9047
9026	9048
9046	9024
9046	9045
9046	9047
9030	9025
9030	9029
9030	9031
9041	9025
9041	9040
9041	9043
9045	9025
9045	9044
9045	9046
9027	9026
9027	9028
9027	37345
9047	9026
9047	9046
9047	9049
9048	9026
9048	9049
9048	9054
37345	9027
37348	9028
9031	9030
9031	9032
9031	9036
9042	9036
9042	9038
9042	9093
9042	9095
9037	9038
9037	9039
9037	9044
9038	9037
9038	9042
9038	9095
9038	9096
9039	9037
9039	9040
9039	9043
9044	9037
9044	9043
9044	9045
9044	9097
9095	9038
9095	9042
9095	9094
9095	9096
9096	9038
9096	9095
9096	9097
9096	9098
9096	9117
9040	9039
9040	9041
9043	9039
9043	9041
9043	9044
9093	9042
9093	9092
9093	9094
9097	9044
9097	9096
9097	9100
9049	9047
9049	9048
9049	9052
9054	9048
9054	9053
9054	9061
9052	9049
9052	9053
9052	9100
9069	9050
9069	9068
9069	9070
9060	9050
9060	9059
9060	9061
9083	9050
9083	9058
9083	9070
9053	9052
9053	9054
9053	9057
9053	9103
9100	9052
9100	9097
9100	9103
9057	9053
9057	9056
9057	9118
9057	9127
9103	9053
9103	9100
9103	9117
9061	9054
9061	9060
9061	37346
9068	9055
9068	9067
9068	9069
9056	9057
9056	9058
9056	9084
9058	9056
9058	9059
9058	9083
9084	9056
9084	9080
9084	9127
9118	9057
9118	9117
9118	9120
9118	9123
9059	9058
9059	9060
37346	9061
9062	9063
9062	9064
9063	9062
9063	9070
9063	9082
9064	9062
9064	9065
9064	9077
9070	9063
9070	9069
9070	9083
9082	9063
9082	9077
9082	9081
9065	9064
9065	9066
9077	9064
9077	9078
9077	9082
9066	9065
9066	9067
9066	9071
9072	9073
9072	9078
9072	9086
9072	9449
9073	9072
9073	9074
9073	9411
9073	9452
9078	9072
9078	9077
9078	9085
9086	9072
9086	9088
9086	9137
9086	9138
9449	9072
9449	9137
9449	9450
9074	9073
9074	9075
9074	9408
9074	9413
9411	9073
9411	9412
9411	9453
9452	9073
9452	9439
9452	9451
9452	9453
9075	9074
9075	9076
9075	9407
9408	9074
9408	9407
9408	9409
9413	9074
9413	9412
9413	9415
9085	9078
9085	9081
9085	9087
9079	9080
9079	9081
9079	9130
9080	9079
9080	9084
9080	9129
9081	9079
9081	9082
9081	9085
9130	9079
9130	9087
9130	9131
9129	9080
9129	9128
9129	9131
9087	9085
9087	9088
9087	9130
9088	9086
9088	9087
9088	9131
9137	9086
9137	9136
9137	9449
9138	9086
9138	9133
9138	9135
9131	9088
9131	9129
9131	9130
9131	9133
9091	9089
9091	9090
9091	9092
9106	9089
9106	9092
9106	9105
9092	9091
9092	9093
9092	9094
9092	9102
9092	9106
9094	9092
9094	9093
9094	9095
9094	9099
9094	9102
9102	9092
9102	9094
9102	9101
9102	9105
9099	9094
9099	9098
9099	9101
9098	9096
9098	9099
9098	9111
9098	9117
9117	9096
9117	9098
9117	9103
9117	9118
9117	9120
9111	9098
9111	9101
9111	9110
9111	9119
9101	9099
9101	9102
9101	9111
9105	9102
9105	9104
9105	9106
9105	9110
9109	9104
9109	9107
9109	9110
9109	9114
9110	9105
9110	9109
9110	9111
9110	9116
9107	9108
9107	9109
9107	9112
9112	9107
9112	9113
9112	9254
9254	9108
9254	9112
9254	9200
9114	9109
9114	9113
9114	9115
9116	9110
9116	9115
9116	9121
9119	9111
9119	9120
9119	9121
9113	9112
9113	9114
9113	9255
9113	9259
9255	9113
9255	9125
9255	9257
9255	9271
9259	9113
9259	9200
9115	9114
9115	9116
9115	9125
9115	9126
9126	9115
9126	9124
9125	9115
9125	9122
9125	9255
9125	9258
9121	9116
9121	9119
9121	9124
9120	9117
9120	9118
9120	9119
9120	9123
9124	9121
9124	9122
9124	9126
36223	9122
36223	9290
36223	36298
9258	9125
9258	9256
9258	9275
9258	9293
9133	9131
9133	9132
9133	9138
9133	9144
9132	9133
9132	9134
9132	9143
9143	9132
9143	9142
9143	9144
9144	9133
9144	9135
9144	9143
9144	9145
9135	9136
9135	9138
9135	9144
9136	9135
9136	9137
9136	9146
9136	9450
9146	9136
9146	9145
9146	9287
9146	9450
9450	9136
9450	9146
9450	9449
9139	9140
9139	9141
9139	9288
9288	9139
9288	9141
9288	9287
9282	9140
9282	9280
9282	9283
9287	9146
9287	9286
9287	9288
9147	9148
9147	9149
9147	9150
9154	9150
9154	9155
9154	9157
9151	9152
9151	9155
9152	9151
9152	9153
9152	9166
9155	9151
9155	9154
9155	9157
9166	9152
9166	9165
9166	9208
9159	9153
9159	9158
9159	9165
9159	9171
9158	9159
9158	9160
9158	9169
9160	9158
9160	9161
9160	9174
9169	9158
9169	9170
9169	9194
9165	9159
9165	9166
9165	9208
9171	9159
9171	9172
9171	37352
9174	9160
9174	9173
9174	40083
9162	9161
9162	9163
9162	9173
9163	9162
9163	9164
9163	9186
9173	9162
9173	9174
9173	9179
9186	9163
9180	9164
9180	9181
9180	9184
9208	9165
9208	9166
9208	9175
14750	9167
9170	9169
9170	9172
9170	9177
9194	9169
9194	9179
9194	9193
9172	9170
9172	9171
9172	9175
9172	9177
9177	9170
9177	9172
9177	9176
9177	9203
9177	9215
37352	9171
37352	37353
37352	37354
9175	9172
9175	9176
9175	9208
9175	9217
9179	9173
9179	9178
9179	9194
40083	9174
9176	9175
9176	9177
9176	9216
9217	9175
9217	9216
9217	9225
9216	9176
9216	9210
9216	9217
9216	9224
9203	9177
9203	9202
9203	9214
9215	9177
9192	9178
9192	9187
9192	9191
9192	9193
9181	9180
9181	9182
9181	9183
9184	9180
9184	9183
9184	9185
9182	9181
9183	9181
9183	9184
9185	9184
9188	9189
9188	9190
9188	9206
9189	9188
9189	9193
9189	9201
9190	9188
9190	9191
9190	9206
9206	9188
9206	9190
9206	9207
9193	9189
9193	9192
9193	9194
9201	9189
9201	9202
9201	9220
9191	9190
9191	9192
9191	9196
9196	9191
9196	9195
9196	9204
9195	9196
9195	9197
9195	9221
9197	9195
9197	9198
9221	9195
9221	9198
9221	9204
9221	9266
9204	9196
9204	9205
9204	9221
9204	9230
9198	9197
9198	9199
9198	9221
9198	9265
9265	9198
9265	9199
9265	9267
9202	9201
9202	9203
9202	9219
9220	9201
9220	9207
9220	9222
9220	9247
9219	9202
9219	9214
9219	9218
9214	9203
9214	9213
9214	9219
9205	9204
9205	9207
9205	9231
9230	9204
9230	9229
9230	9231
9207	9205
9207	9206
9207	9220
9231	9205
9231	9230
9231	9232
9231	9247
9209	9210
9209	9211
9209	9245
9210	9209
9210	9216
9210	9224
9210	9894
9211	9209
9211	9212
9211	9235
9245	9209
9245	9246
9245	9910
9224	9210
9224	9216
9224	9225
9894	9210
9894	9895
9894	9905
9212	9211
9212	9213
9212	9233
9235	9211
9235	9233
9235	9238
9213	9212
9213	9214
9213	9218
9233	9212
9233	9218
9233	9234
9233	9235
9218	9213
9218	9219
9218	9223
9218	9233
9225	9217
9225	9224
9225	9896
9223	9218
9223	9222
9223	9234
9222	9220
9222	9223
9222	9249
9247	9220
9247	9231
9247	9248
9266	9221
9266	9229
9266	9267
9249	9222
9249	9248
9249	9251
9249	9253
9234	9223
9234	9233
9234	9236
9896	9225
9896	9895
9896	42386
9226	9227
9226	9228
9226	9329
9227	9226
9227	9232
9227	9252
9228	9226
9228	9229
9228	9269
9329	9226
9329	9252
9329	9330
9232	9227
9232	9231
9232	9248
9252	9227
9252	9250
9252	9329
9229	9228
9229	9230
9229	9266
9269	9228
9269	9267
9269	9268
9269	9321
9248	9232
9248	9247
9248	9249
9236	9234
9236	9237
9236	9253
9238	9235
9238	9239
9238	9244
9237	9236
9237	9239
9237	9918
9253	9236
9253	9249
9253	9919
9239	9237
9239	9238
9239	9243
9918	9237
9918	9917
9244	9238
9243	9239
9243	9242
9243	9917
9243	9920
9240	9241
9240	9246
9240	9909
9241	9240
9241	9242
9241	9916
9246	9240
9246	9245
9909	9240
9909	9904
9909	9916
9242	9241
9242	9243
9242	9914
9916	9241
9916	9909
9916	9915
9916	9928
9914	9242
9914	9915
9914	9920
9917	9243
9917	9918
9917	9919
9920	9243
9920	9914
9920	9919
9920	9931
9910	9245
9251	9249
9251	9250
9251	9927
9250	9251
9250	9252
9250	9337
9337	9250
9337	9336
9337	9927
9927	9251
9927	9337
9927	9925
9919	9253
9919	9917
9919	9920
9919	9922
9257	9255
9257	9256
9257	9270
9271	9255
9256	9257
9256	9258
9256	9274
9274	9256
9274	9272
9274	9275
9270	9257
9270	9268
9270	9273
9275	9258
9275	9274
9275	9291
9293	9258
9293	9260
9293	36298
9260	9261
9260	9264
9260	9293
9261	9260
9261	9262
9261	9292
9264	9260
9264	9263
9262	9261
9262	9263
9262	9289
9292	9261
9292	9291
9292	9297
9263	9262
9263	9264
9263	9290
9289	9262
9289	9284
9289	9296
9290	9263
9290	9283
9290	36223
9267	9265
9267	9266
9267	9269
9268	9269
9268	9270
9268	9277
9268	9321
9277	9268
9277	9276
9277	9319
9321	9268
9321	9269
9321	9320
9321	9328
9273	9270
9273	9272
9273	9276
9272	9273
9272	9274
9272	9279
9279	9272
9279	9278
9279	9291
9276	9273
9276	9277
9276	9278
9291	9275
9291	9279
9291	9292
9278	9276
9278	9279
9278	9324
9319	9277
9319	9320
9319	9323
9324	9278
9324	9322
9324	9335
9280	9281
9280	9282
9280	9285
9280	9294
9281	9280
9281	9284
9281	9295
9281	9312
9285	9280
9285	9286
9285	9313
9294	9280
9294	9295
9294	9313
9284	9281
9284	9283
9284	9289
9295	9281
9295	9294
9295	9314
9295	9584
9295	9590
9295	9594
9312	9281
9312	9296
9312	9315
9283	9282
9283	9284
9283	9290
9286	9285
9286	9287
9286	9451
9313	9285
9313	9294
9313	9574
9313	9591
9451	9286
9451	9452
9451	9574
9451	9576
9296	9289
9296	9297
9296	9310
9296	9312
9297	9292
9297	9296
9297	9311
36298	9293
36298	36223
9314	9295
9314	9315
9314	9316
9314	9368
9584	9295
9584	9575
9584	9582
9584	9594
9590	9295
9590	9575
9594	9295
9594	9584
9594	9593
9594	9596
9594	9660
9310	9296
9310	9309
9310	9315
9311	9297
9311	9308
9311	9335
9298	9299
9298	9302
9299	9298
9299	9300
9302	9298
9302	9301
9302	40771
9300	9299
9300	9301
9300	22637
9300	22638
9301	9300
9301	9302
9301	22640
22637	9300
22638	9300
22638	22639
22638	22722
22638	22750
22640	9301
22640	22639
22640	40772
40771	9302
9303	9304
9303	9305
9303	35635
9304	9303
9304	9306
9304	35591
9305	9303
9305	9306
9305	17804
35635	9303
35635	35590
35635	42114
9306	9304
9306	9305
9306	17802
35591	9304
35591	35590
35591	35592
17804	9305
17804	17803
17804	42114
17802	9306
17802	17803
17802	35598
9307	9308
9307	9309
9307	9318
9308	9307
9308	9311
9308	9334
9308	9363
9309	9307
9309	9310
9309	9316
9318	9307
9318	9317
9318	9361
9334	9308
9334	9322
9334	9335
9334	9350
9363	9308
9363	9360
9363	9362
9316	9309
9316	9314
9316	9317
9315	9310
9315	9312
9315	9314
9335	9311
9335	9324
9335	9334
9574	9313
9574	9451
9574	9575
9574	9591
9591	9313
9591	9574
9368	9314
9368	9367
9368	9405
9317	9316
9317	9318
9317	9364
9364	9317
9364	9361
9364	9369
9361	9318
9361	9362
9361	9364
9320	9319
9320	9321
9320	9331
9320	9333
9323	9319
9323	9322
9323	9332
9323	9346
9331	9320
9331	9327
9331	9328
9331	9343
9333	9320
9333	9332
9333	9342
9333	9347
9328	9321
9328	9327
9328	9331
9322	9323
9322	9324
9322	9334
9322	9348
9348	9322
9348	9346
9348	9349
9332	9323
9332	9333
9332	9347
9346	9323
9346	9345
9346	9348
9325	9326
9325	9327
9325	9356
9326	9325
9326	9330
9326	9338
9327	9325
9327	9328
9327	9331
9356	9325
9356	9357
9356	37358
9330	9326
9330	9329
9330	9336
9338	9326
9338	9336
9338	9924
9336	9330
9336	9337
9336	9338
9343	9331
9343	9340
9343	9354
9347	9332
9347	9333
9347	9341
9347	9342
9342	9333
9342	9341
9342	9347
9350	9334
9350	9349
9350	9360
9924	9338
9924	9923
9924	9925
9339	9340
9339	9341
9339	9995
9340	9339
9340	9343
9340	9354
9340	9972
9340	9994
9341	9339
9341	9342
9341	9344
9341	9347
9341	9378
9341	9995
9995	9339
9995	9341
9995	9993
9995	9996
9354	9340
9354	9343
9354	9355
9994	9340
9994	9355
9994	42380
9972	9340
9972	9971
9972	9973
9344	9341
9344	9345
9344	9377
9378	9341
9378	9379
9378	9997
9345	9344
9345	9346
9345	9351
9377	9344
9377	9376
9377	9380
9351	9345
9351	9352
9349	9348
9349	9350
9349	9353
9349	9360
9353	9349
9353	9352
9353	9362
9353	9370
9360	9349
9360	9350
9360	9363
9352	9351
9352	9353
9352	9374
9352	9376
9374	9352
9374	9370
9374	9375
9376	9352
9376	9377
9376	9383
9362	9353
9362	9361
9362	9363
9362	9371
9370	9353
9370	9371
9370	9373
9370	9374
9355	9354
9355	9357
9355	9994
9357	9355
9357	9356
9357	37359
37358	9356
37359	9357
37359	9923
37359	42381
9496	9358
9496	9957
9496	42807
30863	9359
30863	30864
30863	42808
9371	9362
9371	9370
9371	9372
9369	9364
9369	9366
9369	9372
9365	9366
9365	9367
9365	9391
9366	9365
9366	9369
9366	9386
9366	9388
9367	9365
9367	9368
9367	9402
9391	9365
9391	9389
9391	9403
9386	9366
9386	9373
9386	9384
9386	9387
9402	9367
9402	9401
9402	9404
9405	9368
9405	9404
9405	9593
9372	9369
9372	9371
9372	9373
9373	9370
9373	9372
9373	9375
9373	9386
9375	9373
9375	9374
9375	9384
9384	9375
9384	9383
9384	9386
9383	9376
9383	9381
9383	9384
9380	9377
9380	9379
9380	9382
9379	9378
9379	9380
9379	9385
9997	9378
9997	9996
9997	9999
9385	9379
9385	9382
9385	9999
9382	9380
9382	9381
9382	9385
9381	9382
9381	9383
9381	9394
9394	9381
9394	9395
9394	10008
9999	9385
9999	9997
9999	10009
9389	9390
9389	9391
9389	9406
9390	9389
9390	9393
9390	10059
9406	9389
9406	9403
9406	10062
9393	9390
9393	9392
9393	10017
10059	9390
10059	10058
10059	10063
9403	9391
9403	9397
9403	9406
10017	9393
10017	10016
10017	10047
10017	10057
10017	10076
10008	9394
10008	10007
9396	9397
9396	9398
9396	9687
9397	9396
9397	9403
9397	10320
9398	9396
9398	9399
9398	9687
9687	9396
9687	9398
9687	10329
10320	9397
10320	10062
10320	10330
9399	9398
9399	9400
9399	36302
9400	9399
9400	9401
9400	36300
36302	9399
36302	9670
9401	9400
9401	9402
9401	36301
36300	9400
36300	9659
36301	9401
36301	9656
9404	9402
9404	9405
9404	9656
9656	9404
9656	9593
9656	36301
9593	9405
9593	9594
9593	9656
9593	9659
10062	9406
10062	10060
10062	10320
9409	9408
9409	9410
9409	9418
9418	9409
9418	9410
9418	9417
9412	9411
9412	9413
9412	9439
9453	9411
9453	9439
9453	9452
9439	9412
9439	9433
9439	9452
9439	9453
9415	9413
9415	9414
9415	9430
9415	9438
9414	9415
9414	9416
9414	9430
9416	9414
9416	9417
9416	9424
9430	9414
9430	9415
9430	9431
9430	9443
9430	9455
9438	9415
9438	9437
9438	9454
9417	9416
9417	9418
9417	9420
9424	9416
9424	9420
9424	9422
9424	9423
9420	9417
9420	9421
9420	9424
9421	9419
9421	9420
9421	9422
9428	9423
9428	9427
9428	9429
9425	9426
9425	9429
9425	9431
9425	9442
9429	9425
9429	9428
9429	9431
9431	9425
9431	9429
9431	9430
9431	9443
9442	9425
9442	9440
9442	9448
9447	9426
9447	9445
9447	9448
9455	9430
9455	9454
9455	9456
9455	9462
9455	9463
9443	9430
9443	9431
9443	9444
9443	9457
9432	9433
9432	9434
9432	9475
9433	9432
9433	9439
9433	9577
9433	9578
9434	9432
9434	9435
9434	9468
9475	9432
9475	9474
9475	9580
9577	9433
9577	9576
9577	9579
9578	9433
9578	9579
9578	9580
9435	9434
9435	9436
9435	9466
9468	9434
9468	9467
9468	9476
9436	9435
9436	9437
9436	9469
9466	9435
9466	9467
9466	9469
9466	9471
9437	9436
9437	9438
9437	9482
9469	9436
9469	9466
9469	9473
9482	9437
9482	9454
9482	9483
9454	9438
9454	9455
9454	9463
9454	9482
9440	9441
9440	9442
9440	9446
9441	9440
9441	9444
9441	9459
9446	9440
9446	9445
9446	9448
9446	9535
9444	9441
9444	9443
9444	9458
9444	9461
9459	9441
9459	9460
9459	9486
9459	9535
9448	9442
9448	9446
9448	9447
9457	9443
9457	9456
9457	9458
9458	9444
9458	9456
9458	9457
9458	9461
9461	9444
9461	9458
9461	9462
9445	9446
9445	9447
9445	9536
9536	9445
9536	9537
9536	9538
9535	9446
9535	9459
9535	9537
9576	9451
9576	9575
9576	9577
9463	9454
9463	9455
9463	9464
9456	9455
9456	9457
9456	9458
9462	9455
9462	9460
9462	9461
9462	9464
9460	9459
9460	9462
9460	9465
9460	9484
9486	9459
9486	9484
9486	9537
9486	9540
9465	9460
9465	9464
9465	9472
9465	9485
9484	9460
9484	9485
9484	9486
9484	9494
9464	9462
9464	9463
9464	9465
9464	9483
9483	9464
9483	9473
9483	9482
9472	9465
9472	9470
9472	9473
9472	9487
9485	9465
9485	9484
9485	9487
9485	9492
9467	9466
9467	9468
9467	9477
9471	9466
9471	9470
9471	9481
9471	9489
9477	9467
9477	9478
9477	9480
9476	9468
9476	9474
9476	9479
9473	9469
9473	9472
9473	9483
9470	9471
9470	9472
9470	9491
9491	9470
9491	9487
9491	9490
9481	9471
9481	9480
9481	9488
9481	9612
9489	9471
9489	9488
9489	9490
9489	9614
9487	9472
9487	9485
9487	9491
9487	9493
9474	9475
9474	9476
9474	9588
9588	9474
9588	9580
9588	9589
9580	9475
9580	9578
9580	9587
9580	9588
9580	9599
9479	9476
9479	9478
9479	9589
9478	9477
9478	9479
9478	9606
9480	9477
9480	9481
9480	9605
9606	9478
9606	9589
9606	9602
9606	9605
9589	9479
9589	9588
9589	9602
9589	9606
9605	9480
9605	9604
9605	9606
9605	9613
9488	9481
9488	9489
9488	9611
9488	9615
9612	9481
9612	9611
9612	9613
9494	9484
9494	9492
9494	9540
9494	9550
9492	9485
9492	9493
9492	9494
9492	9551
9537	9486
9537	9535
9537	9536
9537	9539
9540	9486
9540	9494
9540	9539
9540	9542
9493	9487
9493	9492
9493	9495
9493	9552
9615	9488
9615	9614
9615	9618
9615	9619
9611	9488
9611	9609
9611	9612
9490	9489
9490	9491
9490	9495
9614	9489
9614	9495
9614	9615
9614	9617
9495	9490
9495	9493
9495	9614
9495	9616
9551	9492
9551	9550
9551	9552
9551	9555
9552	9493
9552	9551
9552	9616
9552	9736
9550	9494
9550	9542
9550	9551
9550	9554
9616	9495
9616	9552
9616	9617
9616	9623
42807	9496
9498	9497
9498	9499
9498	9505
9498	9538
9500	9497
9500	9501
9500	9532
9505	9498
9505	9504
9505	9506
9538	9498
9538	9536
9538	9539
9538	9543
9532	9500
9532	9501
9532	9529
9519	9501
9519	9518
9519	9520
9528	9501
9528	9527
9528	9529
9502	9503
9502	9504
9502	9766
9502	9768
9503	9502
9503	9515
9503	9767
9503	9771
9503	9778
9504	9502
9504	9505
9766	9502
9766	9531
9766	9765
9768	9502
9768	9765
9768	9779
9768	9855
9515	9503
9515	9514
9515	9767
9767	9503
9767	9515
9767	9757
9767	9763
9767	9771
9771	9503
9771	9767
9771	9769
9771	9775
9778	9503
9778	9777
9778	9779
9506	9505
9506	9507
9506	9543
9507	9506
9507	9508
9507	9544
9543	9506
9543	9538
9543	9541
9543	9544
9508	9507
9508	9509
9508	9549
9544	9507
9544	9543
9544	9545
9544	9549
9509	9508
9509	9510
9509	9558
9549	9508
9549	9544
9549	9558
9510	9509
9510	9511
9510	9564
9558	9509
9558	9549
9558	9556
9558	9564
9511	9510
9511	9512
9511	9564
9511	9565
9564	9510
9564	9511
9564	9558
9564	9563
9512	9511
9512	9513
9512	9573
9565	9511
9565	9563
9565	9566
9565	9573
9513	9512
9513	9514
9513	9764
9573	9512
9573	9565
9573	9748
9573	9764
9514	9513
9514	9515
9514	9764
9764	9513
9764	9514
9764	9573
9764	9757
9524	9516
9524	9523
9524	9525
9522	9516
9522	9520
9522	9523
9520	9519
9520	9521
9520	9522
9521	9520
9523	9522
9523	9524
9525	9524
9526	9527
9526	9531
9526	9765
9526	9781
9527	9526
9527	9528
9527	9533
9527	9782
9531	9526
9531	9530
9531	9766
9765	9526
9765	9766
9765	9768
9765	9858
9781	9526
9781	9782
9781	9859
9533	9527
9533	9534
9533	9547
9782	9527
9782	9781
9782	9784
9782	9876
9529	9528
9529	9530
9529	9532
9530	9529
9530	9531
9547	9533
9547	9534
9547	9548
9539	9537
9539	9538
9539	9540
9539	9541
9541	9539
9541	9542
9541	9543
9541	9545
9542	9540
9542	9541
9542	9550
9542	9553
9545	9541
9545	9544
9545	9553
9545	9556
9553	9542
9553	9545
9553	9554
9553	9557
9556	9545
9556	9557
9556	9558
9556	9563
9548	9546
9548	9547
9548	9783
12465	9546
12465	12464
12465	12482
36031	9546
36031	12483
36031	13003
36031	13004
12482	9546
12482	12465
12482	12481
12482	12483
9783	9548
9783	9784
9783	12464
9554	9550
9554	9553
9554	9555
9554	9559
9555	9551
9555	9554
9555	9736
9555	9737
9736	9552
9736	9555
9736	9623
9736	9738
9557	9553
9557	9556
9557	9559
9557	9560
9559	9554
9559	9557
9559	9561
9559	9737
9737	9555
9737	9559
9737	9738
9737	9740
9563	9556
9563	9562
9563	9564
9563	9565
9560	9557
9560	9561
9560	9562
9560	9567
9561	9559
9561	9560
9561	9740
9561	9743
9562	9560
9562	9563
9562	9568
9567	9560
9567	9566
9567	9743
9567	9748
9740	9561
9740	9737
9740	9741
9740	9744
9743	9561
9743	9567
9743	9744
9743	9749
9568	9562
9568	9566
9566	9565
9566	9567
9566	9568
9748	9567
9748	9573
9748	9749
9748	9757
9569	9570
9569	9571
9569	12489
9569	13036
12489	9569
12489	12273
12489	12526
12489	13133
13036	9569
13036	13035
13036	13135
12461	9570
12461	12463
12461	13032
12461	13074
12273	9571
12273	12274
12273	12489
12423	9572
12423	12424
12423	12427
9575	9574
9575	9576
9575	9584
9575	9590
9579	9577
9579	9578
9579	9583
9579	9585
9583	9579
9583	9581
9583	9585
9585	9579
9585	9583
9585	9586
9585	9592
9587	9580
9587	9586
9587	9600
9599	9580
9599	9597
9599	9602
9581	9582
9581	9583
9581	9592
9581	9607
9581	9657
9582	9581
9582	9584
9582	9595
9592	9581
9592	9585
9592	9586
9592	9601
9607	9581
9607	9601
9607	9608
9657	9581
9657	9595
9657	9608
9657	9672
9595	9582
9595	9596
9595	9657
9586	9585
9586	9587
9586	9592
9600	9587
9602	9589
9602	9599
9602	9606
9601	9592
9601	9598
9601	9607
9659	9593
9659	9660
9659	36300
9596	9594
9596	9595
9596	9668
9660	9594
9660	9659
9660	9670
9668	9596
9668	9667
9668	9669
9668	9672
9597	9598
9597	9599
9597	9603
9597	9624
9598	9597
9598	9601
9598	9608
9598	9626
9603	9597
9603	9604
9603	9630
9624	9597
9624	9625
9624	9630
9624	9678
9608	9598
9608	9607
9608	9657
9608	9658
9626	9598
9626	9625
9626	9658
9604	9603
9604	9605
9604	9628
9630	9603
9630	9624
9630	9632
9628	9604
9628	9627
9628	9631
9613	9605
9613	9610
9613	9612
9658	9608
9658	9626
9658	9673
9658	9674
9609	9610
9609	9611
9609	9618
9610	9609
9610	9613
9610	9627
9618	9609
9618	9615
9618	9620
9618	9629
9627	9610
9627	9628
9627	9629
9617	9614
9617	9616
9617	9619
9617	9621
9619	9615
9619	9617
9619	9620
9619	9622
9623	9616
9623	9621
9623	9736
9623	9739
9621	9617
9621	9622
9621	9623
9621	9642
9620	9618
9620	9619
9620	9634
9629	9618
9629	9627
9629	9633
9629	9635
9622	9619
9622	9621
9622	9634
9622	9641
9634	9620
9634	9622
9634	9635
9634	9640
9642	9621
9642	9641
9642	9739
9642	9750
9641	9622
9641	9640
9641	9642
9641	9708
9739	9623
9739	9642
9739	9738
9739	9742
9625	9624
9625	9626
9625	9674
9625	9675
9678	9624
9678	9677
9678	9682
9674	9625
9674	9658
9674	9676
9674	9679
9675	9625
9675	9676
9675	9677
9675	9685
9631	9628
9631	9632
9631	9633
9633	9629
9633	9631
9633	9632
9633	9636
9635	9629
9635	9634
9635	9637
9635	9638
9632	9630
9632	9631
9632	9633
9632	9682
9632	9701
9682	9632
9682	9678
9682	9702
9701	9632
9701	9636
9701	9700
9636	9633
9636	9637
9636	9701
9640	9634
9640	9638
9640	9641
9640	9706
9637	9635
9637	9636
9637	9639
9637	9704
9638	9635
9638	9639
9638	9640
9638	9707
9639	9637
9639	9638
9639	9705
9639	9709
9704	9637
9704	9700
9704	9705
9704	9710
9707	9638
9707	9706
9707	9709
9707	9729
9705	9639
9705	9704
9705	9711
9705	9712
9709	9639
9709	9707
9709	9712
9709	9727
9706	9640
9706	9707
9706	9708
9706	9785
9708	9641
9708	9706
9708	9750
9708	9753
9750	9642
9750	9708
9750	9742
9750	9752
9644	9643
9644	9654
9644	37729
37730	9643
9654	9644
9654	9653
9654	41654
9647	9646
9647	9648
9647	9650
9648	9647
9648	9649
9649	9648
9651	9650
9651	9652
41654	9654
9672	9657
9672	9668
9672	9673
9673	9658
9673	9672
9673	9679
9670	9660
9670	9671
9670	36302
9661	9662
9661	9663
9661	10324
9662	9661
9662	9671
9662	9688
9662	10324
9663	9661
9663	9664
9663	9714
10324	9661
10324	9662
10324	9688
9671	9662
9671	9670
9671	9690
9688	9662
9688	9689
9688	10321
9688	10324
9688	10335
9664	9663
9664	9665
9664	9693
9714	9663
9714	9693
9714	9715
9714	9718
9665	9664
9665	9666
9665	9694
9693	9664
9693	9692
9693	9694
9693	9714
9666	9665
9666	9667
9666	9681
9694	9665
9694	9681
9694	9684
9694	9693
9667	9666
9667	9668
9667	9679
9681	9666
9681	9679
9681	9680
9681	9694
9679	9667
9679	9673
9679	9674
9679	9681
9669	9668
9690	9671
9690	9691
9690	31892
9676	9674
9676	9675
9676	9680
9677	9675
9677	9678
9677	9686
9677	9702
9685	9675
9685	9683
9685	9686
9680	9676
9680	9681
9680	9684
9686	9677
9686	9685
9686	9703
9702	9677
9702	9682
9702	9703
9684	9680
9684	9683
9684	9692
9684	9694
9683	9684
9683	9685
9683	9696
9683	9698
9696	9683
9696	9695
9696	9713
9698	9683
9698	9697
9698	9703
9698	9713
9692	9684
9692	9693
9692	9695
9692	9718
9703	9686
9703	9698
9703	9702
10329	9687
10329	10088
10329	10340
9689	9688
9689	9691
9689	10326
9689	10333
10321	9688
10321	10322
10321	10346
10335	9688
10335	10333
10335	10345
10335	10389
9691	9689
9691	9690
9691	10325
9691	10328
10326	9689
10326	10325
10326	10327
10326	10334
10333	9689
10333	10332
10333	10335
10333	10388
31892	9690
31892	10328
10325	9691
10325	10326
10325	10327
10328	9691
10328	10327
10328	31892
9695	9692
9695	9696
9695	9717
9718	9692
9718	9714
9717	9695
9717	9716
9713	9696
9713	9698
9713	9720
9697	9698
9697	9699
9697	9721
9699	9697
9699	9700
9699	9710
9699	9721
9699	9722
9721	9697
9721	9699
9721	9719
9700	9699
9700	9701
9700	9704
9710	9699
9710	9704
9710	9711
9722	9699
9722	9711
9722	9719
9711	9705
9711	9710
9711	9722
9711	9723
9712	9705
9712	9709
9712	9723
9712	9728
9785	9706
9785	9729
9785	9753
9785	9787
9729	9707
9729	9727
9729	9785
9729	9788
9753	9708
9753	9752
9753	9785
9753	9786
9727	9709
9727	9728
9727	9729
9727	9734
9723	9711
9723	9712
9723	9726
9723	9730
9728	9712
9728	9727
9728	9730
9728	9732
9720	9713
9720	9716
9720	9719
9720	9724
9715	9714
9715	9716
9715	10323
9716	9715
9716	9717
9716	9720
10323	9715
9719	9720
9719	9721
9719	9722
9724	9720
9724	9725
9724	10322
9726	9723
9726	9725
9726	9731
9730	9723
9730	9728
9730	9731
9730	9733
9725	9724
9725	9726
9725	10350
10322	9724
10322	10321
10322	10351
10350	9725
10350	10349
10350	10351
9731	9726
9731	9730
9731	9735
9731	10352
9734	9727
9734	9732
9734	9788
9734	9804
9732	9728
9732	9733
9732	9734
9732	9806
9788	9729
9788	9734
9788	9787
9788	9792
9733	9730
9733	9732
9733	9735
9733	9807
9735	9731
9735	9733
9735	10352
9735	10353
10352	9731
10352	9735
10352	10349
10352	10355
9806	9732
9806	9804
9806	9807
9806	9809
9807	9733
9807	9806
9807	10353
9807	10361
9804	9734
9804	9792
9804	9806
9804	9808
10353	9735
10353	9807
10353	10357
9738	9736
9738	9737
9738	9739
9738	9741
9741	9738
9741	9740
9741	9742
9741	9747
9742	9739
9742	9741
9742	9750
9742	9751
9744	9740
9744	9743
9744	9745
9747	9741
9747	9746
9747	9751
9751	9742
9751	9747
9751	9752
9751	9754
9749	9743
9749	9745
9749	9748
9749	9755
9745	9744
9745	9746
9745	9749
9745	9756
9746	9745
9746	9747
9746	9754
9746	9758
9756	9745
9756	9755
9756	9758
9756	9762
9754	9746
9754	9751
9754	9759
9754	9760
9758	9746
9758	9756
9758	9759
9758	9761
9757	9748
9757	9755
9757	9764
9757	9767
9755	9749
9755	9756
9755	9757
9755	9763
9752	9750
9752	9751
9752	9753
9752	9760
9760	9752
9760	9754
9760	9786
9760	9791
9786	9753
9786	9760
9786	9787
9786	9789
9759	9754
9759	9758
9759	9791
9759	9793
9763	9755
9763	9762
9763	9767
9763	9770
9762	9756
9762	9761
9762	9763
9762	9772
9761	9758
9761	9762
9761	9774
9761	9793
9761	9795
9791	9759
9791	9760
9791	9789
9791	9794
9793	9759
9793	9761
9793	9794
9793	9796
9774	9761
9774	9773
9774	9797
9795	9761
9795	9796
9795	9797
9795	9845
9772	9762
9772	9770
9772	9773
9772	9837
9770	9763
9770	9769
9770	9772
9770	9839
9858	9765
9858	9855
9858	9859
9858	9867
9779	9768
9779	9777
9779	9778
9779	9856
9855	9768
9855	9854
9855	9858
9855	9865
9769	9770
9769	9771
9769	9780
9780	9769
9780	9775
9780	9839
9780	9842
9839	9770
9839	9780
9839	9837
9839	9840
9775	9771
9775	9776
9775	9780
9773	9772
9773	9774
9773	9838
9837	9772
9837	9838
9837	9839
9837	9841
9838	9773
9838	9837
9838	9843
9838	9847
9797	9774
9797	9795
9797	9843
9776	9775
9776	9777
9776	9842
9776	9860
9777	9776
9777	9778
9777	9779
9842	9776
9842	9780
9842	9840
9842	9850
9860	9776
9860	9850
9860	9856
9860	9861
9856	9779
9856	9857
9856	9860
9859	9781
9859	9858
9859	9870
9784	9782
9784	9783
9784	9876
9784	12464
9876	9782
9876	9784
9876	12475
12464	9783
12464	9784
12464	12465
12464	12474
9787	9785
9787	9786
9787	9788
9787	9790
9789	9786
9789	9790
9789	9791
9789	9798
9790	9787
9790	9789
9790	9792
9790	9799
9792	9788
9792	9790
9792	9804
9792	9805
9798	9789
9798	9794
9798	9799
9798	9803
9799	9790
9799	9798
9799	9805
9799	9813
9794	9791
9794	9793
9794	9798
9794	9801
9805	9792
9805	9799
9805	9808
9805	9810
9796	9793
9796	9795
9796	9800
9801	9794
9801	9800
9801	9802
9845	9795
9845	9834
9845	9843
9845	9844
9800	9796
9800	9801
9800	9816
9843	9797
9843	9838
9843	9845
9803	9798
9803	9802
9803	9814
9813	9799
9813	9812
9813	9814
9813	9820
9816	9800
9816	9815
9816	9825
9816	9844
9802	9801
9802	9803
9802	9815
9802	9823
9815	9802
9815	9816
9815	9824
9823	9802
9823	9821
9823	9824
9823	9826
9814	9803
9814	9813
9814	9821
9808	9804
9808	9805
9808	9809
9808	9811
9810	9805
9810	9811
9810	9812
9809	9806
9809	9808
9809	10361
9809	10432
10361	9807
10361	9809
10361	10360
10361	10434
9811	9808
9811	9810
9811	10431
9811	10442
10432	9809
10432	10431
10432	10435
9812	9810
9812	9813
9812	9818
10431	9811
10431	10432
10431	10437
10442	9811
10442	10443
9818	9812
9818	9817
9818	10440
9820	9813
9820	9819
9820	9822
9821	9814
9821	9822
9821	9823
9821	9827
9824	9815
9824	9823
9824	9825
9825	9816
9825	9824
9825	9835
9844	9816
9844	9835
9844	9845
9817	9818
9817	9819
9817	9822
9817	10444
9819	9817
9819	9820
10444	9817
10444	9836
10444	10440
10444	10447
9822	9817
9822	9820
9822	9821
9822	9836
10440	9818
10440	10441
10440	10444
10440	10448
9827	9821
9827	9826
9827	9836
9827	10445
9836	9822
9836	9827
9836	10444
9836	10446
9826	9823
9826	9827
9826	9829
9835	9825
9835	9834
9835	9844
9829	9826
9829	9828
9829	10445
9829	10477
10445	9827
10445	9829
10445	10446
10445	10475
9828	9829
9828	9830
9828	10476
9830	9828
9830	9831
9830	10478
10476	9828
10476	10477
10476	10478
10476	10482
10477	9829
10477	10475
10477	10476
10477	10485
9831	9830
9831	9832
9831	9883
10478	9830
10478	9883
10478	10476
10478	10480
9832	9831
9832	9833
9832	9878
9832	9879
9883	9831
9883	9878
9883	10478
9883	10479
9833	9832
9833	9834
9833	9852
9879	9832
9879	9852
9879	9877
9879	9881
9878	9832
9878	9877
9878	9883
9878	10481
9834	9833
9834	9835
9834	9845
9834	9846
9852	9833
9852	9846
9852	9851
9852	9879
9846	9834
9846	9847
9846	9852
10446	9836
10446	10445
10446	10447
10446	10455
9841	9837
9841	9840
9841	9847
9841	9849
9847	9838
9847	9841
9847	9846
9847	9851
9840	9839
9840	9841
9840	9842
9840	9848
9848	9840
9848	9849
9848	9850
9848	9863
9849	9841
9849	9848
9849	9851
9849	9880
9850	9842
9850	9848
9850	9860
9850	9862
9851	9847
9851	9849
9851	9852
9851	9881
9863	9848
9863	9862
9863	9880
9863	9885
9880	9849
9880	9863
9880	9881
9880	9886
9862	9850
9862	9861
9862	9863
9862	9884
9881	9851
9881	9879
9881	9880
9881	9882
9853	9854
9853	9857
9853	9861
9854	9853
9854	9855
9854	9866
9854	9884
9857	9853
9857	9856
9857	9861
9861	9853
9861	9857
9861	9860
9861	9862
9866	9854
9866	9864
9866	9891
9884	9854
9884	9862
9884	9885
9884	9891
9865	9855
9865	9864
9865	9869
9867	9858
9867	9868
9867	9870
9867	12467
9870	9859
9870	9867
9870	9875
9870	12468
9885	9863
9885	9884
9885	9886
9885	9889
9864	9865
9864	9866
9864	9892
9892	9864
9892	9891
9892	9893
9892	10496
9869	9865
9869	9868
9869	10496
9869	10507
9869	10508
9891	9866
9891	9884
9891	9889
9891	9892
9868	9867
9868	9869
9868	10507
12467	9867
12467	12466
12467	12471
12467	12952
10507	9868
10507	9869
10507	10505
10507	10508
10496	9869
10496	9892
10496	10494
10496	12935
10508	9869
10508	10507
10508	10509
10508	10534
12468	9870
12468	12466
12468	12469
9875	9870
9875	9872
9875	9874
9871	9872
9871	9873
9871	12956
9871	12967
9871	12971
9872	9871
9872	9875
9872	12470
9872	12968
9873	9871
9873	9874
9873	12932
12956	9871
12956	12954
12956	12955
12956	12972
12967	9871
12967	12966
12967	12968
12971	9871
12971	12970
12971	12973
12470	9872
12470	12469
12470	12968
12968	9872
12968	12470
12968	12967
9874	9873
9874	9875
12932	9873
12932	12475
12932	12933
12475	9876
12475	12473
12475	12932
9877	9878
9877	9879
9877	9882
9877	9890
9882	9877
9882	9881
9882	9886
9882	9888
9890	9877
9890	9888
9890	10481
9890	10491
10481	9878
10481	9890
10481	10479
10481	10493
9886	9880
9886	9882
9886	9885
9886	9887
9888	9882
9888	9887
9888	9890
9888	10490
10479	9883
10479	10480
10479	10481
10479	10488
9889	9885
9889	9887
9889	9891
9889	9893
9887	9886
9887	9888
9887	9889
9887	10492
10492	9887
10492	9893
10492	10490
10492	10495
10490	9888
10490	10491
10490	10492
10490	10501
9893	9889
9893	9892
9893	10492
9893	10494
10491	9890
10491	10490
10491	10493
10491	10499
10494	9893
10494	10495
10494	10496
10494	10535
9895	9894
9895	9896
9895	9905
9895	9906
9905	9894
9905	9895
9905	9904
9906	9895
9906	9903
9906	9908
42386	9896
42386	42385
9897	9898
9897	9899
9897	10111
9899	9897
9899	9900
9899	9955
10112	9898
10112	10111
10112	10113
9902	9903
9902	9904
9902	9913
9904	9902
9904	9905
9904	9909
9904	9928
9928	9904
9928	9913
9928	9916
9928	9934
9908	9906
9908	9907
9908	9911
9915	9914
9915	9916
9915	9932
9915	9934
9932	9915
9932	9930
9932	9936
9934	9915
9934	9928
9934	9935
9934	9936
9922	9919
9922	9921
9922	9933
9931	9920
9931	9929
9931	9933
9921	9922
9921	9923
9921	10002
9923	9921
9923	9924
9923	37359
10002	9921
10002	9933
10002	42382
9933	9922
9933	9931
9933	10002
9925	9924
9925	9926
9925	9927
9925	9992
9926	9925
9992	9925
9929	9930
9929	9931
9929	42383
9930	9929
9930	9932
9930	9949
42383	9929
9949	9930
9949	9936
9949	9966
9936	9932
9936	9934
9936	9947
9936	9949
9948	9935
9948	9946
9948	9963
9960	9935
9960	9959
9960	9964
9947	9936
9947	9946
9947	9965
9937	9938
9937	9945
9937	9978
9938	9937
9938	9939
9938	9977
9945	9937
9945	9944
9978	9937
9978	9943
9978	9977
9939	9938
9939	9940
9939	10030
9977	9938
9977	9976
9977	9978
9977	10036
9940	9939
9940	9941
9940	10029
9940	42384
10030	9939
10030	10029
10030	10031
9941	9940
9941	9942
9941	10018
10029	9940
10029	9973
10029	10030
42384	9940
9942	9941
9942	9943
9942	10018
10018	9941
10018	9942
10018	9973
9943	9942
9943	9944
9943	9978
9943	9979
9944	9943
9944	9945
9979	9943
9979	9974
9979	9980
9946	9947
9946	9948
9946	9974
9974	9946
9974	9963
9974	9965
9974	9979
9965	9947
9965	9966
9965	9974
9963	9948
9963	9961
9963	9974
9966	9949
9966	9965
9966	9973
9952	9950
9952	9951
9952	11465
11466	9951
11466	11465
11465	9952
11465	11466
9984	9953
9984	9983
9984	10133
42833	9957
42833	42832
42833	43428
42833	43429
9964	9958
9964	9960
9964	9962
37357	9959
9961	9962
9961	9963
9961	9981
9962	9961
9962	9964
9962	9986
9981	9961
9981	9980
9981	9982
9981	9987
9986	9962
9986	9985
9986	9987
9973	9966
9973	9967
9973	9972
9973	10018
9973	10029
9967	9968
9967	9973
9967	10028
9968	9967
9968	9969
9968	10027
10028	9967
9969	9968
9969	9970
9969	10003
10027	9968
10027	10014
10027	10025
9970	9969
9970	9971
9970	9993
9970	9998
10003	9969
10003	10004
10003	10014
9971	9970
9971	9972
9971	9993
9993	9970
9993	9971
9993	9995
9993	9998
9993	10000
9998	9970
9998	9993
9998	10001
9998	10004
9975	9976
9975	9982
9975	9989
9976	9975
9976	9977
9976	10203
9982	9975
9982	9981
9982	9988
9989	9975
9989	9990
9989	10137
10203	9976
10203	10036
10203	10206
10036	9977
10036	10037
10036	10203
9980	9979
9980	9981
9987	9981
9987	9986
9987	9988
9988	9982
9988	9987
9988	9991
9983	9984
9983	9985
9983	9990
9985	9983
9985	9986
9985	9990
9990	9983
9990	9985
9990	9989
10133	9984
10133	10132
10133	10136
9991	9988
10137	9989
10137	10136
10137	10215
10000	9993
10000	9996
10000	10001
42380	9994
9996	9995
9996	9997
9996	10000
9996	10012
10012	9996
10012	10011
10012	10013
10001	9998
10001	10000
10001	10004
10004	9998
10004	10001
10004	10003
10004	10013
10009	9999
10009	10010
42382	10002
10014	10003
10014	10013
10014	10027
10013	10004
10013	10012
10013	10014
10013	10024
10005	10006
10005	10010
10005	10011
10006	10005
10006	10007
10006	10015
10006	10048
10010	10005
10010	10009
10011	10005
10011	10012
10011	10024
10048	10006
10048	10024
10048	10049
10024	10011
10024	10013
10024	10023
10024	10025
10024	10048
10024	37360
10047	10017
10047	10046
10047	10050
10047	10074
10057	10017
10057	10058
10057	10065
10076	10017
10019	10020
10019	10021
10019	10042
10020	10019
10020	10035
10020	10042
10021	10019
10021	10022
10021	10210
10042	10019
10042	10020
10042	10041
10035	10020
10035	10032
10035	10033
10022	10021
10022	10023
10022	10053
10210	10021
10210	10053
10210	10209
10023	10022
10023	10024
10023	10044
10023	10054
10053	10022
10053	10052
10053	10210
10044	10023
10044	10045
10044	10046
10054	10023
10054	10052
10054	10075
10054	10077
10025	10024
10025	10026
10025	10027
37360	10024
10026	10025
10031	10030
10031	10032
10031	10038
10032	10031
10032	10033
10032	10035
10038	10031
10038	10037
10038	10040
10033	10032
10033	10034
10033	10035
10034	10033
10037	10036
10037	10038
10037	10039
10039	10037
10039	10040
10039	10205
10040	10038
10040	10039
10040	10043
10205	10039
10205	10204
10205	10208
10043	10040
10043	10041
10043	10208
10041	10042
10041	10043
10041	10209
10209	10041
10209	10210
10209	10212
10208	10043
10208	10205
10208	10211
10208	10213
10045	10044
10046	10044
10046	10047
10046	10051
10051	10046
10051	10050
10051	10078
10050	10047
10050	10051
10050	10077
10074	10047
10074	10073
10074	10075
10049	10048
10077	10050
10077	10054
10077	10075
10077	10078
10078	10051
10078	10077
10078	37361
10052	10053
10052	10054
10052	10080
10052	10212
10080	10052
10080	10079
10080	10213
10212	10052
10212	10209
10212	10213
10075	10054
10075	10067
10075	10074
10075	10077
10075	10079
11224	10056
11224	11225
11224	11365
11362	10056
11362	11363
11362	11364
10058	10057
10058	10059
10058	10063
10065	10057
10065	10064
10065	10073
10065	10096
10063	10058
10063	10059
10063	10064
10060	10061
10060	10062
10060	10330
10061	10060
10061	10064
10061	10096
10061	10104
10330	10060
10330	10320
10330	37369
10064	10061
10064	10063
10064	10065
10096	10061
10096	10065
10096	10090
10096	10105
10104	10061
10104	10089
10104	10105
10073	10065
10073	10072
10073	10074
10066	10067
10066	10068
10066	10094
10067	10066
10067	10075
10067	10095
10067	10217
10068	10066
10068	10069
10068	10093
10094	10066
10095	10067
10095	10082
10095	10226
10095	10227
10217	10067
10217	10079
10217	10216
10069	10068
10069	10070
10069	10092
10093	10068
10070	10069
10070	10071
10070	10091
10092	10069
10071	10070
10071	10072
10071	10090
10091	10070
10072	10071
10072	10073
10090	10071
10090	10089
10090	10096
10079	10075
10079	10080
10079	10214
10079	10217
37361	10078
10214	10079
10214	10211
10214	10213
10213	10080
10213	10208
10213	10212
10213	10214
10081	10082
10081	10083
10081	10084
10082	10081
10082	10095
10082	10226
10083	10081
10084	10081
10084	10085
10084	10382
10226	10082
10226	10095
10226	10224
10226	10235
10085	10084
10085	10086
10085	10087
10085	10383
10382	10084
10382	10240
10086	10085
10087	10085
10087	10088
10087	10383
10383	10085
10383	10087
10383	10243
10088	10087
10088	10089
10088	10329
10088	10341
10089	10088
10089	10090
10089	10104
10341	10088
10341	10340
10341	10342
10227	10095
10105	10096
10105	10104
10160	10097
10160	10159
10160	37159
10100	10099
10108	10107
10108	10109
10108	10114
10126	10107
10126	10127
10126	10163
10114	10108
10116	10117
10116	10118
10116	10184
10117	10116
10117	10121
10117	10176
10117	10179
10118	10116
10118	10119
10118	10202
10184	10116
10184	10183
10176	10117
10176	10174
10176	10177
10176	10180
10119	10118
10119	10120
10119	10149
10202	10118
10202	10185
10202	10194
10120	10119
10120	10121
10149	10119
10149	10150
10149	10156
10149	10162
10127	10126
10127	10128
10127	10148
10163	10126
10163	10161
10163	10162
10163	10171
10128	10127
10128	10129
10128	10130
10148	10127
10148	10130
10148	10154
10129	10128
10132	10133
10132	10134
10132	40075
40075	10132
10136	10133
10136	10137
10136	10207
10135	10134
10207	10136
10207	10204
10207	10206
10215	10137
10215	10206
10215	37363
10158	10138
10158	10159
10158	10292
10158	37121
37125	10138
37125	37124
37125	40446
10139	10140
10139	10147
10139	10189
10140	10139
10140	10141
10140	10252
10147	10139
10147	10146
10189	10139
10189	10188
10189	10252
10141	10140
10141	10142
10141	10253
10141	10254
10252	10140
10252	10189
10252	10253
10142	10141
10142	10143
10142	10219
10253	10141
10253	10252
10253	10262
10254	10141
10254	10220
10254	10261
10143	10142
10143	10144
10143	10251
10219	10142
10219	10218
10219	10220
10144	10143
10144	10145
10144	10251
10251	10143
10251	10144
10251	40074
10145	10144
10145	10146
10145	10151
10146	10145
10146	10147
10146	10150
10151	10145
10151	10152
10151	10153
10151	10157
10150	10146
10150	10149
10150	10190
10162	10149
10162	10161
10162	10163
10190	10150
10190	10191
10190	10195
10152	10151
10155	10154
37362	10156
37121	10158
37121	37122
37159	10160
10161	10162
10161	10163
10161	10171
10171	10161
10171	10163
10171	10170
10164	10165
10164	10168
10164	40747
10165	10164
10165	10166
10165	10270
11002	10169
11002	11001
11002	11004
37408	10170
10172	10173
10172	10175
10172	11032
10173	10172
10173	10174
10173	10177
10173	37412
11032	10172
11032	11031
11032	11168
10177	10173
10177	10176
10177	11175
10177	11176
37412	10173
11033	10175
10180	10176
10180	10178
10180	11177
11175	10177
11175	11173
11175	11177
11176	10177
11176	11174
11176	37411
11178	10178
11178	11174
10182	10179
10182	10181
10182	11181
11177	10180
11177	11173
11177	11175
10181	10182
10181	10183
10181	10197
10183	10181
10183	10184
10197	10181
10197	10198
10197	11181
10197	11304
11181	10182
11181	10197
11181	11182
11181	11288
11181	11304
10185	10186
10185	10194
10185	10202
10186	10185
10186	10187
10186	10200
10186	10201
10194	10185
10194	10193
10194	10202
10187	10186
10187	10188
10187	10200
10200	10186
10200	10187
10200	10199
10200	10264
10201	10186
10188	10187
10188	10189
10191	10190
10191	10192
10191	10193
10195	10190
10195	10193
10195	10196
10192	10191
10193	10191
10193	10194
10193	10195
10196	10195
10198	10197
10198	10199
10198	11233
11304	10197
11304	11181
11304	11233
11304	11303
10199	10198
10199	10200
10199	11232
11233	10198
11233	11234
11233	11304
11232	10199
11232	10222
11232	10294
10264	10200
10264	10265
10264	10276
10206	10203
10206	10207
10206	10215
10204	10205
10204	10207
10204	10211
10211	10204
10211	10208
10211	10214
10211	10218
10218	10211
10218	10216
10218	10219
37363	10215
10216	10217
10216	10218
10216	10220
10220	10216
10220	10219
10220	10228
10220	10254
10228	10220
10228	10229
10228	10260
10221	10222
10221	10223
10221	10233
10222	10221
10222	10232
10222	10313
10222	11232
10222	11235
10223	10221
10223	10224
10223	10235
10232	10222
10232	10230
10232	37365
11235	10222
11235	10306
11235	11234
11235	37414
10313	10222
10313	10312
10313	10314
10313	37414
10224	10223
10224	10225
10224	10226
10235	10223
10235	10226
10235	10234
10225	10224
10229	10228
10229	10230
10229	10274
10260	10228
10260	10259
10230	10229
10230	10231
10230	10232
10274	10229
10274	10273
10274	10275
10231	10230
37365	10232
10234	10233
10234	10235
10236	10237
10236	10238
10236	10295
10237	10236
10237	10238
10237	10300
10238	10236
10238	10237
10238	10297
10295	10236
10295	10296
10295	10300
10297	10238
10297	10296
10297	10299
10239	10240
10239	10243
10240	10239
10240	10241
10240	10382
10243	10239
10243	10242
10243	10383
10241	10240
10241	10242
10241	10336
10241	10596
10242	10241
10242	10243
10242	10343
10336	10241
10336	10337
10336	10386
10596	10241
10596	10386
10596	10404
10596	10601
10596	10602
10343	10242
10343	10342
10244	10245
10244	10246
10244	10402
10245	10244
10245	10250
10245	10384
10245	10401
10246	10244
10246	10247
10246	10396
10246	10397
10402	10244
10402	10403
10402	10410
10250	10245
10250	10249
10250	10337
10384	10245
10384	10337
10384	10385
10401	10245
10401	10385
10401	10404
10247	10246
10247	10248
10247	10249
10247	10394
10397	10246
10397	10391
10397	10394
10397	10398
10396	10246
10396	10395
10396	10410
10248	10247
10249	10247
10249	10250
10249	10332
10249	10381
10394	10247
10394	10390
10394	10392
10394	10397
10381	10249
10381	10331
10381	10344
10381	10380
10332	10249
10332	10331
10332	10333
10332	10392
10337	10250
10337	10336
10337	10338
10337	10380
10337	10384
40074	10251
10262	10253
10262	10263
10262	10268
10261	10254
10255	10256
10255	10263
10255	10265
10256	10255
10256	10257
10256	10258
10263	10255
10263	10262
10263	10266
10263	10268
10265	10255
10265	10264
10265	10276
10257	10256
10258	10256
10258	10259
10258	10275
10259	10258
10259	10260
10275	10258
10275	10272
10275	10274
10268	10262
10268	10263
10268	10266
10266	10263
10266	10267
10266	10268
10276	10264
10276	10265
10276	10272
10267	10266
10271	10272
10271	10273
10271	10294
10272	10271
10272	10275
10272	10276
10273	10271
10273	10274
10273	10294
10294	10271
10294	10273
10294	11232
10277	10278
10277	10279
10277	11744
10278	10277
10278	10291
10278	11453
10278	11454
10278	11744
10278	11745
10279	10277
10279	10280
10279	11305
11744	10277
11744	10278
11744	11743
11744	11745
10291	10278
10291	10290
11453	10278
11453	11452
11453	11463
11454	10278
11454	11451
11454	37437
11745	10278
11745	11741
11745	11744
10280	10279
10280	10281
10280	11302
11305	10279
11305	11279
11305	11743
10281	10280
10281	10282
11302	10280
11302	11301
11302	11303
10282	10281
10282	10283
10282	11186
10283	10282
10283	10284
10283	11330
11186	10282
11186	11185
11186	11187
10284	10283
10284	10285
11330	10283
11330	11329
11330	37440
10285	10284
10285	10286
10286	10285
10286	10287
10286	37439
10287	10286
10287	10288
10287	11436
37439	10286
10288	10287
10288	10289
10288	11437
11436	10287
11436	11437
10289	10288
10289	10290
10289	11438
11437	10288
11437	11436
10290	10289
10290	10291
10290	11438
11438	10289
11438	10290
11438	37438
10299	10297
10299	10298
10299	37366
10319	10298
10319	10318
10319	10606
10319	10607
37366	10299
10301	10302
10301	10303
10301	11282
10302	10301
10302	10307
10302	11245
10302	11283
10303	10301
10303	10304
10303	10673
11282	10301
11282	10674
11282	11280
10307	10302
10307	10306
10307	11245
11283	10302
11283	11245
11283	11281
11245	10302
11245	10307
11245	11243
11245	11246
11245	11283
10304	10303
10304	10305
10673	10303
10673	10305
10673	10674
10305	10304
10305	10306
10305	10314
10305	10647
10305	10673
10305	37414
10306	10305
10306	10307
10306	11235
10306	11249
10647	10305
10647	10648
10647	10682
10314	10305
10314	10313
10314	10315
37414	10305
37414	10313
37414	11235
11249	10306
11249	11234
11249	11248
11249	11250
10308	10309
10308	10310
10308	10688
10308	10733
10309	10308
10309	10311
10309	10684
10309	10716
10310	10308
10310	10311
10310	10686
10310	10687
10688	10308
10688	10687
10688	10689
10688	10734
10733	10308
10733	10716
10733	10734
10733	10737
10311	10309
10311	10310
10311	10657
10311	10685
10684	10309
10684	10685
10684	10712
10716	10309
10716	10714
10716	10733
10686	10310
10686	10622
10686	10659
10686	10687
10687	10310
10687	10686
10687	10688
10687	10698
10685	10311
10685	10658
10685	10683
10685	10684
10657	10311
10657	10658
10657	10659
10315	10314
10315	10316
10315	10317
10316	10315
10607	10318
10607	10319
10607	10593
10607	10602
10607	10609
10610	10318
10610	10609
10610	10652
10606	10319
10606	10608
10606	37367
10346	10321
10346	10345
10346	10351
10351	10322
10351	10346
10351	10348
10351	10350
10327	10325
10327	10326
10327	10328
10327	10339
10327	10340
10327	10344
10334	10326
10334	10331
10334	10344
10339	10327
10339	10338
10339	10344
10339	10380
10340	10327
10340	10329
10340	10341
10344	10327
10344	10334
10344	10339
10344	10381
37369	10330
10331	10332
10331	10334
10331	10381
10392	10332
10392	10390
10392	10394
10388	10333
10388	10387
10388	10391
10388	10399
10345	10335
10345	10346
10345	10348
10345	10389
10389	10335
10389	10345
10389	10365
10389	10387
10386	10336
10386	10385
10386	10596
10338	10337
10338	10339
10338	10380
10380	10337
10380	10338
10380	10339
10380	10381
10342	10341
10342	10343
10348	10345
10348	10347
10348	10351
10348	10365
10347	10348
10347	10349
10347	10354
10347	10364
10349	10347
10349	10350
10349	10352
10354	10347
10354	10355
10354	10363
10364	10347
10364	10365
10364	10366
10364	10393
10365	10348
10365	10364
10365	10387
10365	10389
10355	10352
10355	10354
10355	10356
10357	10353
10357	10356
10357	10358
10363	10354
10363	10362
10363	10366
10356	10355
10356	10357
10356	10362
10362	10356
10362	10363
10362	10367
10358	10357
10358	10359
10358	10367
10359	10358
10359	10360
10359	10369
10367	10358
10367	10362
10367	10368
10367	10373
10360	10359
10360	10361
10360	10371
10369	10359
10369	10368
10369	10370
10371	10360
10371	10370
10371	10434
10434	10361
10434	10371
10434	10433
10366	10363
10366	10364
10366	10379
10393	10364
10393	10379
10393	10387
10393	10411
10387	10365
10387	10388
10387	10389
10387	10393
10387	10400
10379	10366
10379	10378
10379	10393
10379	10411
10379	10415
10368	10367
10368	10369
10368	10377
10373	10367
10373	10372
10373	10378
10377	10368
10377	10376
10377	10456
10370	10369
10370	10371
10370	10438
10438	10370
10438	10439
10438	10456
10372	10373
10372	10374
10372	10428
10374	10372
10374	10375
10374	10539
10428	10372
10428	10417
10428	10539
10428	10548
10378	10373
10378	10379
10378	10417
10375	10374
10375	10376
10375	10538
10539	10374
10539	10428
10539	10538
10539	10541
10376	10375
10376	10377
10376	10459
10538	10375
10538	10461
10538	10539
10538	10542
10538	10547
10459	10376
10459	10457
10459	10461
10456	10377
10456	10438
10456	10458
10417	10378
10417	10416
10417	10428
10411	10379
10411	10393
10411	10412
10411	10413
10415	10379
10415	10414
10415	10416
10415	10429
10385	10384
10385	10386
10385	10401
10400	10387
10400	10399
10400	10412
10391	10388
10391	10390
10391	10395
10391	10397
10391	10399
10399	10388
10399	10391
10399	10400
10399	10412
10399	10418
10399	10422
10390	10391
10390	10392
10390	10394
10395	10391
10395	10396
10395	10418
10418	10395
10418	10399
10418	10410
10418	10419
10410	10396
10410	10402
10410	10407
10410	10418
10398	10397
10412	10399
10412	10400
10412	10411
10412	10427
10422	10399
10422	10421
10422	10423
10404	10401
10404	10403
10404	10596
10403	10402
10403	10404
10403	10603
10603	10403
10603	10408
10603	10601
10405	10406
10405	10407
10405	10420
10405	10618
10406	10405
10406	10409
10406	10616
10407	10405
10407	10408
10407	10410
10407	10419
10618	10405
10618	10617
10618	10634
10618	10642
10420	10405
10420	10419
10420	10421
10420	10620
10409	10406
10409	10408
10409	10605
10616	10406
10616	10604
10616	10617
10408	10407
10408	10409
10408	10603
10419	10407
10419	10418
10419	10420
10419	10423
10605	10409
10605	10600
10605	10604
10413	10411
10413	10414
10413	10427
10427	10412
10427	10413
10427	10426
10414	10413
10414	10415
10414	10425
10414	37370
10425	10414
10425	10424
10425	10426
37370	10414
10416	10415
10416	10417
10416	10430
10416	10548
10429	10415
10429	10424
10429	10430
10430	10416
10430	10429
10430	10550
10430	33343
10548	10416
10548	10428
10548	10541
10548	10550
10423	10419
10423	10422
10421	10420
10421	10422
10421	10424
10421	10623
10620	10420
10620	10621
10620	10624
10620	10634
10424	10421
10424	10425
10424	10429
10623	10421
10623	10622
10623	10624
10426	10425
10426	10427
10550	10430
10550	10548
10550	10549
10550	33347
33343	10430
33343	10750
10437	10431
10437	10436
10437	10441
10437	10450
10435	10432
10435	10433
10435	10436
10433	10434
10433	10435
10433	10439
10439	10433
10439	10438
10439	10453
10436	10435
10436	10437
10436	10453
10453	10436
10453	10439
10453	10452
10441	10437
10441	10440
10441	10443
10441	10449
10450	10437
10450	10449
10450	10452
10450	10463
10448	10440
10448	10447
10448	10451
10443	10441
10443	10442
10449	10441
10449	10450
10449	10451
10449	10464
10447	10444
10447	10446
10447	10448
10447	10454
10475	10445
10475	10455
10475	10477
10475	10483
10455	10446
10455	10454
10455	10475
10455	10484
10454	10447
10454	10451
10454	10455
10454	10467
10451	10448
10451	10449
10451	10454
10451	10466
10464	10449
10464	10463
10464	10465
10464	10468
10452	10450
10452	10453
10452	10457
10452	10462
10463	10450
10463	10462
10463	10464
10463	10469
10466	10451
10466	10465
10466	10467
10457	10452
10457	10458
10457	10459
10457	10460
10462	10452
10462	10460
10462	10463
10462	10474
10467	10454
10467	10466
10467	10484
10467	10514
10484	10455
10484	10467
10484	10483
10484	10513
10458	10456
10458	10457
10460	10457
10460	10461
10460	10462
10460	10546
10461	10459
10461	10460
10461	10538
10461	10547
10546	10460
10546	10545
10546	10547
10547	10461
10547	10538
10547	10546
10474	10462
10474	10473
10474	10545
10469	10463
10469	10468
10469	10473
10469	10556
10465	10464
10465	10466
10465	10472
10465	10514
10468	10464
10468	10469
10468	10471
10472	10465
10472	10470
10472	10520
10514	10465
10514	10467
10514	10513
10514	10520
10471	10468
10471	10470
10471	10557
10473	10469
10473	10474
10473	10544
10473	10554
10556	10469
10556	10555
10556	10558
10556	10566
10470	10471
10470	10472
10470	10522
10470	10560
10522	10470
10522	10517
10522	10521
10522	10525
10560	10470
10560	10525
10560	10559
10560	10563
10557	10471
10557	10555
10557	10559
10520	10472
10520	10514
10520	10517
10520	10526
10544	10473
10544	10543
10544	10545
10554	10473
10554	10553
10554	10558
10545	10474
10545	10544
10545	10546
10483	10475
10483	10484
10483	10485
10483	10515
10482	10476
10482	10480
10482	10485
10482	10487
10485	10477
10485	10482
10485	10483
10485	10489
10480	10478
10480	10479
10480	10482
10480	10486
10488	10479
10488	10486
10488	10493
10488	10498
10486	10480
10486	10487
10486	10488
10486	10500
10493	10481
10493	10488
10493	10491
10493	10497
10487	10482
10487	10486
10487	10489
10487	10519
10515	10483
10515	10489
10515	10513
10515	10516
10513	10484
10513	10514
10513	10515
10513	10517
10489	10485
10489	10487
10489	10515
10489	10518
10500	10486
10500	10498
10500	10519
10500	10528
10519	10487
10519	10500
10519	10518
10519	10529
10498	10488
10498	10497
10498	10500
10518	10489
10518	10516
10518	10519
10518	10521
10501	10490
10501	10495
10501	10499
10501	10503
10499	10491
10499	10497
10499	10501
10499	10512
10495	10492
10495	10494
10495	10501
10495	10504
10497	10493
10497	10498
10497	10499
10497	10511
10535	10494
10535	10502
10535	10534
10504	10495
10504	10502
12935	10496
10511	10497
10511	10510
10511	10527
10512	10499
10512	10510
10528	10500
10528	10521
10528	10527
10528	10531
10503	10501
10503	10502
10503	10510
10503	10530
10502	10503
10502	10504
10502	10535
10530	10503
10530	10527
10530	10534
10530	10537
10510	10503
10510	10511
10510	10512
10505	10506
10505	10507
10505	12471
10505	12953
10506	10505
10506	10509
10506	12959
10506	12990
12471	10505
12471	12467
12953	10505
12953	12952
12953	12990
12953	12998
12953	13084
12953	13087
10509	10506
10509	10508
10509	12936
12959	10506
12959	12960
12959	12962
12959	12991
12990	10506
12990	12953
12990	12991
10534	10508
10534	10530
10534	10535
10534	12936
12936	10509
12936	10534
12936	10537
12936	12960
10527	10511
10527	10528
10527	10530
10527	10533
10527	10536
10517	10513
10517	10516
10517	10520
10517	10522
10516	10515
10516	10517
10516	10518
10516	10523
10523	10516
10521	10518
10521	10522
10521	10524
10521	10528
10529	10519
10526	10520
10524	10521
10524	10525
10524	10531
10525	10522
10525	10524
10525	10560
10525	10562
10531	10524
10531	10528
10531	10532
10562	10525
10562	10561
10562	10565
10533	10527
10533	10532
10533	10536
10536	10527
10536	10533
10536	10537
10536	10585
10537	10530
10537	10536
10537	12936
10537	12961
10532	10531
10532	10533
10532	10561
10532	10585
10561	10532
10561	10562
10561	10575
10585	10532
10585	10536
10585	10584
10585	12961
12961	10537
12961	10585
12961	12960
12961	12962
10542	10538
10542	10540
10542	10543
10541	10539
10541	10540
10541	10548
10541	10549
10540	10541
10540	10542
10540	10551
10540	10552
10551	10540
10551	10549
10551	10552
10551	10741
10552	10540
10552	10543
10552	10551
10552	10553
10549	10541
10549	10550
10549	10551
10543	10542
10543	10544
10543	10552
33347	10550
33347	33346
33347	33348
10741	10551
10741	10553
10741	10742
10741	37374
10553	10552
10553	10554
10553	10569
10553	10741
10569	10553
10569	10567
10569	10573
10569	10742
10558	10554
10558	10556
10558	10567
10555	10556
10555	10557
10566	10556
10566	10559
10566	10568
10566	10570
10559	10557
10559	10560
10559	10564
10559	10566
10567	10558
10567	10568
10567	10569
10564	10559
10564	10563
10564	10570
10564	10577
10563	10560
10563	10564
10563	10565
10563	10576
10575	10561
10575	10574
10575	10583
10565	10562
10565	10563
10565	10574
10565	10578
10576	10563
10576	10577
10576	10578
10576	10592
10570	10564
10570	10566
10570	10571
10570	10581
10577	10564
10577	10576
10577	10579
10574	10565
10574	10575
10574	10582
10578	10565
10578	10576
10578	10582
10578	10591
10568	10566
10568	10567
10568	10572
10572	10568
10572	10571
10572	10573
10573	10569
10573	10572
10573	10743
10742	10569
10742	10741
10742	10745
10742	37373
10571	10570
10571	10572
10571	10743
10571	10761
10581	10570
10581	10580
10581	10761
10743	10571
10743	10573
10743	10744
10761	10571
10761	10581
10761	10760
10582	10574
10582	10578
10582	10587
10582	10590
10583	10575
10583	10584
10583	10589
10592	10576
10592	10579
10592	10591
10592	10768
10579	10577
10579	10580
10579	10592
10579	10766
10591	10578
10591	10587
10591	10592
10591	10769
10580	10579
10580	10581
10580	10765
10580	10767
10766	10579
10766	10767
10766	10768
10766	10770
10765	10580
10765	10760
10765	10780
10767	10580
10767	10766
10767	10783
10767	10784
10590	10582
10587	10582
10587	10586
10587	10591
10587	10769
10584	10583
10584	10585
10584	12962
10589	10583
10589	10588
10589	13082
12962	10584
12962	12959
12962	12961
12962	13082
10586	10587
10586	10588
10586	13079
10588	10586
10588	10589
10588	13080
10588	13090
13079	10586
13079	10823
10769	10587
10769	10591
10769	10768
10769	10818
13080	10588
13080	13081
13080	13085
13090	10588
13090	13086
13090	13091
13082	10589
13082	12962
13082	13081
10768	10592
10768	10766
10768	10769
10768	10772
10593	10594
10593	10595
10593	10607
10594	10593
10594	10595
10594	10608
10595	10593
10595	10594
10608	10594
10608	10606
10608	37368
10601	10596
10601	10600
10601	10603
10602	10596
10602	10598
10602	10607
10597	10598
10597	10599
10597	10604
10598	10597
10598	10602
10599	10597
10599	10600
10604	10597
10604	10605
10604	10614
10604	10616
10600	10599
10600	10601
10600	10605
10614	10604
10614	10613
10614	10619
37367	10606
10609	10607
10609	10610
10609	10615
37368	10608
10615	10609
10615	10612
10615	10652
10652	10610
10652	10615
10652	10651
10611	10612
10611	10613
10611	10664
10611	10669
10612	10611
10612	10615
10612	10651
10612	10665
10613	10611
10613	10614
10613	10632
10664	10611
10664	10645
10664	10668
10669	10611
10669	10668
10651	10612
10651	10650
10651	10652
10665	10612
10665	10649
10665	10650
10632	10613
10632	10633
10632	10645
10619	10614
10619	10617
10619	10633
10617	10616
10617	10618
10617	10619
10634	10618
10634	10620
10634	10641
10642	10618
10642	10643
10642	10646
10633	10619
10633	10632
10633	10646
10621	10620
10621	10622
10621	10639
10624	10620
10624	10623
10622	10621
10622	10623
10622	10686
10622	37376
10639	10621
10639	10640
10639	10660
10639	10661
37376	10622
37376	10631
37376	37377
10625	10626
10625	10627
10625	10764
10626	10625
10626	10631
10626	10762
10626	37378
10627	10625
10627	10628
10627	37375
10764	10625
10764	10763
10631	10626
10631	10630
10631	37376
10762	10626
10762	10698
10762	10763
37378	10626
10628	10627
10628	10629
10628	33344
37375	10627
37375	10747
10629	10628
10629	10630
10629	10750
33344	10628
33344	10749
33344	33345
10630	10629
10630	10631
10630	10750
10750	10629
10750	10630
10750	33343
10645	10632
10645	10644
10645	10664
10646	10633
10646	10642
10646	37371
10641	10634
10635	10636
10635	10637
10635	35909
10636	10635
10636	10638
10636	35910
10637	10635
10637	10638
35909	10635
35909	35910
10638	10636
10638	10637
35910	10636
35910	35909
10640	10639
10640	10643
10640	10663
10640	10667
10640	10668
10660	10639
10660	10659
10661	10639
10661	10662
10661	10663
10643	10640
10643	10642
10643	10644
10667	10640
10667	10666
10667	10672
10668	10640
10668	10644
10668	10664
10668	10669
10663	10640
10663	10658
10663	10661
10644	10643
10644	10645
10644	10668
37371	10646
10648	10647
10648	10649
10648	10666
10682	10647
10682	10671
10682	10681
10649	10648
10649	10650
10649	10665
10666	10648
10666	10667
10666	10670
10650	10649
10650	10651
10650	10665
10653	10654
10653	10655
10653	16714
10653	16723
10654	10653
10654	10656
10654	16841
10655	10653
10655	10656
10655	16865
16714	10653
16714	16715
16714	16841
16714	16846
16723	10653
16723	16722
16723	16860
10656	10654
10656	10655
10656	16842
16841	10654
16841	16714
16841	16840
16865	10655
16865	16859
16865	16860
16865	16866
16842	10656
16842	16843
16842	16866
10658	10657
10658	10663
10658	10683
10658	10685
10659	10657
10659	10660
10659	10686
10683	10658
10683	10672
10683	10685
10683	10713
10662	10661
10670	10666
10670	10671
10672	10667
10672	10671
10672	10680
10672	10683
10671	10670
10671	10672
10671	10682
10680	10672
10680	10679
10680	10681
10680	10713
10674	10673
10674	10675
10674	11282
10675	10674
10675	10676
10675	10702
10676	10675
10676	10677
10676	10701
10702	10675
10702	10703
10702	11280
10677	10676
10677	10678
10677	10707
10701	10676
10701	10699
10701	10708
10678	10677
10678	10679
10678	10719
10707	10677
10707	10706
10707	10722
10679	10678
10679	10680
10679	10712
10679	10717
10719	10678
10719	10718
10719	10722
10712	10679
10712	10684
10712	10713
10717	10679
10717	10715
10717	10720
10681	10680
10681	10682
10713	10680
10713	10683
10713	10712
10698	10687
10698	10697
10698	10762
10698	36308
10689	10688
10689	10690
10689	10691
10734	10688
10734	10733
10734	10738
10690	10689
10690	10691
10691	10689
10691	10690
10691	10692
10691	10850
10692	10691
10692	10693
10692	10694
10850	10691
10850	10738
10850	10851
10850	10853
10693	10692
10693	10694
10694	10692
10694	10693
10694	10695
10695	10694
10695	10696
10695	10853
10696	10695
10696	10697
10696	10757
10853	10695
10853	10751
10853	10850
10853	10868
10697	10696
10697	10698
10697	36308
10757	10696
10757	10751
10757	10755
10757	36306
36308	10697
36308	10698
36308	10763
36308	36307
10699	10700
10699	10701
10699	11467
10700	10699
10700	10703
10700	11467
11467	10699
11467	10700
11467	11284
11467	11468
10703	10700
10703	10702
10703	11285
10708	10701
10708	10709
10708	11468
11280	10702
11280	11281
11280	11282
11285	10703
11285	11281
11285	11284
10704	10705
10704	10706
10704	11485
10705	10704
10705	10711
10705	11481
10705	11483
10706	10704
10706	10707
10706	11469
11485	10704
11485	11469
11485	11484
10711	10705
10711	10709
10711	11263
11481	10705
11481	11480
11481	11482
11483	10705
11483	11482
11483	11484
11469	10706
11469	11470
11469	11485
10722	10707
10722	10719
10722	11470
10709	10708
10709	10710
10709	10711
11468	10708
11468	11264
11468	11467
10710	10709
11263	10711
11263	11262
11263	11264
10714	10715
10714	10716
10714	10737
10714	10739
10715	10714
10715	10717
10715	10718
10715	10735
10737	10714
10737	10733
10737	10738
10737	10740
10739	10714
10739	10735
10739	10740
10739	10870
10718	10715
10718	10719
10718	10720
10718	10736
10735	10715
10735	10736
10735	10739
10720	10717
10720	10718
10720	10721
10736	10718
10736	10735
10736	10871
10736	37462
10721	10720
11470	10722
11470	11469
11470	11479
10723	10724
10723	10725
10723	34356
10724	10723
10724	10732
10724	34358
10725	10723
10725	10726
10725	34584
34356	10723
34356	34354
34356	34357
10732	10724
10732	10731
34358	10724
34358	34355
34358	34357
10726	10725
10726	10727
10726	34588
34584	10725
34584	34047
34584	34585
34584	34598
10727	10726
10727	10728
10727	11007
34588	10726
34588	11008
34588	34634
10728	10727
10728	10729
10728	11005
10728	11006
11007	10727
11007	11008
11007	34634
10729	10728
10729	10730
11005	10728
11005	11010
11005	34570
11006	10728
10730	10729
10730	10731
10730	34617
10731	10730
10731	10732
10731	34355
34617	10730
34617	34570
34617	34612
34617	34616
34355	10731
34355	34354
34355	34358
10738	10734
10738	10737
10738	10850
10738	10852
10871	10736
10871	10870
10871	11479
10871	37461
37462	10736
10740	10737
10740	10739
10740	10852
10740	10872
10852	10738
10852	10740
10852	10851
10852	10877
10870	10739
10870	10871
10870	10874
10872	10740
10872	10873
10872	10875
10872	11500
37374	10741
10745	10742
10745	10744
10745	10748
37373	10742
37373	33346
37373	37372
10744	10743
10744	10745
10744	10746
10746	10744
10746	10747
10746	10759
10748	10745
10748	10749
10748	37372
10747	10746
10747	10749
10747	37375
10759	10746
10759	10758
10759	10796
10749	10747
10749	10748
10749	33344
37372	10748
37372	37373
10751	10752
10751	10757
10751	10853
10752	10751
10752	10753
10752	10810
10752	10869
10753	10752
10753	10754
10753	10809
10810	10752
10810	10808
10810	10882
10869	10752
10869	10868
10869	10882
10754	10753
10754	10755
10754	10802
10809	10753
10809	10807
10809	10854
10809	10885
10755	10754
10755	10756
10755	10757
10755	10806
10802	10754
10802	10803
10802	10858
10756	10755
10806	10755
10806	10805
10806	36307
36306	10757
36306	36307
10758	10759
10758	10760
10758	10795
10760	10758
10760	10761
10760	10765
10795	10758
10795	10794
10795	10798
10796	10759
10796	10797
10796	42379
10763	10762
10763	10764
10763	36308
10780	10765
10780	10781
10780	10798
10780	10813
10770	10766
10770	10771
10770	10784
10770	10789
10783	10767
10783	10782
10784	10767
10784	10770
10784	10782
10784	10788
10772	10768
10772	10771
10818	10769
10818	10777
10818	10823
10771	10770
10771	10772
10771	10777
10789	10770
10789	10778
10789	10786
10777	10771
10777	10776
10777	10778
10777	10818
10773	10774
10773	10775
10773	13299
10774	10773
10774	10779
10774	10785
10774	10849
10775	10773
10775	10776
13299	10773
13299	13295
13299	36358
10779	10774
10779	10778
10779	10786
10785	10774
10785	10786
10785	10787
10849	10774
10849	10846
10849	13292
10776	10775
10776	10777
10776	10819
10819	10776
10819	10820
10819	36358
10778	10777
10778	10779
10778	10789
10786	10779
10786	10785
10786	10789
10781	10780
10781	10782
10781	10817
10798	10780
10798	10793
10798	10795
10798	10814
10813	10780
10813	10811
10813	10815
10782	10781
10782	10783
10782	10784
10817	10781
10817	10816
10788	10784
10788	10787
10788	36304
10787	10785
10787	10788
10787	10834
10834	10787
10834	10833
10834	10835
36304	10788
36304	10838
36304	36305
10790	10791
10790	10797
10790	10800
10790	36309
10791	10790
10791	10792
10791	10801
10797	10790
10797	10796
10797	37379
10800	10790
10800	10799
10800	10861
10800	10890
36309	10790
36309	36310
36309	37379
10792	10791
10792	10793
10792	36303
10801	10791
10801	10799
10793	10792
10793	10794
10793	10798
36303	10792
36303	10827
10794	10793
10794	10795
42379	10796
37379	10797
37379	36309
10814	10798
10814	10812
10799	10800
10799	10801
10799	10827
10799	10828
10827	10799
10827	10812
10827	36303
10828	10799
10828	10829
10828	10895
10890	10800
10890	10865
10890	10896
10861	10800
10861	10860
10861	10862
10861	10865
10803	10802
10803	10804
10803	36313
10858	10802
10858	10857
10858	10860
10858	10863
10804	10803
10804	10805
36313	10803
36313	10863
10805	10804
10805	10806
10805	36310
36310	10805
36310	36309
36310	36311
36307	10806
36307	36306
36307	36308
10807	10808
10807	10809
10807	10886
10808	10807
10808	10810
10808	10878
10886	10807
10886	10887
10886	11558
10878	10808
10878	10879
10878	10880
10878	11559
10854	10809
10854	10855
10854	10889
10885	10809
10885	10884
10885	10888
10885	10913
10882	10810
10882	10869
10882	10880
10811	10812
10811	10813
10811	10826
10812	10811
10812	10814
10812	10827
10826	10811
10826	10824
10826	10831
10815	10813
10815	10816
10815	10831
10816	10815
10816	10817
10816	10838
10831	10815
10831	10826
10831	10830
10838	10816
10838	10836
10838	36304
10823	10818
10823	10822
10823	13079
10823	13091
10820	10819
10820	10821
10820	36357
36358	10819
36358	13299
10821	10820
10821	10822
10821	13093
36357	10820
36357	13294
10822	10821
10822	10823
10822	13092
13093	10821
13093	13092
13093	13094
13093	13285
13092	10822
13092	13084
13092	13091
13092	13093
13091	10823
13091	13083
13091	13090
13091	13092
10824	10825
10824	10826
10824	10840
10825	10824
10825	10829
10825	10894
10840	10824
10840	10839
10840	10901
10829	10825
10829	10828
10894	10825
10894	10891
10894	10895
10894	10901
10895	10828
10895	10894
10895	10896
10830	10831
10830	10832
10830	10842
10832	10830
10832	10833
10832	10844
10842	10830
10842	10841
10833	10832
10833	10834
10833	10847
10844	10832
10844	10843
10844	10897
10844	10907
10847	10833
10847	10846
10847	10848
10835	10834
10835	10836
10836	10835
10836	10837
10836	10838
10837	10836
10839	10840
10839	10841
10839	10918
10841	10839
10841	10842
10841	10897
10918	10839
10918	10897
10918	10917
10901	10840
10901	10894
10901	10900
10901	10916
10897	10841
10897	10844
10897	10904
10897	10918
10843	10844
10843	10845
10843	10910
10845	10843
10845	10846
10845	13298
10910	10843
10910	10909
10910	13359
10910	13360
10907	10844
10907	10906
10907	10908
10846	10845
10846	10847
10846	10849
13298	10845
13298	13289
13298	13307
10848	10847
13292	10849
13292	13289
13292	13291
13292	13295
10851	10850
10851	10852
10851	10867
10867	10851
10867	10868
10867	10880
10877	10852
10877	10876
10877	10881
10868	10853
10868	10867
10868	10869
10855	10854
10855	10856
10855	10911
10889	10854
10889	10888
10889	10911
10856	10855
10856	10857
10856	10866
10911	10855
10911	10889
10911	10902
10857	10856
10857	10858
10857	10859
10866	10856
10866	10864
10866	10892
10859	10857
10859	10860
10859	10864
10860	10858
10860	10859
10860	10861
10863	10858
10863	10862
10863	36311
10863	36313
10864	10859
10864	10865
10864	10866
10862	10861
10862	10863
10862	36312
10865	10861
10865	10864
10865	10890
36312	10862
36311	10863
36311	36310
10892	10866
10892	10891
10892	10902
10880	10867
10880	10878
10880	10882
10874	10870
10874	10873
10874	11479
11479	10871
11479	10874
11479	11470
11479	11487
37461	10871
10873	10872
10873	10874
10873	11487
10873	11496
10873	11499
10875	10872
10875	10876
10875	11556
10875	11557
11500	10872
11500	11499
11500	11556
11487	10873
11487	11479
11487	11486
11487	11494
11496	10873
11496	11495
11496	11498
11499	10873
11499	11497
11499	11500
10876	10875
10876	10877
10876	10879
11556	10875
11556	11500
11556	11572
11557	10875
11557	10879
11557	11566
10879	10876
10879	10878
10879	11557
10879	11564
10881	10877
11559	10878
11559	11558
11559	11563
11559	11564
11564	10879
11564	11559
11564	11565
11564	11566
10883	10884
10883	10887
10884	10883
10884	10885
10884	11586
10887	10883
10887	10886
10887	11560
11586	10884
11586	11584
11586	11588
11586	11663
10888	10885
10888	10889
10888	10898
10913	10885
10913	10912
10913	11587
10913	11594
11558	10886
11558	11559
11558	11562
11560	10887
11560	11561
11560	11585
10898	10888
10898	10899
10898	10902
10896	10890
10896	10895
10891	10892
10891	10893
10891	10894
10893	10891
10902	10892
10902	10898
10902	10911
10904	10897
10904	10903
10904	10921
10899	10898
10899	10900
10899	10915
10899	10916
10900	10899
10900	10901
10915	10899
10915	10914
10915	10919
10916	10899
10916	10901
10916	10917
10916	10920
10903	10904
10903	10905
10903	10926
10905	10903
10905	10906
10905	13361
10905	13364
10926	10903
10926	10925
10926	10927
10921	10904
10921	10922
10921	10928
10906	10905
10906	10907
13361	10905
13361	13362
13361	13366
13364	10905
13364	13363
13364	36359
10908	10907
10908	10909
10908	36359
10909	10908
10909	10910
10909	36360
36359	10908
36359	13364
36360	10909
36360	13363
13359	10910
13359	13307
13359	13309
13359	13360
13360	10910
13360	13359
13360	13362
13360	13363
10912	10913
10912	10914
10912	11589
10914	10912
10914	10915
10914	10932
11589	10912
11589	10932
11589	11594
11589	11597
11587	10913
11587	11588
11587	11600
11594	10913
11594	11589
11594	11596
11594	11600
10932	10914
10932	10931
10932	10934
10932	11589
10919	10915
10919	10920
10919	10931
10917	10916
10917	10918
10917	10920
10917	10922
10920	10916
10920	10917
10920	10919
10922	10917
10922	10921
10922	10929
10931	10919
10931	10930
10931	10932
10928	10921
10928	10924
10928	10927
10929	10922
10929	10930
10929	10936
10923	10924
10923	10925
10923	11598
10924	10923
10924	10928
10924	10936
10925	10923
10925	10926
10925	13369
10925	13381
11598	10923
11598	11599
11598	11617
11598	13381
10936	10924
10936	10929
10936	11590
13369	10925
13369	13370
13369	13383
13381	10925
13381	11598
13381	13380
10927	10926
10927	10928
10930	10929
10930	10931
10930	10935
10935	10930
10935	10933
10935	11590
10934	10932
10934	10933
10934	11591
10933	10934
10933	10935
10933	11593
11593	10933
11593	11590
11593	11592
11591	10934
11591	11592
11591	11597
11590	10935
11590	10936
11590	11593
10941	10937
10941	10942
10941	10945
10941	123027
123027	10937
123027	10941
123027	123026
123027	123029
10938	10939
10938	10940
10938	10945
10939	10938
10939	10940
10939	10943
10940	10938
10940	10939
10940	10943
10945	10938
10945	10941
10945	118825
10943	10939
10943	10940
10943	10944
10943	10969
10969	10943
10969	10968
10969	10970
10961	10944
10961	10962
10961	10967
118825	10945
118825	122961
10946	10947
10946	10965
10946	10987
10947	10946
10947	10948
10947	10986
10965	10946
10965	10964
10965	10988
10987	10946
10948	10947
10948	10949
10948	10950
10986	10947
10986	10985
10986	10999
10949	10948
10950	10948
10950	10951
10950	10998
10951	10950
10951	10952
10951	11003
10998	10950
10998	10997
10998	11012
10952	10951
10952	10953
10952	11001
11003	10951
11003	11001
11003	11004
11003	11012
10953	10952
10953	10954
10953	10955
11001	10952
11001	11002
11001	11003
10954	10953
10955	10953
10955	10956
10956	10955
10956	10957
10958	10957
10958	10959
10962	10961
10962	10963
10962	10981
10967	10961
10967	10968
10967	10982
10963	10962
10963	10964
10963	10990
10981	10962
10981	10980
10981	10982
10964	10963
10964	10965
10964	10989
10990	10963
10989	10964
10988	10965
10968	10967
10968	10969
10968	10970
10968	10977
10968	123033
10982	10967
10982	10981
10970	10968
10970	10969
10977	10968
10977	10978
10977	123034
123033	10968
123033	11095
123033	123035
10971	10972
10971	10976
10971	30020
10971	30037
10972	10971
10972	10973
10976	10971
10976	10975
10976	27344
10976	29871
30020	10971
30020	30019
30020	39186
30037	10971
30037	27339
30037	30039
30037	30784
10973	10972
10973	10974
10974	10973
10974	10975
10974	27339
10975	10974
10975	10976
10975	27294
27339	10974
27339	27333
27339	30037
27294	10975
27294	27293
27294	27295
27344	10976
27344	27292
27344	27345
27344	29901
29871	10976
29871	29870
29871	29872
29871	29894
10978	10977
10978	10979
10978	123034
123034	10977
123034	10978
123034	123035
10979	10978
10979	10980
10979	10983
10979	11095
10980	10979
10980	10981
10980	10991
10983	10979
10983	10984
10983	11095
11095	10979
11095	10983
11095	10984
11095	123033
10991	10980
10985	10984
10985	10986
10985	10992
11096	10984
11096	11097
11096	11108
11096	11118
123037	10984
10992	10985
10992	10993
10992	11087
10999	10986
10993	10992
10993	10994
10993	10995
11087	10992
11087	10995
11087	11086
10994	10993
10995	10993
10995	10996
10995	11087
10996	10995
10996	10997
10996	11044
10997	10996
10997	10998
10997	37397
11044	10996
11044	11021
11044	11042
37397	10997
11012	10998
11012	11003
11012	11011
11004	11002
11004	11003
11004	11019
11019	11004
11019	11017
11019	37393
11010	11005
11010	11009
11010	34572
34570	11005
34570	34571
34570	34617
11008	11007
11008	11009
11008	34588
34634	11007
34634	34588
11009	11008
11009	11010
11009	34554
34554	11009
34554	34555
34554	34558
34572	11010
11011	11012
11011	11013
11011	11014
11013	11011
11014	11011
11014	11015
11014	37398
11015	11014
11015	11016
11015	11042
37398	11014
11042	11015
11042	11043
11042	11044
11040	11016
11040	11037
11040	11041
11018	11017
37393	11019
11020	11021
11020	11022
11021	11020
11021	11044
11021	11088
11022	11020
11022	11023
11088	11021
11088	11086
11088	11090
11023	11022
11023	11024
11023	11089
11024	11023
11024	11025
11024	11114
11024	11161
11089	11023
11089	11086
11089	11098
11025	11024
11025	11026
11025	11028
11114	11024
11114	11113
11114	11203
11161	11024
11161	11162
11161	37409
11026	11025
11026	11027
11028	11025
11028	11027
11028	11029
11027	11026
11027	11028
11027	42144
42144	11027
11029	11028
11029	11030
11029	11031
11030	11029
11031	11029
11031	11032
11031	11162
11162	11031
11162	11161
11162	11169
11168	11032
11168	11166
11168	37413
11035	11034
11035	11036
37395	11034
11036	11035
11036	11037
11037	11036
11037	11038
11037	11040
11038	11037
11038	11039
11039	11038
11041	11040
11043	11042
11045	11046
11045	11047
11045	34487
11046	11045
11046	11048
11046	34022
11047	11045
11047	11048
11047	34477
34487	11045
34487	34484
34487	34500
11048	11046
11048	11047
11048	34023
34022	11046
34022	34021
34022	34500
34477	11047
34477	34476
34477	34478
34023	11048
34023	34024
34023	34055
11049	11050
11049	11079
11049	31849
11049	34262
11050	11049
11050	11051
11050	11052
11050	34262
11079	11049
11079	11078
11079	31840
31849	11049
31849	31848
31849	34258
31849	34260
34262	11049
34262	11050
34262	34257
34262	34263
11051	11050
11052	11050
11052	11053
11052	34263
11052	34303
11053	11052
11053	11054
11053	34304
34263	11052
34263	34256
34263	34262
34263	34278
34303	11052
34303	34278
34303	34301
34303	34305
11054	11053
11054	11055
11054	34304
34304	11053
34304	11054
34304	34305
11055	11054
11055	11056
11055	34172
11056	11055
11056	11057
11056	34172
34172	11055
34172	11056
34172	34173
34172	34299
11057	11056
11057	11058
11057	34173
11057	34174
11057	34306
11058	11057
11058	11059
11058	34170
34173	11057
34173	34172
34173	34306
34173	34307
34174	11057
34174	34175
34174	34306
34174	34359
34306	11057
34306	34173
34306	34174
34306	34308
11059	11058
11059	11060
11059	34171
34170	11058
34170	34108
34170	34187
11060	11059
11060	11061
11060	11066
34171	11059
34171	34115
11061	11060
11061	11062
11061	11063
11066	11060
11066	11067
11066	34114
11062	11061
11063	11061
11063	11064
11063	11065
11064	11063
11065	11063
11067	11066
11067	11068
11067	11072
34114	11066
34114	34112
34114	34115
11068	11067
11068	11069
11068	11070
11068	11071
11072	11067
11072	11073
11072	11074
11069	11068
11070	11068
11071	11068
11073	11072
11074	11072
11074	11075
11074	11076
11075	11074
11076	11074
11076	11077
11076	34116
11077	11076
11077	11078
11077	34116
11077	34117
34116	11076
34116	11077
34116	34117
34116	34128
34116	34129
11078	11077
11078	11079
11078	39776
34117	11077
34117	34116
34117	37351
39776	11078
39776	39777
31840	11079
31840	31841
11080	11081
11080	11085
11080	32543
11081	11080
11081	11082
11081	32487
11085	11080
11085	11084
11085	32529
11085	32548
32543	11080
32543	32487
32543	32544
11082	11081
11082	11083
11082	32486
32487	11081
32487	32488
32487	32543
11083	11082
11083	11084
11083	32517
11083	32528
32486	11082
32486	32496
32486	32517
11084	11083
11084	11085
32517	11083
32517	32486
32517	32528
32528	11083
32528	32502
32528	32517
32529	11085
32529	32530
32529	32568
32529	32575
32548	11085
32548	32547
32548	32550
11086	11087
11086	11088
11086	11089
11090	11088
11098	11089
11098	11097
11098	11109
11091	11092
11091	11093
11091	11111
11092	11091
11092	11094
11092	11140
11093	11091
11093	11094
11093	11110
11093	11115
11111	11091
11111	11112
11111	11152
11111	11218
11094	11092
11094	11093
11094	11116
11140	11092
11140	11128
11140	11139
11110	11093
11110	11109
11110	11115
11115	11093
11115	11110
11115	11116
11116	11094
11116	11115
11116	11128
11097	11096
11097	11098
11097	11127
11108	11096
11108	11107
11108	11119
11118	11096
11118	11117
11118	11131
11127	11097
11127	11128
11127	11134
11109	11098
11109	11110
11109	11129
11099	11100
11099	11101
11099	11102
11100	11099
11100	11105
11100	11148
11101	11099
11102	11099
11102	11103
11102	37423
11105	11100
11105	11104
11105	11142
11148	11100
11148	11147
11148	11212
11103	11102
11103	11104
37423	11102
37423	11151
37423	37426
11104	11103
11104	11105
11104	11156
11156	11104
11156	11150
11156	37426
11142	11105
11142	11133
11142	11141
11107	11106
11107	11108
11107	11120
11119	11108
11129	11109
11129	11128
11112	11111
11112	11113
11112	11216
11152	11111
11152	11151
11152	11214
11218	11111
11218	11217
11218	11219
11113	11112
11113	11114
11113	11213
11113	11216
11216	11112
11216	11113
11216	11217
11213	11113
11213	11203
11213	11214
11203	11114
11203	11202
11203	11204
11203	11213
11128	11116
11128	11127
11128	11129
11128	11140
11117	11118
11117	11126
11117	11163
11126	11117
11126	11125
11126	123269
11163	11117
11163	11131
11163	123269
11131	11118
11131	11130
11131	11163
11131	11387
11131	11391
11122	11121
11122	11123
11122	11124
11124	11121
11124	11122
11124	11125
11123	11122
11125	11124
11125	11126
11125	144753
144753	11125
144753	142866
144753	145606
123269	11126
123269	11163
123269	123270
11134	11127
11134	11133
11134	11135
11130	11131
11130	11132
11130	11144
11132	11130
11132	11133
11132	11149
11144	11130
11144	11145
11144	11393
11391	11131
11391	11343
11391	11390
11387	11131
11387	11386
11387	11979
11133	11132
11133	11134
11133	11142
11149	11132
11135	11134
11135	11136
11135	11143
11136	11135
11136	11137
11143	11135
11143	11139
11143	11141
11137	11136
11137	11138
11137	11139
11138	11137
11139	11137
11139	11140
11139	11143
11141	11142
11141	11143
11141	11150
11150	11141
11150	11151
11150	11156
11145	11144
11145	11146
11145	11366
11393	11144
11146	11145
11146	11147
11146	11153
11366	11145
11366	11346
11366	11392
11147	11146
11147	11148
11147	11155
11153	11146
11153	11154
11153	11346
11155	11147
11155	11154
11155	11196
11212	11148
11212	11196
11212	11211
11151	11150
11151	11152
11151	37423
11214	11152
11214	11213
11214	11215
11154	11153
11154	11155
11154	11295
11154	11346
11346	11153
11346	11154
11346	11339
11346	11343
11346	11366
11295	11154
11295	11296
11295	11339
11196	11155
11196	11195
11196	11212
37426	11156
37426	37423
11157	11158
11157	11159
11157	11251
11157	32497
11158	11157
11158	11160
11158	11164
11159	11157
11159	11160
11159	32141
11159	32152
11251	11157
11251	11229
11251	11252
11251	32153
32497	11157
32497	32452
32497	32453
11160	11158
11160	11159
11160	11165
11160	32079
11164	11158
11164	11165
11164	11252
11164	32150
32152	11159
32152	32138
32152	37677
32141	11159
32141	32079
32141	32138
32141	32140
11165	11160
11165	11164
11165	32109
32079	11160
32079	32080
32079	32082
32079	32141
37409	11161
37409	11191
37409	37410
11169	11162
11169	11167
11169	11190
11252	11164
11252	11251
11252	32153
32150	11164
32150	32151
32150	32162
32109	11165
32109	32082
32109	32101
11167	11166
11167	11169
11167	11172
11200	11166
11200	11171
11172	11167
11172	11170
11172	11171
37413	11168
11190	11169
11190	11191
11170	11171
11170	11172
11170	11189
11170	11201
11171	11170
11171	11172
11171	11200
11189	11170
11189	11194
11189	11222
11201	11170
11201	11202
11201	11221
11173	11174
11173	11175
11173	11177
11174	11173
11174	11176
11174	11178
37411	11176
11226	11179
11227	11179
11227	11225
11227	11349
11227	11351
11199	11180
11199	11198
11199	11350
11288	11181
11288	11188
11288	11301
11188	11182
11188	11187
11188	11288
11184	11183
11184	11185
11184	11329
37431	11183
37431	37430
37431	37441
11185	11184
11185	11186
11185	11329
11329	11184
11329	11185
11329	11330
11187	11186
11187	11188
11187	11301
11301	11187
11301	11288
11301	11302
11194	11189
11194	11193
11194	11223
11222	11189
11222	11223
11191	11190
11191	11192
11191	37409
11192	11191
11192	11193
11192	11202
11193	11192
11193	11194
11193	11221
11202	11192
11202	11201
11202	11203
11221	11193
11221	11201
11221	11223
11223	11194
11223	11221
11223	11222
11195	11196
11195	11197
11195	11198
11197	11195
11198	11195
11198	11199
11198	11296
11296	11198
11296	11295
11296	11341
11350	11199
11350	11341
11350	11349
11204	11203
11204	11205
11204	11206
11205	11204
11206	11204
11206	11207
11206	11208
11207	11206
11208	11206
11208	11209
11208	11215
11209	11208
11209	11210
11209	11211
11215	11208
11215	11214
11215	37425
11210	11209
11211	11209
11211	11212
11211	37424
37424	11211
37425	11215
11217	11216
11217	11218
11217	11220
11220	11217
11219	11218
11225	11224
11225	11227
11225	11354
11365	11224
11365	11356
11365	11376
11354	11225
11354	11348
11354	11353
11349	11227
11349	11348
11349	11350
11351	11227
11228	11229
11228	11231
11228	32453
11229	11228
11229	11230
11229	11251
11231	11228
11231	11230
11231	32146
32453	11228
32453	32452
32453	32497
11230	11229
11230	11231
11230	32154
11230	32166
32154	11230
32154	32153
32154	32235
32166	11230
32166	32165
32166	32167
32166	32498
32146	11231
32146	32145
32146	32147
11234	11233
11234	11235
11234	11249
11236	11237
11236	11238
11236	11278
11237	11236
11237	11250
11237	11279
11238	11236
11238	11239
11238	11291
11278	11236
11278	11277
11278	11291
11250	11237
11250	11249
11250	11303
11279	11237
11279	11259
11279	11305
11239	11238
11239	11240
11239	11291
11291	11238
11291	11239
11291	11278
11291	11290
11240	11239
11240	11241
11240	11292
11241	11240
11241	11242
11241	36029
11292	11240
11292	11269
11292	11290
11242	11241
11242	11243
11242	11286
36029	11241
11243	11242
11243	11244
11243	11245
11286	11242
11286	11268
11286	11287
11244	11243
11246	11245
11246	11247
11246	11248
11247	11246
11248	11246
11248	11249
11303	11250
11303	11302
11303	11304
32153	11251
32153	11252
32153	32154
32153	32167
11253	11254
11253	11257
11253	27832
11253	40661
11254	11253
11254	11255
11254	27882
11254	27883
11257	11253
11257	11256
11257	40661
27832	11253
27832	25853
27832	27831
40661	11253
40661	11257
40661	25941
11255	11254
11255	11256
11255	27871
27882	11254
27882	27881
27882	27899
27883	11254
27883	27831
11256	11255
11256	11257
11256	27873
27871	11255
27871	27872
27871	40664
27873	11256
27873	27872
27873	27892
27873	40657
11258	11259
11258	11260
11258	11505
11259	11258
11259	11279
11259	11747
11260	11258
11260	11261
11260	11508
11505	11258
11505	11474
11505	37478
11747	11259
11747	11743
11747	11746
11261	11260
11261	11262
11261	37463
11508	11260
11508	11506
11508	11509
11262	11261
11262	11263
11262	11297
11262	37464
37463	11261
11297	11262
11297	11298
11297	11300
37464	11262
11264	11263
11264	11265
11264	11468
11265	11264
11265	11266
11265	11267
11266	11265
11267	11265
11267	11268
11267	11284
11268	11267
11268	11269
11268	11286
11284	11267
11284	11285
11284	11467
11269	11268
11269	11270
11269	11292
11270	11269
11270	11271
11270	11273
11271	11270
11271	11272
11273	11270
11273	11274
11273	11293
11272	11271
11274	11273
11274	11275
11274	11276
11293	11273
11293	11289
11293	11294
11275	11274
11276	11274
11276	11277
11277	11276
11277	11278
11277	11289
11289	11277
11289	11290
11289	11293
11281	11280
11281	11283
11281	11285
11287	11286
11290	11289
11290	11291
11290	11292
11294	11293
11339	11295
11339	11340
11339	11346
11341	11296
11341	11340
11341	11350
11298	11297
11298	11299
11298	11478
11300	11297
11300	11299
11300	11480
11299	11298
11299	11300
11299	11490
11478	11298
11478	11474
11478	11477
11478	11506
11490	11299
11490	11480
11490	11488
11480	11300
11480	11481
11480	11490
11743	11305
11743	11742
11743	11744
11743	11747
11306	11307
11306	11328
11306	11985
11307	11306
11307	11308
11328	11306
11328	11327
11328	11424
11328	11984
11985	11306
11985	11983
11985	12000
11308	11307
11308	11309
11308	11999
11309	11308
11309	11310
11309	11998
11309	11999
11999	11308
11999	11309
11999	11998
11310	11309
11310	11311
11310	12014
11998	11309
11998	11997
11998	11999
11311	11310
11311	11312
11311	11773
12014	11310
11312	11311
11312	11313
11773	11311
11773	11774
11773	12004
11773	12013
11313	11312
11313	11314
11314	11313
11314	11315
11314	11460
11315	11314
11315	11316
11315	11319
11460	11314
11460	11461
11460	11464
11316	11315
11316	11317
11319	11315
11319	11320
11319	11451
11317	11316
11317	11318
11318	11317
11320	11319
11320	11321
11320	37429
11451	11319
11451	11450
11451	11454
11321	11320
11321	11322
11321	11338
37429	11320
37429	11427
37429	37430
11322	11321
11322	11323
11322	11338
11338	11321
11338	11322
11338	11455
11323	11322
11323	11324
11323	11455
11324	11323
11324	11325
11324	11458
11455	11323
11455	11338
11455	11456
11325	11324
11325	11326
11325	11459
11458	11324
11458	11457
11458	11459
11326	11325
11326	11327
11326	11459
11459	11325
11459	11326
11459	11458
11327	11326
11327	11328
11327	11426
11426	11327
11426	11413
11426	37452
11424	11328
11424	11425
11424	37491
11984	11328
11984	11980
11984	11981
37440	11330
11331	11332
11331	11334
11331	25556
11332	11331
11332	11333
11332	11693
11334	11331
11334	11333
25556	11331
25556	24802
25556	25555
11333	11332
11333	11334
11333	11694
11693	11332
11693	11694
11693	24800
11694	11333
11694	11693
11335	11336
11335	11337
11335	31426
11335	31551
11336	11335
11336	11337
11336	31415
11337	11335
11337	11336
11337	31416
11337	31431
11337	31550
31426	11335
31426	31408
31426	31425
31426	31537
31426	31544
31551	11335
31551	31547
31551	31550
31415	11336
31415	31413
31415	31430
31416	11337
31416	30624
31416	31420
31416	31432
31431	11337
31431	31432
31431	39338
31550	11337
31550	31549
31550	31551
11340	11339
11340	11341
11340	11345
11345	11340
11345	11344
11345	11347
11342	11343
11342	11344
11342	11409
11343	11342
11343	11346
11343	11391
11344	11342
11344	11345
11344	11380
11409	11342
11409	11380
11409	11411
11380	11344
11380	11381
11380	11383
11380	11409
11347	11345
11347	11348
11347	11352
11348	11347
11348	11349
11348	11354
11352	11347
11352	11353
11352	11381
11353	11352
11353	11354
11353	11378
11381	11352
11381	11380
11381	11384
11378	11353
11378	11377
11378	11379
11355	11356
11355	11357
11355	11368
11356	11355
11356	11365
11356	11407
11357	11355
11357	11358
11357	11369
11368	11355
11368	11367
11368	11414
11407	11356
11407	11405
11407	11414
11358	11357
11358	11359
11358	11360
11369	11357
11369	11367
11369	11370
11359	11358
11360	11358
11360	11361
11360	37455
37455	11360
37455	37456
37455	37457
11363	11362
11364	11362
11376	11365
11376	11377
11376	11408
11392	11366
11367	11368
11367	11369
11367	37458
37458	11367
11414	11368
11414	11407
11414	11413
11370	11369
11371	11372
11371	11375
11372	11371
11372	11373
11372	11394
11375	11371
11375	11374
11375	30523
11373	11372
11373	11374
11373	11402
11394	11372
11394	11395
11394	30523
11374	11373
11374	11375
11374	30521
11374	30522
11402	11373
11402	11401
11402	30079
11402	30517
30521	11374
30521	30517
30521	30524
30521	30530
30522	11374
30522	30523
30522	30530
30522	30541
30523	11375
30523	11394
30523	30522
11377	11376
11377	11378
11377	11382
11377	11406
11408	11376
11408	11406
11382	11377
11382	11383
11382	11404
11406	11377
11406	11405
11406	11408
11379	11378
11383	11380
11383	11382
11383	11384
11384	11381
11384	11383
11384	11385
11404	11382
11404	11403
11404	11410
11385	11384
11386	11387
11386	11388
11386	11979
11388	11386
11388	11389
11979	11386
11979	11387
11979	11389
11389	11388
11389	11390
11389	11979
11390	11389
11390	11391
11390	11418
11390	11975
11390	12000
11418	11390
11418	11410
11418	11419
11975	11390
11975	11972
11975	11974
12000	11390
12000	11985
12000	12001
11395	11394
11395	11396
11395	30084
11395	30544
11396	11395
11396	11397
11396	30080
30084	11395
30084	30085
30084	30086
30544	11395
30544	30541
30544	30545
30544	30553
11397	11396
11397	11398
30080	11396
30080	30067
30080	30081
11398	11397
11398	11399
11399	11398
11399	11400
11399	11401
11400	11399
11401	11399
11401	11402
11401	30067
30067	11401
30067	30004
30067	30068
30067	30080
30079	11402
30079	30078
30079	30512
30517	11402
30517	30518
30517	30519
30517	30521
11403	11404
11403	11405
11403	11412
11405	11403
11405	11406
11405	11407
11412	11403
11412	11413
11412	11417
11410	11404
11410	11411
11410	11418
11411	11409
11411	11410
11411	37428
37428	11411
11413	11412
11413	11414
11413	11426
11417	11412
11417	11415
11417	11425
11415	11416
11415	11417
11415	11982
11416	11415
11416	11419
11416	11976
11982	11415
11419	11416
11419	11418
11419	11973
11976	11416
11976	11977
11976	11980
11425	11417
11425	11424
11425	11981
11973	11419
11973	11971
11973	11974
11420	11421
11420	11422
11420	12015
11420	12020
11421	11420
11421	11423
11421	12015
11421	12068
11422	11420
11422	11423
11422	12013
12015	11420
12015	11421
12015	12043
12020	11420
12020	12013
12020	12021
11423	11421
11423	11422
11423	11997
12068	11421
12068	12069
12068	12070
12068	12072
12013	11422
12013	11773
12013	12020
11997	11423
11997	11996
11997	11998
11997	12069
37491	11424
11981	11425
11981	11980
11981	11984
37452	11426
11428	11429
11428	11430
11428	11519
11428	37473
11429	11428
11429	11432
11429	11446
11430	11428
11430	11431
11430	37483
11519	11428
11519	11444
37473	11428
11432	11429
11432	11431
11446	11429
11446	11445
11446	11447
11431	11430
11431	11432
11431	37482
37483	11430
37482	11431
11433	11434
11433	11435
11433	12176
11434	11433
11434	11435
11434	12040
12040	11434
12040	12038
37438	11438
11439	11440
11439	11441
11439	11520
11440	11439
11440	11449
11440	11759
11440	11779
11441	11439
11441	11442
11441	11520
11520	11439
11520	11441
11520	11521
11520	11760
11449	11440
11449	11448
11759	11440
11759	11758
11759	11778
11759	11784
11779	11440
11779	11738
11779	11778
11442	11441
11442	11443
11442	11523
11442	11539
11443	11442
11443	11444
11523	11442
11523	11514
11523	11522
11523	11535
11539	11442
11539	11444
11539	11515
11444	11443
11444	11445
11444	11519
11444	11539
11445	11444
11445	11446
11447	11446
11447	11448
11447	37481
11448	11447
11448	11449
37481	11447
11450	11451
11450	11452
11450	11463
11452	11450
11452	11453
11463	11450
11463	11453
11463	11462
37437	11454
11456	11455
11456	11457
11456	37454
11457	11456
11457	11458
11457	37453
37454	11456
37453	11457
11461	11460
11461	11462
11461	11775
11464	11460
11462	11461
11462	11463
11462	40086
11775	11461
11775	11774
11775	37493
40086	11462
11471	11472
11471	11473
11471	30275
11472	11471
11472	11473
11472	29568
11473	11471
11473	11472
11473	29561
30275	11471
30275	30276
30275	30277
30275	30410
29568	11472
29568	29567
29568	30224
29561	11473
29561	29562
29561	30274
29561	30392
11474	11475
11474	11478
11474	11505
11475	11474
11475	11476
11475	37476
11476	11475
11476	11477
11476	11510
11476	37475
37476	11475
37476	37477
11477	11476
11477	11478
11477	11489
11510	11476
11510	11511
11510	11517
37475	11476
37475	37474
11489	11477
11489	11486
11489	11488
11489	11511
11506	11478
11506	11507
11506	11508
11482	11481
11482	11483
11482	11488
11488	11482
11488	11489
11488	11490
11484	11483
11484	11485
11484	11486
11486	11484
11486	11487
11486	11489
11486	11492
11492	11486
11492	11491
11492	11511
11494	11487
11494	11493
11494	11495
11494	11504
11511	11489
11511	11492
11511	11510
11511	11516
11491	11492
11491	11493
11491	37467
11493	11491
11493	11494
11493	11504
37467	11491
11504	11493
11504	11494
11504	11502
11495	11494
11495	11496
11495	11503
11503	11495
11503	11501
11503	11574
11498	11496
11498	11497
11498	11578
11497	11498
11497	11499
11497	11573
11573	11497
11573	11568
11573	11577
11578	11498
11578	11574
11578	11577
11501	11502
11501	11503
11501	11534
11502	11501
11502	11504
11502	11531
11502	11533
11534	11501
11534	11531
11534	11575
11534	11639
11531	11502
11531	11532
11531	11534
11531	11666
11533	11502
11533	11532
11533	11538
11533	37466
11574	11503
11574	11575
11574	11578
37478	11505
11507	11506
11509	11508
11517	11510
11517	11518
11516	11511
11516	11514
11516	11536
11512	11513
11512	30312
11513	11512
11513	30313
30312	11512
30312	30185
30312	30348
30313	11513
30313	30186
30313	30328
30313	30352
11514	11515
11514	11516
11514	11523
11515	11514
11515	11518
11515	11539
11518	11515
11518	11517
11518	37474
11536	11516
11536	11535
11536	11545
37474	11518
37474	37475
37474	37484
11521	11520
11521	11522
11521	11548
11760	11520
11760	11758
11760	11761
11760	11764
11522	11521
11522	11523
11548	11521
11548	11549
11548	11551
11535	11523
11535	11536
11535	11544
11535	11551
11524	11525
11524	11530
11524	11611
11525	11524
11525	11526
11525	11612
11530	11524
11530	11529
11530	12067
11530	37416
11611	11524
11611	11612
11611	30096
11526	11525
11526	11527
11526	39008
11612	11525
11612	11611
11612	30097
11527	11526
11527	11528
11527	30113
39008	11526
11528	11527
11528	11529
11528	30129
30113	11527
30113	30114
30113	39007
11529	11528
11529	11530
11529	30199
30129	11528
30129	30127
30129	30199
30199	11529
30199	30129
30199	38968
12067	11530
12067	11695
12067	11769
37416	11530
37416	37417
37416	38993
11532	11531
11532	11533
11532	11537
11532	11547
11666	11531
11666	11547
11666	11639
11666	11668
11537	11532
11537	11538
11537	11542
11537	11543
11547	11532
11547	11542
11547	11666
11547	11671
11538	11533
11538	11537
11538	11546
37466	11533
11575	11534
11575	11574
11575	11576
11575	11638
11639	11534
11639	11638
11639	11666
11639	11667
11544	11535
11544	11540
11544	11545
11544	11550
11551	11535
11551	11548
11551	36314
11545	11536
11545	11544
11545	11546
11545	37468
11542	11537
11542	11541
11542	11547
11542	11555
11543	11537
11543	11540
11543	11546
11546	11538
11546	11543
11546	11545
11546	37465
11540	11541
11540	11543
11540	11544
11541	11540
11541	11542
11541	11549
11541	11763
11763	11541
11763	11762
11549	11541
11549	11548
11549	11550
11555	11542
11555	11552
11555	11554
11555	11670
11550	11544
11550	11549
37468	11545
37465	11546
37465	37469
37465	37470
11671	11547
11671	11670
36314	11551
11552	11553
11552	11555
11552	11762
11552	11832
11553	11552
11553	11554
11553	11828
11762	11552
11762	11761
11762	11763
11832	11552
11832	11764
11832	11831
11832	37486
11554	11553
11554	11555
11554	11673
11554	11674
11828	11553
11828	11827
11828	11831
11674	11554
11674	11668
11674	11672
11674	11688
11673	11554
11673	11672
11673	11827
11673	11829
11670	11555
11670	11668
11670	11671
11572	11556
11572	11568
11572	11571
11566	11557
11566	11564
11566	11570
11562	11558
11562	11563
11563	11559
11563	11561
11563	11562
11563	11565
11561	11560
11561	11563
11561	11581
11585	11560
11585	11581
11585	11584
11581	11561
11581	11580
11581	11585
11565	11563
11565	11564
11565	11570
11565	11580
11570	11565
11570	11566
11570	11569
11570	11571
11580	11565
11580	11579
11580	11581
11567	11568
11567	11569
11567	11582
11568	11567
11568	11572
11568	11573
11568	11634
11569	11567
11569	11570
11569	11579
11582	11567
11582	11583
11582	11634
11582	11637
11634	11568
11634	11576
11634	11582
11634	11633
11579	11569
11579	11580
11579	11583
11571	11570
11571	11572
11577	11573
11577	11576
11577	11578
11576	11575
11576	11577
11576	11631
11576	11634
11638	11575
11638	11631
11638	11639
11638	11669
11631	11576
11631	11632
11631	11638
11631	11677
11583	11579
11583	11582
11583	11584
11583	11663
11637	11582
11637	11636
11584	11583
11584	11585
11584	11586
11663	11583
11663	11586
11663	11636
11663	11655
11588	11586
11588	11587
11588	11664
11600	11587
11600	11594
11600	11602
11600	11664
11664	11588
11664	11600
11664	11652
11597	11589
11597	11591
11597	11595
11592	11591
11592	11593
11592	11599
11592	11615
11599	11592
11599	11598
11599	11613
11615	11592
11615	11614
11615	37471
11596	11594
11596	11595
11596	11601
11595	11596
11595	11597
11595	11605
11605	11595
11605	11604
11605	11620
11601	11596
11601	11602
11601	11606
11617	11598
11617	11616
11617	13379
11617	13826
11613	11599
11613	11614
11613	11616
11613	13831
11602	11600
11602	11601
11602	11649
11606	11601
11606	11607
11606	11608
11649	11602
11649	11648
11649	11650
11603	11604
11603	11609
11603	11647
11604	11603
11604	11605
11604	11621
11609	11603
11609	11608
11609	11610
11647	11603
11647	11646
11647	11648
11621	11604
11621	11618
11621	11698
11620	11605
11620	11614
11620	11619
11620	11629
11607	11606
11608	11606
11608	11609
11608	11648
11648	11608
11648	11647
11648	11649
11610	11609
30096	11611
30096	30097
30096	30167
30097	11612
30097	30096
30097	30152
30097	30153
11614	11613
11614	11615
11614	11620
11614	42378
11616	11613
11616	11617
11616	13829
13831	11613
13831	11625
13831	13830
42378	11614
37471	11615
13829	11616
13829	13828
13829	13832
13379	11617
13379	13380
13379	13382
13379	13818
13826	11617
13826	13818
13826	13827
11618	11619
11618	11621
11618	11622
11618	11645
11619	11618
11619	11620
11619	11699
11619	11702
11622	11618
11645	11618
11645	11644
11645	11646
11645	11698
11699	11619
11699	11644
11699	11700
11702	11619
11702	11701
11702	11706
11629	11620
11629	11626
11629	11630
11698	11621
11698	11645
11698	11646
11623	11624
11623	11625
11623	13833
11624	11623
11624	11627
11624	11703
11624	11720
11625	11623
11625	11626
11625	13831
13833	11623
13833	11720
13833	13834
11627	11624
11627	11626
11627	11628
11703	11624
11703	11704
11703	11718
11720	11624
11720	11719
11720	13833
11626	11625
11626	11627
11626	11629
11628	11627
11628	11630
11628	11705
11630	11628
11630	11629
11630	11706
11705	11628
11706	11630
11706	11702
11706	37641
11632	11631
11632	11633
11632	11635
11632	11679
11677	11631
11677	11675
11677	11678
11633	11632
11633	11634
11633	11635
11635	11632
11635	11633
11635	11636
11635	11665
11679	11632
11679	11678
11679	11680
11636	11635
11636	11637
11636	11663
11665	11635
11665	11656
11665	11680
11669	11638
11669	11667
11669	11676
11667	11639
11667	11668
11667	11669
11640	11641
11640	11642
11640	11725
11641	11640
11641	11662
11641	11714
11642	11640
11642	11643
11642	11644
11642	11716
11725	11640
11725	11716
11725	11722
11662	11641
11662	11661
11662	11684
11714	11641
11714	11683
11714	11862
11643	11642
11644	11642
11644	11645
11644	11699
11644	11715
11716	11642
11716	11715
11716	11725
11715	11644
11715	11700
11715	11716
11715	11721
11646	11645
11646	11647
11646	11698
11650	11649
11650	11651
11650	11652
11651	11650
11652	11650
11652	11653
11652	11664
11653	11652
11653	11654
11653	11655
11654	11653
11655	11653
11655	11656
11655	11663
11656	11655
11656	11657
11656	11665
11657	11656
11657	11658
11657	11687
11658	11657
11658	11659
11658	11687
11687	11657
11687	11658
11659	11658
11659	11660
11659	11686
11660	11659
11660	11661
11660	11685
11686	11659
11686	11685
11661	11660
11661	11662
11685	11660
11685	11684
11685	11686
11684	11662
11684	11683
11684	11685
11680	11665
11680	11678
11680	11679
11680	11682
11668	11666
11668	11667
11668	11670
11668	11674
11676	11669
11676	11675
11676	11688
11672	11673
11672	11674
11672	11735
11735	11672
11735	11736
11735	11829
11827	11673
11827	11828
11827	11833
11827	11835
11829	11673
11829	11735
11829	11830
11829	11835
11688	11674
11688	11676
11688	11692
11675	11676
11675	11677
11675	11678
11675	11691
11678	11675
11678	11677
11678	11679
11678	11680
11691	11675
11691	11689
11691	11690
11691	11692
11682	11680
11682	11681
11682	11690
11681	11682
11681	11683
11681	11689
11681	36316
11683	11681
11683	11684
11683	11714
11689	11681
11689	11691
11689	11821
11689	11822
36316	11681
36316	11859
36316	36315
11690	11682
11690	11691
11692	11688
11692	11691
11692	11736
11692	11821
11821	11689
11821	11692
11821	11823
11821	11825
11822	11689
11822	11823
11822	11851
11822	36315
11736	11692
11736	11735
11736	11826
11695	11696
11695	11697
11695	12067
11696	11695
11696	11697
11696	12066
11697	11695
11697	11696
11697	37394
11697	37443
12066	11696
12066	12065
12066	37394
37394	11697
37394	12066
37394	37396
37394	37444
37443	11697
11700	11699
11700	11701
11700	11715
11701	11700
11701	11702
11701	11707
11707	11701
11707	11704
11707	11721
11704	11703
11704	11707
11704	11733
11704	13898
11718	11703
11718	11717
11718	13898
11718	13899
11733	11704
11733	11728
11733	11873
13898	11704
13898	11718
13898	13897
37641	11706
11721	11707
11721	11715
11721	11724
11721	11729
11708	11709
11708	11713
11708	25177
11708	25179
11709	11708
11709	11710
11709	25558
11713	11708
11713	11712
11713	25180
25177	11708
25177	25178
25177	25557
25179	11708
11710	11709
11710	11711
11710	24573
25558	11709
11711	11710
11711	11712
11711	24579
24573	11710
24573	24572
24573	25557
11712	11711
11712	11713
11712	24592
11712	24596
24579	11711
24579	24578
24579	24580
24592	11712
24592	24590
24592	24593
24596	11712
24596	24576
24596	24595
25180	11713
11862	11714
11862	11722
11862	11866
11717	11718
11717	11719
11717	13892
11717	13894
11719	11717
11719	11720
11719	13887
13892	11717
13892	13893
13892	13900
13894	11717
13894	13888
13894	13893
13899	11718
13899	13897
13899	13900
13899	14091
13887	11719
13887	13834
13887	13888
11724	11721
11724	11723
11724	11731
11729	11721
11729	11728
11729	11730
11729	11734
11722	11723
11722	11725
11722	11862
11723	11722
11723	11724
11723	11865
11865	11723
11865	11727
11865	11864
11731	11724
11731	11727
11731	11732
11726	11727
11726	11728
11726	11872
11727	11726
11727	11731
11727	11865
11728	11726
11728	11729
11728	11733
11872	11726
11872	11871
11872	11885
11872	14081
11730	11729
11734	11729
11732	11731
11873	11733
11873	11871
11873	13896
11826	11736
11826	11824
11826	11830
11737	11738
11737	11741
11737	37497
11738	11737
11738	11739
11738	11779
11738	11781
11741	11737
11741	11740
11741	11745
37497	11737
37497	11804
37497	37496
11739	11738
11739	11740
11739	37480
11781	11738
11781	11780
11781	11782
11740	11739
11740	11741
11740	11742
37480	11739
11742	11740
11742	11743
11742	11746
11746	11742
11746	11747
11746	37479
37479	11746
11748	11749
11748	11756
11748	11757
11749	11748
11749	11750
11749	24508
11756	11748
11756	11755
11756	24509
11757	11748
11750	11749
11750	11751
11750	24507
11750	24861
24508	11749
11751	11750
11751	11752
11751	24796
11751	24862
24507	11750
24507	24505
24507	24515
24507	24574
24861	11750
24861	24862
24861	38153
11752	11751
11752	11753
11752	24497
24796	11751
24796	24350
24796	24806
24862	11751
24862	24861
24862	24863
24862	24866
11753	11752
11753	11754
11753	24512
24497	11752
24497	24498
24497	24501
11754	11753
11754	11755
11754	24511
24512	11753
24512	24513
24512	24514
11755	11754
11755	11756
11755	24510
24511	11754
24510	11755
24509	11756
11758	11759
11758	11760
11758	11766
11766	11758
11766	11767
11766	11790
11778	11759
11778	11779
11778	11780
11784	11759
11784	11783
11784	11786
11761	11760
11761	11762
11764	11760
11764	11765
11764	11794
11764	11832
11765	11764
11765	11767
11765	11790
11794	11764
11794	11793
11794	11831
11794	11833
11767	11765
11767	11766
11767	11768
11790	11765
11790	11766
11790	11788
11768	11767
11769	11770
11769	11771
11769	12067
11770	11769
11770	11772
11770	11776
11771	11769
11771	11772
11771	37422
11771	38906
11772	11770
11772	11771
11772	11777
11772	38905
11776	11770
11776	11777
11776	11852
37422	11771
37422	37421
37422	38907
38906	11771
11777	11772
11777	11776
11777	11853
11777	38904
38905	11772
11774	11773
11774	11775
11774	12005
12004	11773
12004	12005
12004	12024
12005	11774
12005	12004
37493	11775
37493	37492
37493	37494
11852	11776
11852	11853
11852	12060
11853	11777
11853	11852
11853	38901
11853	38903
38904	11777
11780	11778
11780	11781
11780	11783
11783	11780
11783	11782
11783	11784
11783	11805
11782	11781
11782	11783
11782	11806
11806	11782
11806	11807
11806	40679
11805	11783
11805	11799
11805	11807
11786	11784
11786	11785
11786	11799
11785	11786
11785	11787
11785	11798
11787	11785
11787	11788
11787	11791
11798	11785
11799	11786
11799	11800
11799	11805
11788	11787
11788	11789
11788	11790
11791	11787
11791	11792
11791	11797
11789	11788
11792	11791
11792	11793
11792	11912
11797	11791
11797	11795
11797	11909
11793	11792
11793	11794
11793	11907
11912	11792
11907	11793
11907	11833
11907	11911
11831	11794
11831	11828
11831	11832
11833	11794
11833	11827
11833	11834
11833	11907
11795	11796
11795	11797
11795	11808
11796	11795
11796	11800
11796	11809
11796	11814
11808	11795
11808	11809
11808	11913
11800	11796
11800	11799
11800	11807
11809	11796
11809	11808
11809	11813
11814	11796
11814	11815
11814	11819
11909	11797
11909	11908
11807	11800
11807	11805
11807	11806
11807	11819
11801	11802
11801	11803
11801	12018
11802	11801
11802	11804
11802	12018
11802	12019
11803	11801
11803	11804
11803	11811
11803	11818
12018	11801
12018	11802
12018	12017
11804	11802
11804	11803
11804	37497
12019	11802
12019	12016
12019	40085
11818	11803
11818	11817
11818	37495
11811	11803
11811	11810
11811	12029
40679	11806
11819	11807
11819	11814
11819	11820
11913	11808
11913	11891
11913	11915
11813	11809
11813	11812
11810	11811
11810	11812
11810	11927
11812	11810
11812	11813
11812	11914
11812	11915
11927	11810
11927	11914
11927	11928
11927	12029
12029	11811
12029	11927
12029	12017
12029	12079
11914	11812
11914	11915
11914	11927
11915	11812
11915	11913
11915	11914
11815	11814
11815	11816
11815	11817
11816	11815
11817	11815
11817	11818
11817	11820
11820	11817
11820	11819
11820	37496
37495	11818
37496	11820
37496	37497
11823	11821
11823	11822
11823	11848
11825	11821
11825	11824
11825	11845
11851	11822
11851	11850
36315	11822
36315	36316
11848	11823
11848	11847
11848	11849
11848	11860
11824	11825
11824	11826
11824	11837
11837	11824
11837	11830
11837	11838
11837	11843
11845	11825
11845	11844
11845	11846
11830	11826
11830	11829
11830	11836
11830	11837
11835	11827
11835	11829
11835	11834
11835	11836
11836	11830
11836	11835
11836	11838
11836	11839
37486	11832
11834	11833
11834	11835
11834	11839
11834	11911
11839	11834
11839	11836
11839	11841
11839	11910
11911	11834
11911	11907
11911	11910
11838	11836
11838	11837
11838	11840
11838	11842
11843	11837
11843	11842
11843	11844
11843	11892
11840	11838
11840	11841
11840	11891
11842	11838
11842	11843
11841	11839
11841	11840
11841	11908
11910	11839
11910	11908
11910	11911
11891	11840
11891	11889
11891	11893
11891	11913
11908	11841
11908	11909
11908	11910
11844	11843
11844	11845
11844	11889
11892	11843
11889	11844
11889	11846
11889	11890
11889	11891
11846	11845
11846	11847
11846	11889
11847	11846
11847	11848
11847	11861
11847	11890
11861	11847
11861	11855
11861	11899
11861	11906
11890	11847
11890	11889
11890	11893
11890	11899
11849	11848
11849	11850
11849	11860
11860	11848
11860	11849
11860	11855
11850	11849
11850	11851
11850	11859
11859	11850
11859	11858
11859	36316
12060	11852
12060	12061
12060	28589
38901	11853
38901	38900
38901	38902
38903	11853
11854	11855
11854	11856
11854	11888
11854	11905
11855	11854
11855	11860
11855	11861
11856	11854
11856	11857
11856	11888
11888	11854
11888	11856
11888	11883
11888	11887
11905	11854
11905	11879
11905	11904
11857	11856
11857	11858
11857	36317
11858	11857
11858	11859
11858	11869
36317	11857
36317	11887
11869	11858
11869	11863
11869	11867
11869	37490
11899	11861
11899	11890
11899	11898
11899	11939
11906	11861
11906	11904
11906	11937
11866	11862
11866	11867
11863	11864
11863	11869
11863	11870
11864	11863
11864	11865
11864	11887
11870	11863
11887	11864
11887	11888
11887	36317
11867	11866
11867	11868
11867	11869
11868	11867
37490	11869
11871	11872
11871	11873
11871	14080
14080	11871
11885	11872
11885	11884
11885	11886
14081	11872
14081	14078
14081	14096
13896	11873
13896	13895
13896	14079
13896	14087
11874	11875
11874	11881
11874	14151
11875	11874
11875	11876
11875	14178
11875	37653
11881	11874
11881	11880
11881	14135
14151	11874
14151	14135
14151	14146
11876	11875
11876	11877
11876	14143
14178	11875
14178	14169
14178	14177
37653	11875
37653	37649
37653	37654
11877	11876
11877	11878
11877	14138
11877	36398
14143	11876
14143	14142
14143	14144
14143	14148
11878	11877
11878	11879
14138	11877
14138	14137
14138	14139
14138	14144
36398	11877
36398	11949
36398	37645
11879	11878
11879	11880
11879	11905
11880	11879
11880	11881
11880	11947
11947	11880
11947	11944
11947	14136
14135	11881
14135	11942
14135	14151
11882	11883
11882	11884
11882	11948
11883	11882
11883	11888
11883	11949
11884	11882
11884	11885
11884	37642
11948	11882
11948	11949
11948	14085
11948	14086
11949	11883
11949	11948
11949	36398
37642	11884
11886	11885
11893	11890
11893	11891
11893	11900
11893	11926
11900	11893
11900	11895
11900	11924
11926	11893
11894	11895
11894	11896
11894	11959
11895	11894
11895	11900
11895	11958
11896	11894
11896	11897
11896	11898
11959	11894
11959	11950
11959	11964
11959	12124
11958	11895
11958	11956
11958	12120
11897	11896
11898	11896
11898	11899
11898	11946
11946	11898
11946	11939
11946	11950
11939	11899
11939	11940
11939	11946
11924	11900
11924	11922
11924	11925
11924	11957
11901	11902
11901	11903
11901	24403
11901	24471
11901	24477
24403	11901
24403	24381
24403	24404
24403	24405
24471	11901
24471	24404
24471	24476
24471	24482
24477	11901
24477	24475
24477	24481
24561	11902
24561	24480
24561	24546
11904	11905
11904	11906
11904	11944
11944	11904
11944	11943
11944	11947
11944	14136
11937	11906
11937	11938
11937	11945
11916	11917
11916	11918
11916	12119
11917	11916
11917	11931
11917	12081
11917	12108
11917	12115
11918	11916
11918	11919
11918	12075
12119	11916
12119	12115
12119	12130
12119	12134
11931	11917
11931	11928
11931	11929
12081	11917
12081	12076
12081	12080
12108	11917
12108	12107
12115	11917
12115	12114
12115	12116
12115	12119
11919	11918
11919	11920
11919	11921
12075	11918
12075	11921
12075	11933
11920	11919
11921	11919
11921	11922
11921	11936
11921	12075
11922	11921
11922	11923
11922	11924
11936	11921
11936	11933
11936	11935
11936	12074
11923	11922
11925	11924
11957	11924
11957	11935
11957	11956
11928	11927
11928	11929
11928	11931
11929	11928
11929	11930
11929	11931
11930	11929
11932	11933
11932	11934
11932	12130
11933	11932
11933	11936
11933	12075
11934	11932
11934	11935
11934	12121
12130	11932
12130	12119
12130	12131
11935	11934
11935	11936
11935	11957
11935	12104
12121	11934
12121	11970
12121	12125
12104	11935
12104	12105
12104	12122
12104	12123
12074	11936
11938	11937
11938	11940
11938	11952
11945	11937
11945	11941
11945	11954
11940	11938
11940	11939
11940	11951
11952	11938
11952	11953
11952	11955
11951	11940
11951	11950
11951	11953
11941	11942
11941	11945
11941	11962
11942	11941
11942	11943
11942	14135
11942	14136
11942	14146
11962	11941
11962	11960
11962	12127
11962	14146
11943	11942
11943	11944
14136	11942
14136	11944
14136	11947
14146	11942
14146	11962
14146	14151
14146	14554
11954	11945
11954	11955
11954	11963
11950	11946
11950	11951
11950	11959
14086	11948
14086	14078
14086	14096
14085	11948
14085	14084
14085	14139
11953	11951
11953	11952
11953	11955
11955	11952
11955	11953
11955	11954
11963	11954
11956	11957
11956	11958
11956	12105
12105	11956
12105	12104
12105	12120
12120	11958
12120	11969
12120	12105
12120	12124
11964	11959
11964	11965
11964	11966
12124	11959
12124	11967
12124	12120
11960	11961
11960	11962
11960	12127
11961	11960
11961	11970
11961	12126
12127	11960
12127	11962
12127	12128
12127	12133
12127	14554
11970	11961
11970	11969
11970	12121
12126	11961
12126	12125
12126	12128
11965	11964
11966	11964
11966	11967
11967	11966
11967	11968
11967	11969
11967	12124
11968	11967
11969	11967
11969	11970
11969	12120
11969	12122
12122	11969
12122	12104
12122	12123
11971	11972
11971	11973
11971	11977
11972	11971
11972	11975
11977	11971
11977	11976
11977	11983
11974	11973
11974	11975
11974	11978
11978	11974
11980	11976
11980	11981
11980	11983
11980	11984
11983	11977
11983	11980
11983	11985
11986	11987
11986	28921
11987	11986
11987	28991
28921	11986
28921	28920
28921	28922
28921	28954
28991	11987
28991	28954
28991	28993
28991	38617
11988	11989
11988	12003
11988	16277
11989	11988
11989	11990
11989	16310
12003	11988
12003	12001
12003	12002
12003	16277
16277	11988
16277	12003
16277	16308
16277	124036
11990	11989
11990	11991
11990	16285
16310	11989
16310	16309
11991	11990
11991	11992
11991	11993
11991	16285
16285	11990
16285	11991
16285	16286
16285	16318
11992	11991
11993	11991
11993	11994
11993	11995
11994	11993
11995	11993
11995	11996
11995	12036
12036	11995
12036	12035
12036	16284
12039	11996
12039	12038
12039	12043
12039	12045
12069	11997
12069	12068
12069	37500
12001	12000
12001	12002
12001	12003
12002	12001
12002	12003
12024	12004
12024	12023
12024	37492
12006	12007
12006	12012
12006	24550
12006	24553
12007	12006
12007	12008
12007	24553
12012	12006
12012	12011
12012	24539
24553	12006
24553	12007
24553	24558
24553	24559
12008	12007
12008	12009
12008	24557
12009	12008
12009	12010
12009	24159
12009	24556
24557	12008
24557	24556
12010	12009
12010	12011
12010	24168
24159	12009
24159	24160
24556	12009
24556	24503
24556	24557
12011	12010
12011	12012
12011	24523
24168	12010
24168	24167
24523	12011
24523	24518
24523	24522
24539	12012
24539	24543
24539	24550
12043	12015
12043	12039
12043	12070
12016	12017
12016	12019
12016	12032
12017	12016
12017	12018
12017	12029
12017	12031
12032	12016
12032	12033
12032	12138
12031	12017
12031	12030
12031	12076
12031	12085
12031	12103
40085	12019
12021	12020
12021	12022
12021	12042
12022	12021
12022	12023
12022	12041
12042	12021
12023	12022
12023	12024
12023	40091
40091	12023
37492	12024
37492	37493
37492	40087
12026	12025
12027	12025
12027	12028
12079	12029
12079	12078
12079	12082
12030	12031
12030	12034
12030	12086
12034	12030
12034	12033
12034	12088
12086	12030
12086	12087
12076	12031
12076	12077
12076	12081
12076	12103
12085	12031
12085	12083
12085	37538
12103	12031
12103	12076
12103	12106
12033	12032
12033	12034
12033	12138
12088	12034
12088	12083
12035	12036
12035	12037
12035	12198
12198	12035
12198	12199
12198	16319
16284	12036
16284	16283
16284	16303
12201	12037
12201	12200
12038	12039
12038	12040
12058	12041
12058	12057
12058	12059
12070	12043
12070	12068
12070	12071
12177	12045
12177	12178
12177	12182
12047	12046
12048	12046
12048	12049
12048	12050
12051	12046
12051	12052
12051	12053
12049	12048
12050	12048
12052	12051
12054	12053
12054	12055
12054	12056
12055	12054
12056	12054
12057	12058
12057	12059
12057	40093
12059	12057
12059	12058
12059	40092
40093	12057
40092	12059
12061	12060
12061	12062
12061	37407
28589	12060
28589	28588
28589	28590
28589	39023
12062	12061
12062	12063
12062	37403
37407	12061
37407	37403
37407	37449
37407	37450
12063	12062
12063	12064
12063	37400
37403	12062
37403	37404
37403	37407
37403	37448
12064	12063
12064	12065
12064	37399
37400	12063
37400	37401
37400	37406
12065	12064
12065	12066
12065	37396
37399	12064
37399	37396
37399	37402
37399	37446
37396	12065
37396	37394
37396	37399
37396	37445
12072	12068
12072	12073
12072	37500
37500	12069
37500	12072
12071	12070
12071	12073
12071	37501
12073	12071
12073	12072
12073	37502
37501	12071
37502	12073
12077	12076
12077	12078
12077	12080
12078	12077
12078	12079
12078	12080
12080	12077
12080	12078
12080	12081
12082	12079
12083	12084
12083	12085
12083	12088
12084	12083
37538	12085
37538	37537
37538	37539
12087	12086
12089	12090
12089	12097
12089	12166
12090	12089
12090	12091
12090	12164
12097	12089
12097	12096
12097	37535
12166	12089
12166	12164
12166	37534
12091	12090
12091	12092
12091	12139
12091	12161
12164	12090
12164	12165
12164	12166
12092	12091
12092	12093
12092	12139
12139	12091
12139	12092
12139	12140
12139	12142
12161	12091
12161	12142
12161	12162
12161	14631
12093	12092
12093	12094
12093	12109
12094	12093
12094	12095
12094	12107
12109	12093
12109	12110
12109	12140
12095	12094
12095	12096
12107	12094
12107	12106
12107	12108
12096	12095
12096	12097
12096	12146
12096	12147
12146	12096
12146	12148
12146	37536
12147	12096
12147	12148
12147	42133
37535	12097
12098	12099
12098	12100
12098	14082
12099	12098
12099	12102
12099	14083
12100	12098
12100	12101
12100	29585
14082	12098
14082	14083
14082	29594
12102	12099
12102	12101
12102	29693
14083	12099
14083	14082
14083	29591
12101	12100
12101	12102
12101	29589
29585	12100
29585	29586
29585	38955
29589	12101
29589	29588
29589	29590
29693	12102
29693	29692
29693	29694
12106	12103
12106	12107
12106	40955
12123	12104
12123	12122
40955	12106
40955	37537
12110	12109
12110	12111
12110	12140
12140	12109
12140	12110
12140	12139
12140	12145
12140	14616
12111	12110
12111	12112
12111	14616
12112	12111
12112	12113
14616	12111
14616	12140
14616	14585
12113	12112
12113	12114
12113	12135
12114	12113
12114	12115
12114	12134
12135	12113
12135	12134
12135	12136
12135	14585
12134	12114
12134	12119
12134	12131
12134	12135
12116	12115
12116	12117
12116	12118
12117	12116
12118	12116
12125	12121
12125	12126
12125	12129
12125	12132
12129	12125
12129	12131
12129	12136
12132	12125
12132	12128
12132	12133
12132	12137
12128	12126
12128	12127
12128	12132
12133	12127
12133	12132
12133	12137
14554	12127
14554	14146
14554	14587
12131	12129
12131	12130
12131	12134
12136	12129
12136	12135
12136	12137
12137	12132
12137	12133
12137	12136
14585	12135
14585	14586
14585	14588
14585	14616
12142	12139
12142	12143
12142	12145
12142	12161
12145	12140
12145	12142
12145	12144
12145	14615
12143	12142
12143	12144
12143	14617
12144	12143
12144	12145
12144	14579
12144	14615
14617	12143
14617	14579
14617	14619
14579	12144
14579	14558
14579	14578
14579	14617
14615	12144
14615	12145
14615	14588
12148	12146
12148	12147
12148	37537
37536	12146
42133	12147
37537	12148
37537	37538
37537	40955
12149	12150
12149	12159
12149	37518
12150	12149
12150	12151
12150	37517
12159	12149
12159	12158
12159	12160
37518	12149
12151	12150
12151	12152
12151	37516
37517	12150
12152	12151
12152	12153
12152	12154
37516	12151
12153	12152
12154	12152
12154	12155
12154	12156
12155	12154
12156	12154
12156	12157
12156	37515
12157	12156
12157	12158
12157	37514
37515	12156
12158	12157
12158	12159
12158	37513
37514	12157
37514	37504
37514	37540
37513	12158
37513	37511
37513	37519
12160	12159
12162	12161
12162	12163
12162	14631
14631	12161
14631	12162
14631	14632
12163	12162
12163	12165
12163	14822
12165	12163
12165	12164
12165	14822
14822	12163
14822	12165
14822	14632
14822	14823
37534	12166
12167	12168
12167	12169
12167	12170
12168	12167
12168	12196
12168	12233
12169	12167
12170	12167
12170	12171
12196	12168
12196	12195
12196	12197
12233	12168
12233	12234
12233	12235
12171	12170
12171	12172
12171	12231
12172	12171
12172	12173
12172	12253
12231	12171
12231	12230
12231	12232
12173	12172
12173	12174
12173	37503
12253	12172
12253	12251
12253	37505
12174	12173
12174	12175
12174	37503
37503	12173
37503	12174
37503	37504
12175	12174
12175	12176
12175	37504
37504	12175
37504	37503
37504	37514
12202	12176
12178	12177
12178	12179
12178	12180
12182	12177
12182	12180
12182	12183
12179	12178
12180	12178
12180	12181
12180	12182
12181	12180
12183	12182
12183	12184
12183	12185
12183	16294
12184	12183
12185	12183
12185	12186
12185	12187
16294	12183
16294	12192
16294	16307
12186	12185
12187	12185
12187	12188
12187	12191
12188	12187
12188	12189
12188	12190
12191	12187
12191	12192
12191	16295
12189	12188
12190	12188
12192	12191
12192	12193
12192	16294
16295	12191
12193	12192
12193	12194
12193	12195
12194	12193
12195	12193
12195	12196
12195	16300
16300	12195
16300	16301
16300	16306
12197	12196
12199	12198
12199	12200
12199	16302
12199	16322
16319	12198
16319	16303
16319	16320
12200	12199
12200	12201
12200	16321
16322	12199
16322	16306
16322	16321
16302	12199
16302	16301
16302	16303
16321	12200
16321	16307
16321	16322
12203	12204
12203	12205
12203	14904
12204	12203
12204	12207
12204	14828
12205	12203
12205	12206
12205	14902
12205	14903
14904	12203
14904	12211
14904	14905
12207	12204
12207	12206
12207	14830
14828	12204
14828	14829
14828	14830
14828	14918
12206	12205
12206	12207
14903	12205
14903	14896
14903	14905
14902	12205
14902	14646
14902	14901
14902	36405
14830	12207
14830	14828
14830	14831
12208	12209
12208	12210
12208	14844
12209	12208
12209	12211
12209	14845
12209	38380
12210	12208
12210	12211
12210	14843
12210	14911
14844	12208
14844	14843
14844	14845
12211	12209
12211	12210
12211	14904
14845	12209
14845	14844
14845	14846
38380	12209
38380	14918
14911	12210
14911	14910
14911	14915
14843	12210
14843	14842
14843	14844
14843	14915
12212	12213
12212	12214
12212	12420
12213	12212
12213	12216
12213	29832
12213	29907
12213	41459
12214	12212
12214	12215
12214	12420
12214	12422
12420	12212
12420	12214
12420	12421
12420	22159
29832	12213
29832	22249
29832	22250
29832	29833
41459	12213
41459	22174
41459	41458
12215	12214
12215	12216
12422	12214
12422	12421
12422	13717
12422	41460
12217	12218
12217	12219
12217	12291
12219	12217
12219	12220
12219	12254
12291	12217
12291	12290
12291	12295
12289	12218
12289	12288
12289	12310
12289	41109
41110	12218
12220	12219
12220	12221
12220	12255
12254	12219
12254	12255
12254	12295
12255	12220
12255	12254
12255	12260
12255	12270
12256	12221
12256	12257
12256	12260
12222	12223
12222	12246
12222	16327
12223	12222
12223	12224
12223	16325
12246	12222
12246	12245
12246	16327
16327	12222
16327	12246
16327	16328
12224	12223
12224	12225
12224	16476
16325	12223
16325	16326
16325	16477
12225	12224
12225	12226
12225	16393
16476	12224
16476	16477
16393	12225
16393	16394
16393	16474
16399	12226
16399	16398
12228	12227
12229	12227
12232	12231
12234	12233
12235	12233
12235	12236
12235	16299
12236	12235
12236	12237
12236	12238
16299	12235
12237	12236
12238	12236
12238	12239
12238	16298
12239	12238
12239	12240
12239	12241
16298	12238
16298	16297
16298	37710
12240	12239
12241	12239
12241	12242
12241	16478
12242	12241
12242	12243
12242	12244
12242	16478
16478	12241
16478	12242
16478	16330
12243	12242
12244	12242
12244	12245
12244	16330
12245	12244
12245	12246
12245	16329
16330	12244
16330	16326
16330	16478
16329	12245
16329	16328
12248	12247
12248	12249
12248	37521
37522	12247
12249	12248
12249	12250
12249	37505
37521	12248
12250	12249
12250	12251
37505	12249
37505	12253
37505	37506
12251	12250
12251	12252
12251	12253
12252	12251
12295	12254
12295	12291
12295	12293
12260	12255
12260	12256
12260	12257
12260	12259
12270	12255
12270	12259
12270	12269
12270	12294
12259	12258
12259	12260
12259	12262
12259	12270
12262	12259
12262	12261
12262	12267
12262	12269
12264	12261
12264	12263
12264	12265
12264	12267
12264	12271
12267	12262
12267	12264
12267	12268
12267	12271
12269	12262
12269	12268
12269	12270
12269	12296
12265	12264
12265	12266
12265	12272
12265	12349
12271	12264
12271	12267
12271	12272
12271	12298
12272	12265
12272	12271
12272	12354
12272	12357
12349	12265
12349	12347
12349	12348
12268	12267
12268	12269
12268	12298
12268	12305
12268	12307
12298	12268
12298	12271
12298	12308
12305	12268
12305	12306
12305	12308
12305	12365
12307	12268
12307	12301
12307	12306
12296	12269
12296	12292
12296	12302
12296	12303
12294	12270
12294	12292
12294	12297
12354	12272
12354	12355
12354	12356
12357	12272
12357	12308
12357	12355
12357	12366
12274	12273
12274	12275
12274	12525
12274	12526
12275	12274
12275	12276
12275	12491
12525	12274
12525	12501
12525	12527
12526	12274
12526	12489
12526	12527
12526	13132
12276	12275
12276	12277
12276	12486
12491	12275
12491	12486
12491	12501
12277	12276
12277	12278
12277	12488
12486	12276
12486	12487
12486	12491
12486	12497
12278	12277
12278	12279
12278	12460
12488	12277
12488	12460
12488	12487
12488	12490
12279	12278
12279	12280
12279	12457
12460	12278
12460	12457
12460	12459
12460	12488
12280	12279
12280	12281
12280	12453
12457	12279
12457	12453
12457	12456
12457	12460
12281	12280
12281	12282
12281	12451
12453	12280
12453	12451
12453	12454
12453	12457
12282	12281
12282	12283
12282	12345
12451	12281
12451	12345
12451	12452
12451	12453
12283	12282
12283	12284
12283	12343
12345	12282
12345	12343
12345	12344
12345	12451
12284	12283
12284	12285
12284	12323
12343	12283
12343	12323
12343	12342
12343	12345
12285	12284
12285	12286
12285	12325
12323	12284
12323	12313
12323	12326
12323	12343
12286	12285
12286	12287
12325	12285
12325	12324
12325	37541
37541	12287
37541	12324
37541	12325
41107	12287
41107	41108
12288	12289
12288	12290
12288	12311
12290	12288
12290	12291
12290	12293
12311	12288
12311	12300
12311	12309
12310	12289
12310	12309
12310	12314
12310	40591
41109	12289
12293	12290
12293	12292
12293	12295
12293	12300
12292	12293
12292	12294
12292	12296
12292	12299
12299	12292
12299	12300
12299	12304
12299	12315
12300	12293
12300	12299
12300	12311
12300	12316
12297	12294
12303	12296
12303	12301
12302	12296
12302	12301
12302	12304
12308	12298
12308	12305
12308	12357
12308	12364
12304	12299
12304	12302
12304	12306
12304	12320
12315	12299
12315	12316
12315	12318
12316	12300
12316	12309
12316	12315
12316	12322
12301	12302
12301	12303
12301	12307
12306	12304
12306	12305
12306	12307
12306	12321
12320	12304
12320	12317
12320	12321
12320	12331
12365	12305
12365	12321
12365	12335
12365	12364
12321	12306
12321	12320
12321	12336
12321	12365
12364	12308
12364	12365
12364	12366
12364	12371
12309	12310
12309	12311
12309	12312
12309	12316
12312	12309
12312	12313
12312	12322
12312	12326
12314	12310
12314	12313
12314	12324
12314	40591
40591	12310
40591	12314
12313	12312
12313	12314
12313	12323
12313	12324
12322	12312
12322	12316
12322	12318
12322	12327
12326	12312
12326	12323
12326	12327
12326	12342
12324	12313
12324	12314
12324	12325
12324	37541
12318	12315
12318	12317
12318	12322
12318	12328
12317	12318
12317	12319
12317	12320
12319	12317
12328	12318
12328	12327
12328	12329
12328	12332
12331	12320
12331	12330
12331	12332
12336	12321
12336	12330
12336	12334
12336	12335
12327	12322
12327	12326
12327	12328
12327	12337
12342	12326
12342	12337
12342	12343
12342	12344
12337	12327
12337	12329
12337	12341
12337	12342
12329	12328
12329	12330
12329	12337
12329	12340
12332	12328
12332	12331
12330	12329
12330	12331
12330	12336
12330	12403
12340	12329
12340	12338
12340	12341
12340	12403
12403	12330
12403	12340
12403	12404
12333	12334
12333	12335
12333	12402
12333	12406
12334	12333
12334	12336
12334	12404
12334	12407
12335	12333
12335	12336
12335	12365
12335	12371
12402	12333
12402	12350
12402	12371
12402	12405
12406	12333
12406	12405
12406	12407
12406	12410
12404	12334
12404	12338
12404	12403
12404	12408
12407	12334
12407	12406
12407	12408
12407	12411
12371	12335
12371	12364
12371	12370
12371	12402
12341	12337
12341	12339
12341	12340
12341	12344
12338	12339
12338	12340
12338	12404
12338	12409
12339	12338
12339	12341
12339	12452
12339	12455
12409	12338
12409	12408
12409	12455
12409	12494
12452	12339
12452	12344
12452	12451
12452	12454
12455	12339
12455	12409
12455	12454
12455	12458
12344	12341
12344	12342
12344	12345
12344	12452
12346	12347
12346	12348
12346	12360
12346	12362
12347	12346
12347	12349
12347	12355
12347	12358
12360	12346
12360	12358
12360	12361
12360	12395
12355	12347
12355	12354
12355	12357
12355	12359
12358	12347
12358	12359
12358	12360
12358	12367
12350	12351
12350	12353
12350	12370
12350	12402
12351	12350
12351	12352
12351	12405
12351	12413
12353	12350
12353	12352
12353	12368
12353	12396
12370	12350
12370	12366
12370	12368
12370	12371
12405	12351
12405	12402
12405	12406
12405	12412
12413	12351
12413	12412
12413	12414
12413	12417
12368	12353
12368	12359
12368	12367
12368	12370
12356	12354
12359	12355
12359	12358
12359	12366
12359	12368
12366	12357
12366	12359
12366	12364
12366	12370
12367	12358
12367	12368
12367	12396
12367	36320
12395	12360
12395	12361
12363	12362
36320	12367
36320	12379
12386	12372
12386	12381
12386	12387
12386	12400
12375	12374
12375	12376
12375	36323
36325	12374
36325	12385
12376	12375
12376	12377
12376	36322
36323	12375
36323	12384
12377	12376
12377	12378
12377	36321
36322	12376
36322	12383
36321	12377
36321	12394
36319	12378
36319	12393
36324	12380
36324	12396
12382	12381
12382	12383
12382	12394
12383	12382
12383	12384
12383	36322
12394	12382
12394	12393
12394	36321
12384	12383
12384	12385
12384	36323
12387	12386
12387	12388
12387	12397
12388	12387
12388	12389
12388	12398
12397	12387
12397	12398
12397	12400
12389	12388
12389	12390
12389	12401
12398	12388
12398	12397
12398	12401
12390	12389
12390	12391
12390	12399
12401	12389
12401	12398
12401	12399
12391	12390
12391	12392
12399	12390
12399	12392
12399	12401
12583	12400
12408	12404
12408	12407
12408	12409
12408	12492
12412	12405
12412	12410
12412	12413
12412	12415
12410	12406
12410	12411
12410	12412
12410	12416
12411	12407
12411	12410
12411	12492
12411	12499
12492	12408
12492	12411
12492	12493
12492	12498
12494	12409
12494	12493
12494	12495
12416	12410
12416	12415
12416	12499
12499	12411
12499	12416
12499	12498
12499	12504
12415	12412
12415	12416
12415	12417
12415	12507
12417	12413
12417	12415
12417	12419
12417	12513
12419	12414
12419	12417
12419	12418
12419	12514
12507	12415
12507	12506
12507	12512
12507	12513
12513	12417
12513	12507
12513	12514
12513	12517
12444	12418
12444	12445
12446	12418
12446	12445
12446	12447
12514	12419
12514	12450
12514	12513
12514	12518
12421	12420
12421	12422
12421	22160
12421	22847
22159	12420
22159	22160
22159	22174
22159	22246
22160	12421
22160	22159
22160	22248
22160	22847
22847	12421
22847	22160
22847	41460
13717	12422
13717	13690
13717	22003
41460	12422
41460	22003
41460	22847
12427	12423
12429	12430
12429	12431
12429	36329
12430	12429
12430	12442
12430	12713
12430	12743
12431	12429
12431	12432
12431	36328
36329	12429
36329	36330
12442	12430
12442	12441
12442	12515
12713	12430
12713	12712
12713	12714
12743	12430
12743	12726
12743	12734
12743	36330
12432	12431
12432	12433
12432	12721
36328	12431
36328	12744
12433	12432
12433	12434
12721	12432
12721	12720
12721	12722
12434	12433
12434	12435
12434	12578
12434	12580
12437	12436
12437	12438
12437	12516
12438	12437
12438	12439
12438	12515
12439	12438
12439	12440
12515	12438
12515	12442
12515	12516
12515	12549
12440	12439
12440	12441
12441	12440
12441	12442
12450	12443
12450	12447
12450	12449
12450	12514
12518	12443
12518	12514
12518	12517
12518	12520
12445	12444
12445	12446
12447	12446
12447	12448
12447	12450
12448	12447
12448	12449
12449	12448
12449	12450
12454	12452
12454	12453
12454	12455
12454	12456
12456	12454
12456	12457
12456	12459
12458	12455
12458	12459
12458	12493
12458	12497
12459	12456
12459	12458
12459	12460
12459	12490
12493	12458
12493	12492
12493	12494
12493	12496
12497	12458
12497	12486
12497	12496
12497	12502
12490	12459
12490	12487
12490	12488
12463	12461
12463	12462
13032	12461
13032	13033
13032	37894
13074	12461
13074	13001
13074	13065
12474	12464
12474	12472
12466	12467
12466	12468
12466	12964
12466	12965
12964	12466
12964	12963
12964	12986
12965	12466
12965	12966
12952	12467
12952	12953
12952	12963
12952	12997
12469	12468
12469	12470
12472	12473
12472	12474
12472	12481
12473	12472
12473	12475
12473	12485
12481	12472
12481	12482
12481	12484
12476	12477
12476	12480
12476	28395
12477	12476
12477	12478
12477	38712
12480	12476
12480	12479
28395	12476
28395	28393
28395	28396
28395	28397
12478	12477
12478	12479
12478	41182
38712	12477
38712	38711
38712	40192
12479	12478
12479	12480
12479	41189
41182	12478
41182	41183
41189	12479
12484	12481
12484	12485
13004	12483
13004	13003
13004	13005
13004	36031
12487	12486
12487	12488
12487	12490
13133	12489
13133	12854
13133	13132
13133	13135
12501	12491
12501	12500
12501	12525
12501	12528
12498	12492
12498	12496
12498	12499
12498	12505
12496	12493
12496	12497
12496	12498
12496	12503
12495	12494
12503	12496
12503	12502
12503	12509
12502	12497
12502	12500
12502	12503
12505	12498
12505	12504
12505	12508
12505	12521
12504	12499
12504	12505
12504	12506
12504	12524
12500	12501
12500	12502
12500	12509
12500	12529
12509	12500
12509	12503
12509	12508
12509	12530
12529	12500
12529	12528
12529	12530
12528	12501
12528	12527
12528	12529
12528	12537
12506	12504
12506	12507
12506	12511
12524	12504
12524	12511
12524	12523
12524	12541
12508	12505
12508	12509
12508	12522
12521	12505
12521	12522
12521	12523
12521	12534
12511	12506
12511	12510
12511	12524
12512	12507
12512	12510
12512	12517
12512	12543
12522	12508
12522	12521
12522	12530
12522	12531
12530	12509
12530	12522
12530	12529
12530	12532
12530	12538
12510	12511
12510	12512
12510	12542
12542	12510
12542	12540
12517	12512
12517	12513
12517	12518
12543	12512
12543	12520
12543	12544
12549	12515
12549	12547
12549	12714
12519	12516
12519	12520
12519	12546
12520	12518
12520	12519
12520	12543
12520	12546
12546	12519
12546	12520
12546	12545
12546	12548
12523	12521
12523	12524
12523	12551
12534	12521
12534	12533
12534	12551
12531	12522
12531	12532
12531	12533
12531	12561
12551	12523
12551	12534
12551	12541
12541	12524
12541	12540
12541	12551
12541	12552
12527	12525
12527	12526
12527	12528
12527	12536
13132	12526
13132	12536
13132	12857
13132	13133
12536	12527
12536	12535
12536	12913
12536	13132
12537	12528
12537	12535
12537	12538
12532	12530
12532	12531
12532	12539
12532	12562
12538	12530
12538	12537
12538	12539
12533	12531
12533	12534
12533	12552
12533	12567
12561	12531
12561	12560
12539	12532
12539	12535
12539	12538
12539	12565
12539	13136
12562	12532
12562	12559
12562	12564
12552	12533
12552	12541
12552	12554
12567	12533
12567	12560
12567	12566
12567	13149
12535	12536
12535	12537
12535	12539
12535	13136
13136	12535
13136	12539
13136	12913
13136	13145
12913	12536
12913	12856
12913	12857
12913	12912
12913	13136
12913	13144
12913	13145
12565	12539
12565	12563
12565	12564
12540	12541
12540	12542
12540	12544
12544	12540
12544	12543
12544	12545
12545	12544
12545	12546
12545	12550
12550	12545
12550	12548
12550	12555
12550	12556
12548	12546
12548	12547
12548	12550
12548	12568
12547	12548
12547	12549
12547	12577
12577	12547
12577	12575
12577	12712
12577	12731
12568	12548
12568	12556
12568	12574
12568	12581
12714	12549
12714	12713
12555	12550
12555	12553
12555	12557
12556	12550
12556	12557
12556	12568
12556	12572
12554	12552
12554	12553
12554	12566
12553	12554
12553	12555
12553	12569
12569	12553
12569	12557
12569	12566
12566	12554
12566	12567
12566	12569
12566	12571
12557	12555
12557	12556
12557	12569
12572	12556
12572	12570
12572	12573
12572	12582
12558	12559
12558	12560
12558	13150
12559	12558
12559	12562
12559	12563
12559	13147
12560	12558
12560	12561
12560	12567
13150	12558
12563	12559
12563	12565
12563	13145
12563	13153
13147	12559
13147	13146
13147	13151
13147	13156
12564	12562
12564	12565
13145	12563
13145	12913
13145	13136
13145	13143
13153	12563
13153	13151
12571	12566
12571	12570
12571	13149
12571	13158
13149	12567
13149	12571
13149	13146
13149	13159
12574	12568
12574	12575
12574	12733
12581	12568
12581	12570
12581	12730
12581	12747
12570	12571
12570	12572
12570	12581
12570	12746
12746	12570
12746	12745
12746	13163
12746	13164
13158	12571
13158	13159
13158	13164
13158	13173
13158	13177
12573	12572
12582	12572
12575	12574
12575	12576
12575	12577
12733	12574
12733	12730
12733	12732
12576	12575
12712	12577
12712	12713
12712	12735
12731	12577
12731	12729
12731	12732
12591	12578
12591	12590
12591	15682
12592	12578
12592	12588
12592	36364
12730	12581
12730	12729
12730	12733
12730	12736
12747	12581
12747	12737
12747	12745
12584	12585
12584	12587
12584	13636
12584	13639
12585	12584
12585	12586
12585	12588
12587	12584
12587	12586
12587	13618
12587	13620
13636	12584
13636	13600
13636	13618
13639	12584
13639	13638
13639	13640
12586	12585
12586	12587
12586	13620
12586	36362
12588	12585
12588	12589
12588	12592
12588	13269
13620	12586
13620	12587
13620	13617
36362	12586
36362	36363
36362	36367
36362	37621
13618	12587
13618	13619
13618	13636
12589	12588
12589	12590
12589	12630
12589	12633
12589	12785
13269	12588
13269	13268
13269	13270
13269	13470
12590	12589
12590	12591
12590	36040
12630	12589
12630	12631
12630	12657
12630	12786
12633	12589
12633	12632
12633	36040
12785	12589
12785	12786
12785	13268
36040	12590
36040	12609
36040	12633
36040	37272
15682	12591
15682	15683
15682	23194
36364	12592
36364	36363
12594	12593
12594	12595
12594	35972
35973	12593
35973	35972
35973	35974
12595	12594
12595	12596
12595	35971
35972	12594
35972	35973
12596	12595
12596	12597
35971	12595
35971	12597
12598	12599
12598	12602
12598	12875
12598	12876
12599	12598
12599	12600
12599	12783
12599	12784
12602	12598
12602	12601
12602	12638
12602	12640
12875	12598
12875	12635
12875	37578
12876	12598
12876	12636
12600	12599
12600	12601
12600	12707
12783	12599
12783	12782
12783	12803
12784	12599
12784	12779
12784	37577
12601	12600
12601	12602
12707	12600
12707	12706
12707	12708
12638	12602
12638	12637
12638	12639
12640	12602
12640	12641
12640	37602
12603	12604
12603	12605
12603	12616
12603	12618
12604	12603
12604	12608
12604	42213
12605	12603
12605	12606
12605	35975
12616	12603
12616	12615
12616	12617
12616	37573
12618	12603
12618	12617
12618	12619
42213	12604
12606	12605
12606	12607
12606	35974
35975	12605
35975	35976
35975	37573
12607	12606
12607	12608
35974	12606
35974	12614
35974	35973
42214	12608
12609	12610
12609	12611
12609	36040
12610	12609
12610	12613
12610	23194
12611	12609
12611	12612
12611	36327
23194	12610
23194	15682
23194	23195
12612	12611
12612	12613
12612	36326
36327	12611
36327	12790
12614	35974
12615	12616
12615	12619
12615	37571
12619	12615
12619	12618
12619	37572
37571	12615
37571	36340
37571	37570
12617	12616
12617	12618
37573	12616
37573	35975
37572	12619
37572	37548
37572	37570
12620	12621
12620	12624
12620	37554
12620	37555
12621	12620
12621	12622
12621	12642
12621	12797
12624	12620
12624	12623
37554	12620
37554	12645
37555	12620
37555	37556
37555	37575
37555	37596
12622	12621
12622	12623
12622	12704
12622	12705
12642	12621
12642	12641
12642	12643
12642	37597
12797	12621
12797	12644
12623	12622
12623	12624
12623	37570
12704	12622
12704	12703
12704	12709
12704	12711
12705	12622
12705	12706
12705	37597
37570	12623
37570	37571
37570	37572
12631	12630
12631	12632
12631	12660
12657	12630
12657	12658
12657	12789
12786	12630
12786	12785
12786	12787
12786	36032
12632	12631
12632	12633
12632	36384
12660	12631
12660	12659
36384	12632
36384	13677
12634	12635
12634	12652
12634	37603
12635	12634
12635	12636
12635	12875
12652	12634
12652	12651
12652	37565
37603	12634
37603	12877
37603	37563
37603	37565
12636	12635
12636	12637
12636	12876
12637	12636
12637	12638
12639	12638
12641	12640
12641	12642
12641	37598
37602	12640
37602	37598
37598	12641
37598	12706
37598	37602
12643	12642
12643	12644
37597	12642
37597	12705
12644	12643
12644	12645
12644	12797
12645	12644
12645	12646
12645	37554
12646	12645
12646	12647
12647	12646
12647	12648
12647	12674
12648	12647
12648	12649
12648	12778
12674	12647
12674	12675
12674	12679
12649	12648
12649	12650
12649	12777
12778	12648
12778	12651
12778	12777
12650	12649
12650	12651
12777	12649
12777	12778
12651	12650
12651	12652
12651	12778
37565	12652
37565	37564
37565	37603
12654	12653
12654	12656
12654	37272
12655	12653
12655	12656
12655	33768
12656	12654
12656	12655
37272	12654
37272	12679
37272	36040
37272	37549
33768	12655
33768	33767
12658	12657
12658	12659
12658	13635
12789	12657
12789	12788
12789	13635
12659	12658
12659	12660
12659	36382
13635	12658
13635	12789
13635	13634
36382	12659
36382	36383
12662	12663
12662	12668
12662	13706
12663	12662
12663	12664
12663	13650
12663	13705
12668	12662
12668	12667
12668	13730
13706	12662
13706	13705
13706	13707
12664	12663
12664	12665
12664	13651
13650	12663
13650	13651
13650	13652
13705	12663
13705	13706
13705	13716
12665	12664
12665	12666
12665	13742
13651	12664
13651	13650
13651	13653
13651	13741
12666	12665
12666	12667
12666	13737
13742	12665
13742	13741
13742	13743
12667	12666
12667	12668
12667	13735
13737	12666
13737	13735
13737	13738
13735	12667
13735	13730
13735	13736
13735	13737
13730	12668
13730	13731
13730	13735
12669	12670
12669	38694
12670	12669
12670	38694
38694	12669
38694	12670
38694	38693
12671	12672
12671	12673
42252	12672
42252	40590
42252	42370
40131	12673
40131	40013
40131	42370
12675	12674
12675	12676
12679	12674
12679	12678
12679	37272
12676	12675
12676	12677
12676	37558
12677	12676
12677	12678
37558	12676
37558	37545
37558	37557
12678	12677
12678	12679
12678	37544
37544	12678
37544	37542
37544	37545
12680	12681
12680	13534
12681	12680
12681	13529
13534	12680
13534	13533
13534	19207
13529	12681
13529	13530
13529	19207
12682	12683
12682	12684
12682	29451
12683	12682
12683	12699
12683	29452
12684	12682
12684	12685
12684	13999
12684	14020
29451	12682
29451	29446
29451	36148
29451	40216
12699	12683
12699	12698
12699	29457
29452	12683
29452	29449
29452	29453
12685	12684
12685	12686
12685	13998
13999	12684
13999	13998
13999	14000
14020	12684
14020	14000
14020	36148
12686	12685
12686	12687
12686	13006
12686	27162
13998	12685
13998	13997
13998	13999
13998	36146
12687	12686
12687	12688
12687	27241
13006	12686
13006	13007
13006	13030
13006	27159
13006	36146
27162	12686
27162	27161
27162	36145
12688	12687
12688	12689
27241	12687
27241	26805
27241	27090
27241	27242
12689	12688
12689	12690
12689	29400
12690	12689
12690	12691
12690	29403
29400	12689
29400	29399
29400	29401
12691	12690
12691	12692
12691	29414
29403	12690
29403	29399
29403	29404
12692	12691
12692	12693
12692	29422
29414	12691
29414	29413
29414	29415
12693	12692
12693	12694
12693	29421
29422	12692
12694	12693
12694	12695
12694	29420
29421	12693
12695	12694
12695	12696
12695	29449
29420	12694
29420	29418
12696	12695
12696	12697
12696	29458
29449	12695
29449	29448
29449	29452
12697	12696
12697	12698
12697	29460
29458	12696
29458	12698
29458	29460
12698	12697
12698	12699
12698	29458
29460	12697
29460	29458
29457	12699
12700	12701
12700	12708
12700	36369
12700	36370
12701	12700
12701	12702
12701	12805
12701	36343
12708	12700
12708	12707
12708	12804
36369	12700
36369	36368
36369	36386
36370	12700
36370	12803
36370	36371
12702	12701
12702	12703
12702	12808
12805	12701
12805	12806
12805	12808
36343	12701
36343	36344
12703	12702
12703	12704
12703	36337
12808	12702
12808	12805
12808	12806
36337	12703
36337	36338
12709	12704
12709	12710
12709	36342
12711	12704
12711	12710
12711	37576
12706	12705
12706	12707
12706	37598
12804	12708
12804	12803
12710	12709
12710	12711
36342	12709
36342	36341
36342	37576
37576	12711
37576	36342
12735	12712
12735	12734
12715	12716
12715	12727
12715	12728
12716	12715
12716	12717
12716	12754
12727	12715
12727	12726
12727	12754
12727	12757
12728	12715
12717	12716
12717	12718
12717	12775
12754	12716
12754	12727
12754	12773
12718	12717
12718	12719
12718	12771
12775	12717
12719	12718
12719	12720
12771	12718
12771	12770
12771	12772
12720	12719
12720	12721
12722	12721
12722	12723
12723	12722
12723	12724
12723	12744
12724	12723
12724	12725
12724	12744
12744	12723
12744	12724
12744	36328
12725	12724
12725	12726
12726	12725
12726	12727
12726	12742
12726	12743
12742	12726
12742	12734
12742	12738
12742	12757
12757	12727
12757	12742
12757	12756
12729	12730
12729	12731
12729	12734
12729	12739
12734	12729
12734	12735
12734	12742
12734	12743
12739	12729
12739	12738
12739	12740
12736	12730
12736	12737
12736	12741
12732	12731
12732	12733
12737	12736
12737	12738
12737	12747
12741	12736
12741	12740
12738	12737
12738	12739
12738	12742
12738	12755
12755	12738
12755	12756
12755	12759
12740	12739
12740	12741
36330	12743
36330	36329
12745	12746
12745	12747
12745	12758
12758	12745
12758	12759
12758	12761
12758	13178
13163	12746
13163	13162
13163	13178
13164	12746
13164	13158
13164	13161
12748	12749
12748	12750
12748	12772
12748	13582
12749	12748
12749	12753
12749	13580
12750	12748
12750	12751
12750	12774
13582	12748
13582	13583
13582	13600
13582	13616
12772	12748
12772	12767
12772	12771
12772	12774
12753	12749
12753	12752
12753	13576
13580	12749
13580	13576
13580	13581
13580	13583
12751	12750
12751	12752
12751	12756
12774	12750
12774	12772
12774	12773
12752	12751
12752	12753
12752	12764
12752	13577
12756	12751
12756	12755
12756	12757
12756	12764
12764	12752
12764	12756
12764	12763
12764	12765
13577	12752
13577	12763
13577	13575
13577	13576
13576	12753
13576	13577
13576	13578
13576	13580
12773	12754
12773	12774
12773	12776
12759	12755
12759	12758
12759	12765
12761	12758
12761	12760
12761	13572
13178	12758
13178	13163
13178	13570
12765	12759
12765	12764
12760	12761
12760	12762
12760	13571
12762	12760
12762	12763
13571	12760
13571	12763
13571	13572
13571	13575
13572	12761
13572	13568
13572	13571
13572	13573
12763	12762
12763	12764
12763	13571
12763	13577
12766	12767
12766	12768
12767	12766
12767	12772
12767	13617
12768	12766
12768	12769
12768	36365
13617	12767
13617	13616
13617	13620
13617	37621
12769	12768
12769	12770
36365	12768
36365	12770
36365	36366
12770	12769
12770	12771
12770	36365
12776	12773
12779	12780
12779	12784
12779	13661
12779	13671
12780	12779
12780	12781
12780	13669
13661	12779
13661	13662
13661	13670
13661	36373
13671	12779
13671	13670
13671	37562
12781	12780
12781	12782
13669	12780
13669	13668
13669	36372
12782	12781
12782	12783
12782	36372
36372	12782
36372	13669
12803	12783
12803	12804
12803	36370
37577	12784
37577	12878
37577	37579
13268	12785
13268	13239
13268	13269
12787	12786
12787	12788
12787	37686
36032	12786
36032	13698
36032	36033
12788	12787
12788	12789
12788	13621
12788	13684
37686	12787
37686	13684
37686	13716
37686	13820
13621	12788
13621	13622
13621	13684
13621	13820
13684	12788
13684	13621
13684	37686
12791	12790
12791	12792
12792	12791
12792	12793
12795	12793
12795	12796
12796	12794
12796	12795
33767	12794
33767	33768
12798	12799
12798	12802
12798	13632
12799	12798
12799	12800
12799	13631
12802	12798
12802	12801
12802	12837
13632	12798
13632	13633
13632	13634
13632	36394
12800	12799
12800	12801
12800	12818
12800	13631
13631	12799
13631	12800
13631	13630
12801	12800
12801	12802
12801	12825
12818	12800
12818	12817
12818	12825
12818	13648
12818	13649
12825	12801
12825	12818
12825	12824
12837	12802
12837	12836
12837	12925
12806	12805
12806	12807
12806	12808
12807	12806
12809	12810
12809	12816
12809	13666
12809	36344
12809	36385
12810	12809
12810	12811
12810	36345
12816	12809
12816	12815
12816	36344
36385	12809
36385	36391
36344	12809
36344	12816
36344	36338
36344	36343
13666	12809
13666	13665
13666	13667
12811	12810
12811	12812
12811	36354
36345	12810
36345	36346
12812	12811
12812	12813
12812	36335
36354	12811
36354	36353
12813	12812
12813	12814
12813	36333
36335	12812
36335	36336
12814	12813
12814	12815
12814	12826
12814	35978
36333	12813
36333	36334
12815	12814
12815	12816
12815	12826
12815	36339
12826	12814
12826	12815
12826	35977
12826	36332
36339	12815
36339	36332
36339	36338
36339	36340
12817	12818
12817	12819
12817	13682
12819	12817
12819	12820
12819	13767
13682	12817
13682	13681
13682	13776
13648	12818
13648	13623
13648	13625
13648	13678
13649	12818
13649	13628
13649	13629
13649	13647
12820	12819
12820	12821
13767	12819
13767	13766
13767	13771
13767	13776
12821	12820
12821	12822
12821	13775
12822	12821
12822	12823
13775	12821
13775	13771
13775	41545
12823	12822
12823	12824
12823	12886
12824	12823
12824	12825
12824	12832
12886	12823
12886	12887
12886	13770
12832	12824
12832	12833
12832	12869
35977	12826
35977	35976
36332	12826
36332	36331
36332	36339
12827	12828
12827	12831
12827	36352
12827	36353
12828	12827
12828	12829
12828	37590
12831	12827
12831	12830
36352	12827
36352	36351
36352	37605
36353	12827
36353	36354
36353	37585
12829	12828
12829	12830
12829	37592
37590	12828
37590	37591
37590	37595
12830	12829
12830	12831
12830	37585
37592	12829
37592	37586
37585	12830
37585	36353
37585	37584
12833	12832
12833	12834
12833	12845
12869	12832
12869	12845
12869	12870
12834	12833
12834	12835
12834	12847
12845	12833
12845	12846
12845	12869
12845	12874
12835	12834
12835	12836
12847	12834
12847	12846
12847	12868
12836	12835
12836	12837
12836	12868
12868	12836
12868	12847
12868	12867
12868	12900
12925	12837
12925	12900
12925	12918
12838	12839
12838	12844
12838	12880
12839	12838
12839	12840
12839	12881
12844	12838
12844	12843
12844	37591
12844	37593
12880	12838
12880	12879
12880	12903
12880	37614
12840	12839
12840	12841
12881	12839
12881	12879
12881	37611
12841	12840
12841	12842
12841	12849
12842	12841
12842	12843
12842	12853
12849	12841
12849	12848
12849	37611
12843	12842
12843	12844
12843	12858
12853	12842
12853	12852
12853	12858
12858	12843
12858	12853
12858	41530
37593	12844
37593	37594
37593	37608
37591	12844
37591	37589
37591	37590
12846	12845
12846	12847
12846	12867
12874	12845
12874	12873
12867	12846
12867	12868
12867	12893
12848	12849
12848	12850
12848	12882
12850	12848
12850	12851
12850	12864
12850	12883
12882	12848
12882	12883
12882	37613
37611	12849
37611	12881
37611	37612
12851	12850
12851	12852
12851	12859
12864	12850
12864	12859
12864	12884
12883	12850
12883	12882
12883	37618
12852	12851
12852	12853
12852	12863
12852	12866
12859	12851
12859	12860
12859	12864
12863	12852
12863	12862
12863	12865
12866	12852
12866	12865
12866	41531
12854	12855
12854	12857
12854	13133
12854	13134
12855	12854
12855	12856
12855	12912
12855	13141
12857	12854
12857	12856
12857	12913
12857	13132
13134	12854
13134	13035
13134	13139
13134	13141
12856	12855
12856	12857
12856	12913
12912	12855
12912	12913
12912	13142
12912	13167
13141	12855
13141	13134
13141	13139
13141	13142
41530	12858
12860	12859
12860	12861
12861	12860
12861	12862
12861	12885
12862	12861
12862	12863
12885	12861
12885	12884
12885	12926
12865	12863
12865	12866
12865	41532
12884	12864
12884	12885
12884	37618
41532	12865
41531	12866
12893	12867
12893	12894
12893	37639
12900	12868
12900	12899
12900	12925
12870	12869
12870	12871
12870	12888
12871	12870
12871	12872
12871	13751
12888	12870
12888	12887
12888	13747
12888	13763
12872	12871
12872	12873
12872	13754
13751	12871
13751	13752
13751	13754
12873	12872
12873	12874
12873	37639
13754	12872
13754	12894
13754	13751
37639	12873
37639	12893
37578	12875
37578	37579
12877	12878
12877	37603
12878	12877
12878	37577
12879	12880
12879	12881
12879	12902
12902	12879
12902	12901
12902	12905
12903	12880
12903	12901
12903	12919
37614	12880
37614	37606
37614	37615
37613	12882
37613	37612
37613	37616
37618	12883
37618	12884
37618	37619
12926	12885
12926	12909
12926	12915
12887	12886
12887	12888
12887	13744
13770	12886
13770	13769
13770	13771
13744	12887
13744	13745
13744	13769
13747	12888
13747	13746
13747	13762
13763	12888
13763	13758
13763	13761
12889	12890
12889	12892
12889	12905
12890	12889
12890	12891
12890	12904
12892	12889
12892	12891
12905	12889
12905	12902
12905	37612
12891	12890
12891	12892
12891	12897
12904	12890
12904	12901
12904	12919
12897	12891
12897	12896
12897	12898
12897	12917
12894	12893
12894	12895
12894	13750
12894	13754
12895	12894
12895	12896
12895	13749
13750	12894
13750	12907
13750	13748
12896	12895
12896	12897
12896	13749
13749	12895
13749	12896
13749	12921
13749	13748
12898	12897
12898	12899
12917	12897
12917	12918
12917	12924
12899	12898
12899	12900
12899	12924
12924	12899
12924	12917
12901	12902
12901	12903
12901	12904
12919	12903
12919	12904
12919	12918
37612	12905
37612	37611
37612	37613
12906	12907
12906	12908
12906	13753
12907	12906
12907	12911
12907	13750
12908	12906
12908	12909
12908	13764
13753	12906
13753	13752
13753	13760
13753	37640
12911	12907
12911	12910
12911	12914
12911	13748
12909	12908
12909	12910
12909	12926
12910	12909
12910	12911
12910	12915
12915	12910
12915	12916
12915	12926
12914	12911
12914	12916
12914	12920
13748	12911
13748	12920
13748	13749
13748	13750
13142	12912
13142	13140
13142	13141
13142	13167
13167	12912
13167	13142
13167	13154
13167	13166
13144	12913
13144	13143
13144	13155
12916	12914
12916	12915
12916	12922
12920	12914
12920	12921
12920	13748
12922	12916
12922	12923
12922	37617
12918	12917
12918	12919
12918	12925
12921	12920
12921	12923
12921	13749
12923	12921
12923	12922
12923	37616
37617	12922
37616	12923
37616	37613
12927	12928
12927	12929
12927	18598
12927	18638
12927	18897
12927	19096
12928	12927
12928	12930
12928	18637
12929	12927
12929	12930
12929	18598
18598	12927
18598	12929
18598	18578
18598	18599
18638	12927
18638	18630
18638	18639
18897	12927
18897	18670
18897	18896
19096	12927
19096	18655
19096	18670
19096	19105
12930	12928
12930	12929
12930	18577
12930	18617
18637	12928
18637	18617
18637	18655
18577	12930
18577	18234
18577	18262
18577	18578
18617	12930
18617	18234
18617	18616
18617	18637
18617	18651
12934	12931
12934	12933
12934	12954
12933	12932
12933	12934
12933	12955
12955	12933
12955	12954
12955	12956
12954	12934
12954	12955
12954	12956
12954	12958
12954	13043
12960	12936
12960	12959
12960	12961
12938	12937
12940	12939
12942	12941
12942	12943
12942	12944
12945	12941
12945	12946
12945	12947
12945	12948
21928	12941
12943	12942
12944	12942
12946	12945
12947	12945
12948	12945
12948	12949
12948	12950
12949	12948
12963	12952
12963	12964
12963	12974
12963	13000
12997	12952
12997	12998
12997	12999
12997	13113
12998	12953
12998	12997
12998	13089
12998	13112
13084	12953
13084	13083
13084	13088
13084	13092
13087	12953
13087	13088
13087	13089
13043	12954
13043	12957
13043	12972
13043	13048
12972	12956
12972	12973
12972	13043
13048	12957
13048	13043
13048	13047
13048	13049
12991	12959
12991	12990
12991	13085
12974	12963
12974	12975
12974	13063
13000	12963
13000	12999
13000	13060
12986	12964
12986	12985
12966	12965
12966	12967
12966	12970
12966	12989
12970	12966
12970	12971
12970	12988
12989	12966
12989	12985
12989	12988
12969	43421
12988	12970
12988	12987
12988	12989
12988	12996
12973	12971
12973	12972
12973	12987
12987	12973
12987	12988
12987	13050
12975	12974
12975	12976
12975	13063
12975	13064
13063	12974
13063	12975
13063	13062
13063	13064
12976	12975
12976	12977
12976	12978
13064	12975
13064	13045
13064	13063
12977	12976
12978	12976
12978	12979
12978	13054
12979	12978
12979	12980
12979	12981
13054	12978
13054	13044
13054	13051
13054	13053
12980	12979
12981	12979
12981	12982
12981	12983
12982	12981
12983	12981
12983	12984
12983	12996
12983	13051
12984	12983
12984	12985
12996	12983
12996	12985
12996	12988
12996	13050
13051	12983
13051	13050
13051	13052
13051	13054
12985	12984
12985	12986
12985	12989
12985	12996
13050	12987
13050	12996
13050	13049
13050	13051
13085	12991
13085	13080
13085	13086
12992	12993
12992	12995
12992	13075
12992	27094
12993	12992
12993	12994
12993	13075
12995	12992
12995	12994
12995	36696
12995	36697
13075	12992
13075	12993
13075	13551
27094	12992
27094	27095
27094	36696
27094	40239
12994	12993
12994	12995
12994	16934
16934	12994
16934	16608
16934	16935
16934	36148
36696	12995
36696	27094
36696	36700
36697	12995
36697	36148
36697	36698
12999	12997
12999	13000
12999	13114
13113	12997
13113	13112
13113	13114
13113	13117
13089	12998
13089	13087
13089	13097
13089	13111
13112	12998
13112	13111
13112	13113
13112	13116
13112	13118
13112	13124
13114	12999
13114	13110
13114	13113
13114	13119
13060	13000
13060	13061
13060	13110
13001	13002
13001	13003
13001	13065
13001	13074
13003	13001
13003	13004
13003	36031
13065	13001
13065	13066
13065	13070
13065	13074
13066	13002
13066	13065
13066	13067
13066	13069
13066	13073
13007	13006
13007	13008
13007	38306
13030	13006
13030	13029
13030	27158
13030	27159
27159	13006
27159	13030
27159	27160
36146	13006
36146	13998
36146	29535
13008	13007
13008	13009
13008	16371
38306	13007
38306	38307
13009	13008
13009	13010
13009	16370
16371	13008
16371	16372
16371	38316
13010	13009
13010	13011
16370	13009
16370	16369
16370	38885
13011	13010
13011	13012
13011	38886
13011	40247
13012	13011
13012	13013
13012	40246
38886	13011
38886	38884
38886	38885
38886	40248
40247	13011
40247	40246
40247	40248
13013	13012
13013	13014
13013	18594
40246	13012
40246	40245
40246	40247
13014	13013
13014	13015
13014	18123
18594	13013
18594	18523
18594	18596
13015	13014
13015	13016
13015	18527
18123	13014
18123	18124
18123	18126
13016	13015
13016	13017
13016	13027
18527	13015
18527	13028
18527	18526
13017	13016
13017	13018
13017	13019
13027	13016
13027	13026
13027	13028
13018	13017
13019	13017
13019	13020
13019	22366
13020	13019
13020	13021
13020	22366
22366	13019
22366	13020
22366	22365
13021	13020
13021	13022
13021	22365
13022	13021
13022	13023
13022	22364
22365	13021
22365	22364
22365	22366
13023	13022
13023	13024
22364	13022
22364	22363
22364	22365
13024	13023
13024	13025
13025	13024
13025	13026
13025	22363
13026	13025
13026	13027
13026	22363
22363	13025
22363	13026
22363	22364
13028	13027
13028	13029
13028	18527
13029	13028
13029	13030
13029	19551
19551	13029
19551	18526
19551	19550
19551	27158
19551	40240
27158	13030
27158	19551
27158	27160
27158	40241
13034	13031
13034	13035
13034	13138
13034	13139
37894	13032
37894	13078
13038	13033
13038	13039
13035	13034
13035	13036
13035	13134
13138	13034
13138	13137
13138	13140
13138	13213
13139	13034
13139	13134
13139	13140
13139	13141
13135	13036
13135	13133
13040	13037
13040	13039
13040	13076
13103	13037
13103	13104
13103	13106
13103	13130
13077	13037
13077	13068
13077	13076
13077	13104
13039	13038
13039	13040
13039	13078
13078	13039
13078	13070
13078	13076
13078	37894
13076	13040
13076	13069
13076	13077
13076	13078
13042	13041
13044	13045
13044	13054
13045	13044
13045	13046
13045	13064
13046	13045
13046	13047
13046	13056
13046	13062
13047	13046
13047	13048
13047	13056
13056	13046
13056	13047
13056	13055
13056	13072
13062	13046
13062	13061
13062	13063
13062	13100
13062	13102
13049	13048
13049	13050
13052	13051
13052	13053
13053	13052
13053	13054
13055	13056
13055	13057
13055	13073
13073	13055
13073	13066
13073	37620
13072	13056
13072	13071
13072	13098
13072	13100
37620	13058
37620	13073
13059	29454
29454	13059
29454	16367
29454	29455
13061	13060
13061	13062
13061	13101
13061	13109
13110	13060
13110	13109
13110	13114
13110	13120
13101	13061
13101	13102
13101	13105
13101	13108
13109	13061
13109	13108
13109	13110
13109	13310
13102	13062
13102	13099
13102	13101
13102	13107
13100	13062
13100	13072
13100	13099
13070	13065
13070	13069
13070	13078
13069	13066
13069	13068
13069	13070
13069	13076
13067	13066
13067	13068
13067	13071
13068	13067
13068	13069
13068	13077
13068	13098
13071	13067
13071	13072
13098	13068
13098	13072
13098	13099
13098	13104
13551	13075
13551	13548
13551	13550
13551	27101
13104	13077
13104	13098
13104	13103
13104	13107
13081	13080
13081	13082
13083	13084
13083	13086
13083	13091
13086	13083
13086	13085
13086	13090
13088	13084
13088	13087
13088	13094
13088	13095
13094	13088
13094	13093
13094	13096
13095	13088
13095	13096
13095	13097
13095	13287
13097	13089
13097	13095
13097	13115
13111	13089
13111	13112
13111	13115
13285	13093
13285	13284
13285	13293
13096	13094
13096	13095
13096	13286
13287	13095
13287	13115
13287	13127
13287	13286
13286	13096
13286	13284
13286	13287
13115	13097
13115	13111
13115	13116
13115	13287
13099	13098
13099	13100
13099	13102
13105	13101
13105	13106
13105	13129
13105	13130
13108	13101
13108	13109
13108	13128
13108	13320
13107	13102
13107	13104
13107	13106
13106	13103
13106	13105
13106	13107
13129	13105
13129	13128
13129	13131
13129	13196
13128	13108
13128	13129
13128	13197
13320	13108
13320	13316
13320	13478
13310	13109
13310	13120
13310	13315
13120	13110
13120	13119
13120	13310
13120	13314
13116	13112
13116	13115
13116	13127
13118	13112
13118	13117
13118	13123
13124	13112
13124	13125
13124	13126
13117	13113
13117	13118
13117	13119
13117	13311
13119	13114
13119	13117
13119	13120
13119	13312
13127	13116
13127	13126
13127	13287
13127	13297
13311	13117
13311	13123
13311	13312
13311	13324
13123	13118
13123	13121
13123	13311
13312	13119
13312	13311
13312	13314
13312	13325
13314	13120
13314	13312
13314	13315
13314	13323
13121	13122
13121	13123
13121	13324
13121	13327
13122	13121
13122	13125
13122	13304
13122	13333
13324	13121
13324	13311
13324	13325
13324	13326
13327	13121
13327	13326
13327	13336
13125	13122
13125	13124
13125	13305
13304	13122
13304	13303
13304	13305
13304	13335
13333	13122
13333	13334
13333	13337
13126	13124
13126	13127
13126	13306
13305	13125
13305	13304
13305	13306
13306	13126
13306	13300
13306	13305
13297	13127
13297	13284
13297	13296
13197	13128
13197	13196
13197	13319
13196	13129
13196	13197
13196	13200
13208	13137
13208	13209
13208	13210
13208	13239
13140	13138
13140	13139
13140	13142
13140	13194
13140	13214
13213	13138
13213	13212
13213	13214
13194	13140
13194	13166
13194	13192
13214	13140
13214	13192
13214	13213
13214	13215
13143	13144
13143	13145
13143	13152
13152	13143
13152	13151
13152	13154
13152	13157
13155	13144
13155	13154
13146	13147
13146	13148
13146	13149
13148	13146
13156	13147
13156	13157
13156	13159
13156	13170
13151	13147
13151	13152
13151	13153
13159	13149
13159	13156
13159	13158
13159	13173
13154	13152
13154	13155
13154	13167
13157	13152
13157	13156
13157	13165
13157	13168
13170	13156
13170	13168
13170	13172
13165	13157
13165	13166
13165	13169
13168	13157
13168	13169
13168	13170
13168	13175
13173	13158
13173	13159
13173	13171
13173	13176
13177	13158
13177	13161
13177	13176
13177	13180
13160	13161
13160	13162
13160	13181
13161	13160
13161	13164
13161	13177
13161	13179
13162	13160
13162	13163
13162	13569
13181	13160
13181	13179
13181	13187
13181	13569
13179	13161
13179	13180
13179	13181
13569	13162
13569	13181
13569	13568
13569	13586
13166	13165
13166	13167
13166	13193
13166	13194
13169	13165
13169	13168
13169	13193
13169	13195
13193	13166
13193	13169
13193	13191
13175	13168
13175	13174
13175	13195
13175	13216
13195	13169
13195	13175
13195	13191
13172	13170
13172	13171
13172	13174
13172	13250
13171	13172
13171	13173
13171	13183
13183	13171
13183	13182
13183	13252
13174	13172
13174	13175
13174	13244
13174	13246
13250	13172
13250	13249
13250	13252
13176	13173
13176	13177
13176	13182
13244	13174
13244	13243
13244	13245
13244	13256
13246	13174
13246	13245
13246	13251
13216	13175
13216	13217
13216	13243
13182	13176
13182	13180
13182	13183
13182	13185
13180	13177
13180	13179
13180	13182
13180	13184
13570	13178
13570	13568
13184	13180
13184	13185
13184	13186
13184	13254
13187	13181
13187	13186
13187	13585
13187	13586
13185	13182
13185	13184
13185	13252
13185	13253
13252	13183
13252	13185
13252	13250
13186	13184
13186	13187
13186	13584
13254	13184
13254	13253
13254	13277
13254	13584
13253	13185
13253	13249
13253	13254
13253	13273
13584	13186
13584	13254
13584	13585
13584	13593
13585	13187
13585	13584
13585	13588
13585	13590
13586	13187
13586	13569
13586	13574
13586	13588
13188	13189
13188	13190
13188	38794
13189	13188
13189	13190
13189	38308
13190	13188
13190	13189
13190	38307
38794	13188
38794	38307
38794	41277
38308	13189
38308	38309
38308	40295
38307	13190
38307	38306
38307	38794
13191	13192
13191	13193
13191	13195
13191	13217
13192	13191
13192	13194
13192	13214
13192	13219
13217	13191
13217	13216
13217	13218
13219	13192
13219	13215
13219	13218
13219	13222
13200	13196
13200	13201
13319	13197
13319	13198
13319	13201
13198	13199
13198	13203
13198	13319
13203	13198
13203	13202
13203	13204
13318	13199
13318	13317
13318	13450
13318	13455
13318	13456
13201	13200
13201	13202
13201	13319
13202	13201
13202	13203
13204	13203
13205	13206
13205	13207
13205	34037
13206	13205
13206	13207
13206	34211
13207	13205
13207	13206
13207	34103
34037	13205
34037	32268
34037	34038
34211	13206
34211	34082
34211	34212
34103	13207
34103	34101
34103	34213
13210	13208
13210	13211
13210	13260
13210	13449
13239	13208
13239	13238
13239	13268
13239	13270
13240	13209
13240	13241
13240	13469
13459	13209
13459	13458
13459	13466
13211	13210
13211	13212
13211	13220
13449	13210
13449	13267
13449	13448
13260	13210
13260	13220
13260	13259
13260	13264
13212	13211
13212	13213
13212	13215
13220	13211
13220	13215
13220	13222
13220	13260
13215	13212
13215	13214
13215	13219
13215	13220
13243	13216
13243	13218
13243	13244
13218	13217
13218	13219
13218	13223
13218	13243
13223	13218
13223	13221
13223	13256
13222	13219
13222	13220
13222	13221
13221	13222
13221	13223
13221	13258
13221	13259
13258	13221
13258	13256
13258	13257
13258	13259
13259	13221
13259	13258
13259	13260
13259	13261
13259	13264
13256	13223
13256	13244
13256	13258
13224	13225
13224	13226
13224	28483
13225	13224
13225	13236
13225	13237
13226	13224
13226	13227
13226	28482
28483	13224
28483	28416
28483	28482
13236	13225
13236	13235
13236	28416
13237	13225
13227	13226
13227	13228
13227	18074
13227	29514
28482	13226
28482	28415
28482	28483
13228	13227
13228	13229
13228	29513
13228	29515
29514	13227
29514	29515
29514	29536
18074	13227
18074	17815
18074	18058
18074	18059
13229	13228
13229	13230
13229	29498
29513	13228
29513	29476
29513	29500
29515	13228
29515	29514
29515	29537
13230	13229
13230	13231
13230	29512
29498	13229
29498	29499
29498	29500
13231	13230
13231	13232
13231	43099
29512	13230
29512	29511
29512	43099
13232	13231
13232	13233
13232	43101
43099	13231
43099	29512
43099	43098
13233	13232
13233	13234
13233	43100
43101	13232
43101	43098
13234	13233
13234	13235
13234	43095
43100	13233
43100	43097
13235	13234
13235	13236
13235	28417
43095	13234
43095	43096
28417	13235
28417	28418
28417	43096
28416	13236
28416	28415
28416	28483
13238	13239
13238	13242
13238	13522
13238	13560
13242	13238
13242	13241
13242	13461
13242	13462
13242	13522
13522	13238
13522	13242
13522	13521
13522	13523
13522	13553
13560	13238
13560	13553
13560	13968
13560	13969
13270	13239
13270	13269
13270	13281
13270	13283
13241	13240
13241	13242
13241	13469
13469	13240
13469	13241
13469	13462
13469	38097
13461	13242
13461	13460
13461	13523
13462	13242
13462	13463
13462	13469
13245	13244
13245	13246
13245	13255
13245	13257
13255	13245
13255	13251
13255	13257
13255	13263
13257	13245
13257	13255
13257	13258
13257	13261
13251	13246
13251	13248
13251	13255
13247	13248
13247	13249
13247	13271
13248	13247
13248	13251
13248	13263
13248	13275
13249	13247
13249	13250
13249	13253
13271	13247
13271	13272
13271	13274
13263	13248
13263	13255
13263	13262
13263	13278
13275	13248
13275	13274
13275	13279
13273	13253
13273	13272
13273	13276
13273	13658
13277	13254
13277	13276
13277	13654
13277	13657
13261	13257
13261	13259
13261	13262
13261	13265
13264	13259
13264	13260
13264	13267
13262	13261
13262	13263
13262	13265
13265	13261
13265	13262
13265	13266
13265	13278
13278	13263
13278	13265
13278	13279
13267	13264
13267	13266
13267	13449
13266	13265
13266	13267
13266	13279
13266	13448
13279	13266
13279	13275
13279	13278
13279	13283
13448	13266
13448	13283
13448	13449
13470	13269
13470	13471
13470	13613
13470	13656
13281	13270
13281	13282
13283	13270
13283	13279
13283	13448
13272	13271
13272	13273
13272	13280
13274	13271
13274	13275
13274	13280
13274	13282
13280	13272
13280	13274
13280	13282
13280	13658
13276	13273
13276	13277
13276	13660
13658	13273
13658	13280
13658	13660
13282	13274
13282	13280
13282	13281
13282	13471
13660	13276
13660	13657
13660	13658
13654	13277
13654	13593
13654	13655
13657	13277
13657	13655
13657	13656
13657	13660
13471	13282
13471	13470
13471	13659
13284	13285
13284	13286
13284	13297
13293	13285
13293	13291
13293	13294
13288	13289
13288	13290
13288	13302
13289	13288
13289	13292
13289	13298
13290	13288
13290	13291
13290	13300
13302	13288
13302	13301
13302	13307
13291	13290
13291	13292
13291	13293
13291	13296
13300	13290
13300	13296
13300	13306
13296	13291
13296	13297
13296	13300
13295	13292
13295	13294
13295	13299
13294	13293
13294	13295
13294	36357
13307	13298
13307	13302
13307	13309
13307	13359
13301	13302
13301	13303
13301	13308
13303	13301
13303	13304
13303	13332
13308	13301
13308	13309
13308	13331
13308	13340
13332	13303
13332	13331
13335	13304
13335	13331
13335	13334
13309	13307
13309	13308
13309	13359
13309	13365
13309	13367
13331	13308
13331	13332
13331	13335
13340	13308
13340	13339
13340	13367
13365	13309
13365	13362
13365	13366
13365	13368
13367	13309
13367	13340
13367	13368
13367	36361
13315	13310
13315	13314
13315	13322
13325	13312
13325	13323
13325	13324
13325	13328
13323	13314
13323	13322
13323	13325
13323	13330
13322	13315
13322	13323
13322	13329
13316	13317
13316	13320
13316	13321
13316	13452
13317	13316
13317	13318
13317	13321
13321	13316
13321	13317
13321	13451
13321	13452
13452	13316
13452	13321
13452	13451
13452	13478
13450	13318
13450	13457
13456	13318
13456	13445
13456	13451
13456	13460
13456	13478
13456	13488
13455	13318
13455	13453
13455	13454
13478	13320
13478	13352
13478	13451
13478	13452
13478	13456
13451	13321
13451	13452
13451	13456
13451	13478
13329	13322
13329	13330
13329	13344
13330	13323
13330	13328
13330	13329
13330	13343
13326	13324
13326	13327
13326	13328
13326	13342
13328	13325
13328	13326
13328	13330
13328	13341
13342	13326
13342	13336
13342	13341
13342	13348
13336	13327
13336	13337
13336	13342
13336	13347
13341	13328
13341	13342
13341	13343
13341	13349
13344	13329
13344	13343
13343	13330
13343	13341
13343	13344
13343	13352
13334	13333
13334	13335
13334	13338
13337	13333
13337	13336
13337	13338
13337	13345
13338	13334
13338	13337
13338	13339
13338	13346
13347	13336
13347	13345
13347	13348
13347	13357
13345	13337
13345	13346
13345	13347
13345	13358
13339	13338
13339	13340
13339	13377
13346	13338
13346	13345
13346	13376
13346	13395
13377	13339
13377	13378
13349	13341
13349	13348
13349	13353
13349	13355
13348	13342
13348	13347
13348	13349
13348	13356
13352	13343
13352	13351
13352	13446
13352	13478
13358	13345
13358	13357
13358	13395
13358	13397
13376	13346
13376	13374
13376	13404
13395	13346
13395	13358
13395	13400
13395	13404
13357	13347
13357	13356
13357	13358
13357	13396
13356	13348
13356	13355
13356	13357
13356	13398
13353	13349
13353	13354
13355	13349
13355	13354
13355	13356
13355	13399
13350	13351
13350	13354
13350	13399
13351	13350
13351	13352
13351	13476
13354	13350
13354	13353
13354	13355
13399	13350
13399	13355
13399	13398
13399	13477
13476	13351
13476	13472
13476	13477
13476	13490
13446	13352
13446	13445
13446	13447
13398	13356
13398	13396
13398	13399
13398	13474
13396	13357
13396	13397
13396	13398
13396	13475
13397	13358
13397	13396
13397	13400
13397	13405
13397	13407
13362	13360
13362	13361
13362	13365
13363	13360
13363	13364
13363	36360
13366	13361
13366	13365
13368	13365
13368	13367
13368	13370
36361	13367
36361	13370
36361	13378
13370	13368
13370	13369
13370	13373
13370	36361
13383	13369
13383	13372
13383	13382
13383	13385
13373	13370
13373	13371
13373	13372
13371	13372
13371	13373
13371	13375
13372	13371
13372	13373
13372	13383
13372	13386
13375	13371
13375	13374
13375	13378
13375	13388
13386	13372
13386	13384
13386	13387
13374	13375
13374	13376
13374	13388
13388	13374
13388	13375
13388	13387
13388	13404
13378	13375
13378	13377
13378	36361
13404	13376
13404	13388
13404	13395
13404	13401
13404	13416
13380	13379
13380	13381
13382	13379
13382	13383
13382	13389
13818	13379
13818	13389
13818	13819
13818	13826
13389	13382
13389	13390
13389	13818
13385	13383
13385	13384
13385	13390
13385	13391
13384	13385
13384	13386
13384	13394
13384	13415
13394	13384
13394	13393
13394	13417
13415	13384
13415	13414
13415	13416
13415	13417
13390	13385
13390	13389
13390	13392
13390	13819
13391	13385
13391	13392
13391	13393
13387	13386
13387	13388
13387	13416
13416	13387
13416	13404
13416	13415
13392	13390
13392	13391
13392	13825
13392	13841
13819	13390
13819	13818
13819	13825
13819	13827
13393	13391
13393	13394
13393	13424
13825	13392
13825	13819
13825	13828
13825	13840
13841	13392
13841	13424
13841	13840
13841	13844
13424	13393
13424	13423
13424	13427
13424	13841
13417	13394
13417	13415
13417	13418
13417	13423
13400	13395
13400	13397
13400	13403
13400	13406
13475	13396
13475	13473
13475	13474
13475	36296
13405	13397
13405	13406
13405	13407
13405	13409
13407	13397
13407	13405
13407	13408
13407	36296
13474	13398
13474	13472
13474	13475
13474	13477
13477	13399
13477	13474
13477	13476
13403	13400
13403	13402
13403	13413
13406	13400
13406	13405
13406	13412
13401	13402
13401	13404
13401	13414
13402	13401
13402	13403
13402	13410
13414	13401
13414	13415
13414	13418
13410	13402
13410	13411
13410	13413
13410	13419
13413	13403
13413	13410
13409	13405
13409	13408
13409	13429
13409	13434
13412	13406
13412	13411
13412	13430
13408	13407
13408	13409
13408	13434
13408	13473
36296	13407
36296	13475
13434	13408
13434	13409
13434	13432
13434	13433
13434	13440
13473	13408
13473	13433
13473	13472
13473	13475
13429	13409
13429	13430
13429	13437
13411	13410
13411	13412
13411	13419
13411	13430
13419	13410
13419	13411
13419	13420
13419	13435
13430	13411
13430	13412
13430	13429
13430	13435
13418	13414
13418	13417
13418	13421
13423	13417
13423	13422
13423	13424
13423	13425
13421	13418
13421	13420
13420	13419
13420	13421
13420	13422
13420	13436
13435	13419
13435	13430
13435	13436
13422	13420
13422	13423
13422	13428
13436	13420
13436	13428
13436	13435
13436	13438
13428	13422
13428	13425
13428	13436
13428	13439
13425	13423
13425	13426
13425	13428
13425	13849
13427	13424
13427	13426
13427	13844
13426	13425
13426	13427
13426	13848
13426	13850
13849	13425
13849	13439
13849	13850
13849	13852
13848	13426
13848	13847
13848	13853
13850	13426
13850	13849
13850	13853
13850	13857
13844	13427
13844	13841
13844	13842
13439	13428
13439	13438
13439	13849
13437	13429
13437	13438
13437	13440
13437	13441
13431	13432
13431	13433
13431	13535
13431	13536
13432	13431
13432	13434
13432	13440
13432	13441
13432	13537
13433	13431
13433	13434
13433	13472
13433	13473
13433	13489
13535	13431
13535	13485
13535	13489
13536	13431
13536	13485
13536	13537
13536	13540
13441	13432
13441	13437
13441	13442
13441	13538
13440	13432
13440	13434
13440	13437
13537	13432
13537	13536
13537	13538
13537	13539
13489	13433
13489	13444
13489	13490
13489	13535
13472	13433
13472	13473
13472	13474
13472	13476
13438	13436
13438	13437
13438	13439
13438	13442
13442	13438
13442	13441
13442	13851
13538	13441
13538	13537
13538	13851
13538	13862
13851	13442
13851	13538
13851	13852
13851	13861
13443	13444
13443	13447
13443	13490
13444	13443
13444	13445
13444	13489
13447	13443
13447	13446
13490	13443
13490	13476
13490	13489
13445	13444
13445	13446
13445	13456
13445	13483
13483	13445
13483	13482
13483	13484
13457	13450
13457	13458
13457	13468
13453	13454
13453	13455
13453	13460
13454	13453
13454	13455
13454	13463
13460	13453
13460	13456
13460	13461
13460	13491
13463	13454
13463	13462
13463	13464
13488	13456
13488	13487
13488	13492
13488	37902
13458	13457
13458	13459
13458	13467
13468	13457
13467	13458
13466	13459
13466	13464
13466	38097
13491	13460
13491	13492
13491	13498
13523	13461
13523	13522
13523	13524
13464	13463
13464	13465
13464	13466
13465	13464
38097	13466
38097	13469
13613	13470
13613	13612
13613	13615
13656	13470
13656	13615
13656	13657
13659	13471
13479	13480
13479	13485
13479	13540
13480	13479
13480	13481
13480	13542
13480	13942
13485	13479
13485	13484
13485	13535
13485	13536
13540	13479
13540	13536
13540	13539
13540	13542
13481	13480
13481	13482
13481	13942
13481	38225
13542	13480
13542	13540
13542	13543
13542	13941
13942	13480
13942	13481
13942	13501
13942	13941
13482	13481
13482	13483
13482	13486
38225	13481
38225	38094
13486	13482
13486	13487
13486	37900
13484	13483
13484	13485
13487	13486
13487	13488
37900	13486
37900	37901
37900	38094
13492	13488
13492	13491
13492	13500
37902	13488
37902	13499
37902	13500
13498	13491
13498	13499
13498	13500
13500	13492
13500	13498
13500	13499
13500	37902
13493	13494
13493	13495
13493	13497
13494	13493
13494	13495
13494	13497
13494	18753
13494	19189
13495	13493
13495	13494
13495	13496
13495	14345
13495	18679
13495	18680
13495	18764
13497	13493
13497	13494
13497	13496
13497	19184
18753	13494
18753	18752
18753	18754
19189	13494
19189	19184
19189	19186
13496	13495
13496	13497
13496	14342
14345	13495
14345	14344
14345	18680
18679	13495
18679	18678
18680	13495
18680	14345
18680	18681
18680	18760
18764	13495
18764	18754
18764	18765
14342	13496
14342	14343
14342	19185
19184	13497
19184	19185
19184	19189
19184	19242
13499	13498
13499	13500
13499	13525
13499	37901
13499	37902
37901	13499
37901	37900
13525	13499
13525	13504
13525	13524
13525	13526
13501	13502
13501	13506
13501	13939
13501	13942
13502	13501
13502	13503
13502	13938
13502	13943
13506	13501
13506	13505
13939	13501
13939	13938
13939	13940
13939	13941
13503	13502
13503	13504
13503	13949
13938	13502
13938	13937
13938	13939
13938	13944
13938	13947
13943	13502
13943	13944
13943	13949
13943	13966
13504	13503
13504	13505
13504	13525
13504	13556
13949	13503
13949	13943
13949	13964
13505	13504
13505	13506
13505	38094
13556	13504
13556	13554
13556	13557
38094	13505
38094	37900
38094	38225
13507	13508
13507	13512
13507	27259
13508	13507
13508	13509
13508	27258
13508	41220
13512	13507
13512	13511
13512	17363
13512	40240
27259	13507
27259	27258
27259	41222
13509	13508
13509	13510
13509	17364
13509	17917
27258	13508
27258	27259
27258	41221
41220	13508
13510	13509
13510	13511
17364	13509
17364	17363
17364	17916
17917	13509
17917	17916
17917	17918
17917	27248
17917	27268
13511	13510
13511	13512
17363	13512
17363	17364
17363	40241
40240	13512
40240	19550
40240	19551
40240	40241
13513	13514
13513	13515
13513	13544
13514	13513
13514	13528
13514	13546
13515	13513
13515	13516
13515	13544
13515	14352
13544	13513
13544	13515
13544	13545
13544	14350
13528	13514
13528	13526
13528	36399
13546	13514
13546	13547
13516	13515
13516	13517
13516	14352
14352	13515
14352	13516
14352	14351
13517	13516
13517	13518
13517	13982
13518	13517
13518	13519
13518	13984
13982	13517
13982	13983
13982	13984
13519	13518
13519	13520
13519	14340
13984	13518
13984	13982
13984	13983
13984	14340
13520	13519
13520	13521
13520	14338
14340	13519
14340	13984
14340	14339
14340	14347
13521	13520
13521	13522
13521	13552
13521	13972
14338	13520
14338	13973
14338	14341
13552	13521
13552	13553
13552	13968
13972	13521
13972	13968
13972	13971
13972	13973
13553	13522
13553	13552
13553	13560
13524	13523
13524	13525
13526	13525
13526	13527
13526	13528
13526	36400
13527	13526
36400	13526
36399	13528
36399	14002
13530	13529
13530	13531
13530	19225
19207	13529
19207	13534
19207	19218
19207	19222
13531	13530
13531	13532
13531	18817
19225	13530
19225	19222
19225	19224
19225	23673
13532	13531
13532	13533
13532	18819
18817	13531
18817	18818
18817	19202
13533	13532
13533	13534
13533	19219
18819	13532
18819	18818
18819	18830
19219	13533
19219	18782
19219	19216
19219	19218
13539	13537
13539	13540
13539	13543
13539	13862
13862	13538
13862	13539
13862	13861
13862	13876
13862	13932
13543	13539
13543	13542
13543	13932
13543	13935
13541	15461
15461	13541
15461	13976
15461	15460
15461	15462
13941	13542
13941	13939
13941	13942
13932	13543
13932	13862
13932	13933
13935	13543
13935	13934
13935	13936
13545	13544
13545	13547
13545	14001
13545	14365
14350	13544
14350	14351
14350	14364
14350	14366
14350	14373
13547	13545
13547	13546
13547	14002
14001	13545
14001	13555
14001	14035
14001	14064
14001	14065
14365	13545
14365	14069
14365	14364
14002	13547
14002	13554
14002	36399
13548	13549
13548	13551
13548	17077
13549	13548
13549	13550
13549	13561
17077	13548
17077	17078
17077	36708
13550	13549
13550	13551
13550	13567
13561	13549
13561	13562
13561	17076
13561	29690
13567	13550
13567	13566
13567	16380
27101	13551
27101	27100
27101	38732
13968	13552
13968	13560
13968	13971
13968	13972
13554	13555
13554	13556
13554	14002
13555	13554
13555	13559
13555	13995
13555	14001
13559	13555
13559	13558
13559	13967
13559	13985
13995	13555
13995	13992
13995	14036
13995	14056
13557	13556
13557	13558
13558	13557
13558	13559
13558	13965
13965	13558
13965	13964
13965	13967
13985	13559
13985	13957
13985	13961
13985	13993
13967	13559
13967	13961
13967	13965
13967	13966
13969	13560
13969	13970
13969	13971
13562	13561
13562	13563
13562	29690
17076	13561
17076	17075
17076	29695
29690	13561
29690	13562
29690	29661
13563	13562
13563	13564
13563	29665
13564	13563
13564	13565
13564	29523
13564	29665
29665	13563
29665	13564
29665	29661
13565	13564
13565	13566
13565	29523
29523	13564
29523	13565
29523	29524
13566	13565
13566	13567
13566	16362
16362	13566
16362	16363
16362	29524
16380	13567
16380	16379
16380	26788
13568	13569
13568	13570
13568	13572
13568	13574
13574	13568
13574	13573
13574	13586
13574	13587
13575	13571
13575	13573
13575	13577
13575	13578
13573	13572
13573	13574
13573	13575
13573	13579
13579	13573
13579	13578
13579	13587
13579	13594
13587	13574
13587	13579
13587	13588
13587	13591
13578	13575
13578	13576
13578	13579
13578	13581
13581	13578
13581	13580
13581	13594
13581	13595
13594	13579
13594	13581
13594	13591
13594	13596
13583	13580
13583	13582
13583	13595
13583	13597
13595	13581
13595	13583
13595	13596
13595	13598
13600	13582
13600	13599
13600	13636
13600	13640
13616	13582
13616	13617
13616	13619
13597	13583
13597	13598
13597	13599
13597	13642
13593	13584
13593	13592
13593	13654
13588	13585
13588	13586
13588	13587
13588	13589
13590	13585
13590	13589
13590	13592
13591	13587
13591	13589
13591	13594
13591	13601
13589	13588
13589	13590
13589	13591
13589	13602
13602	13589
13602	13601
13602	13606
13592	13590
13592	13593
13592	13604
13601	13591
13601	13596
13601	13602
13601	13611
13604	13592
13604	13603
13604	13655
13596	13594
13596	13595
13596	13601
13596	13610
13598	13595
13598	13597
13598	13610
13598	13644
13610	13596
13610	13598
13610	13611
13610	13645
13599	13597
13599	13600
13599	13637
13642	13597
13642	13638
13642	13643
13642	13644
13644	13598
13644	13642
13644	13645
13637	13599
13637	13638
13640	13600
13640	13639
13640	13641
13611	13601
13611	13608
13611	13610
13611	37623
13606	13602
13606	13605
13606	37623
13603	13604
13603	13605
13603	13607
13603	13614
13605	13603
13605	13606
13605	13609
13607	13603
13607	13608
13607	13645
13614	13603
13614	13612
13614	13615
13655	13604
13655	13654
13655	13657
13609	13605
13609	13608
37623	13606
37623	13611
13608	13607
13608	13609
13608	13611
13645	13607
13645	13610
13645	13644
13612	13613
13612	13614
13612	13646
13646	13612
13615	13613
13615	13614
13615	13656
13619	13616
13619	13618
37621	13617
37621	36362
37621	37622
13622	13621
13622	13623
13622	13824
13622	41538
13820	13621
13820	13821
13820	37686
13623	13622
13623	13624
13623	13648
13824	13622
13824	13823
41538	13622
41538	41539
41538	41540
41538	41542
13624	13623
13624	13625
13625	13624
13625	13626
13625	13648
13626	13625
13626	13627
13626	13647
13627	13626
13627	13628
13627	13647
13647	13626
13647	13627
13647	13649
13628	13627
13628	13629
13628	13649
13629	13628
13629	13630
13629	13649
13630	13629
13630	13631
13633	13632
13634	13632
13634	13635
13634	37633
36394	13632
36394	36393
36394	36395
36394	36397
37633	13634
37633	36373
37633	37634
13638	13637
13638	13639
13638	13642
13641	13640
13643	13642
13678	13648
13678	13679
13678	13789
13678	13792
13652	13650
13652	13653
13652	14395
13653	13651
13653	13652
13653	13740
13741	13651
13741	13739
13741	13742
14395	13652
14395	13740
14395	15568
13740	13653
13740	13739
13740	14395
13662	13661
13662	13663
13662	36375
13670	13661
13670	13671
13670	37561
36373	13661
36373	36374
36373	37633
36373	37634
13663	13662
13663	13664
13663	36381
36375	13662
36375	36374
13664	13663
13664	13665
13664	36395
36381	13663
36381	36380
36381	36396
13665	13664
13665	13666
13665	36397
36395	13664
36395	36394
36397	13665
36397	36394
13667	13666
13667	13668
13667	36368
13668	13667
13668	13669
13668	36371
36368	13667
36368	36369
36368	37626
36371	13668
36371	36370
37561	13670
37561	37559
37562	13671
37562	37563
13672	13673
13672	13677
13672	36383
13673	13672
13673	13674
13673	37634
13677	13672
13677	13676
13677	36384
36383	13672
36383	36382
36383	37635
13674	13673
13674	13675
37634	13673
37634	36373
37634	37633
13675	13674
13675	13676
13675	13683
13676	13675
13676	13677
13676	13683
13683	13675
13683	13676
13683	37559
13679	13678
13679	13680
13679	13791
13789	13678
13789	13790
13789	13791
13792	13678
13680	13679
13680	13681
13680	13784
13791	13679
13791	13788
13791	13789
13681	13680
13681	13682
13681	13778
13784	13680
13784	13777
13784	13788
13778	13681
13778	13777
13778	13783
13776	13682
13776	13767
13776	13773
37559	13683
37559	37560
37559	37561
13685	13686
13685	13690
13685	13691
13686	13685
13686	13687
13686	13693
13691	13685
13691	13692
13691	13694
13687	13686
13687	13688
13687	13689
13693	13686
13693	13692
13693	13729
13688	13687
13692	13691
13692	13693
13692	13722
13692	13723
13694	13691
13694	13695
13694	22003
13722	13692
13723	13692
13723	13695
13729	13693
13695	13694
13695	13723
13695	13724
22003	13694
22003	13717
22003	41460
13724	13695
13724	13725
13724	36863
13696	13697
13696	13700
13696	14361
13697	13696
13697	13698
13697	14392
13700	13696
13700	13699
13700	14361
14361	13696
14361	13700
14361	14360
13698	13697
13698	13699
13698	36032
14392	13697
14392	14391
13699	13698
13699	13700
13699	13970
13970	13699
13970	13969
13970	13974
13970	14348
13970	14357
13701	13702
13701	13704
13701	15576
13701	40803
13701	40808
13702	13701
13702	13703
13702	15576
13704	13701
13704	13703
13704	40807
15576	13701
15576	13702
15576	13703
40803	13701
40803	15575
40803	40804
40808	13701
40808	40809
40808	40810
13703	13702
13703	13704
13703	15576
40807	13704
13716	13705
13716	13715
13716	37686
13707	13706
13707	13708
13707	13731
13708	13707
13708	13709
13708	13734
13731	13707
13731	13730
13731	13732
13709	13708
13709	13710
13734	13708
13734	13711
13710	13709
13710	13711
13711	13710
13711	13712
13711	13734
13712	13711
13712	13713
13712	13733
13713	13712
13713	13714
13713	13715
13733	13712
13733	13732
13733	36944
13714	13713
13715	13713
13715	13716
13715	36943
13715	40802
36943	13715
36943	13738
36943	36944
40802	13715
13719	13718
13721	13720
13725	13724
13725	13726
13725	36861
36863	13724
36863	22010
36863	36862
13726	13725
13726	13727
13726	36860
36861	13725
36861	33421
13727	13726
13727	13728
13727	36858
36860	13726
36860	22069
36858	13727
36858	36859
36854	13728
36854	22195
13732	13731
13732	13733
13732	13736
13736	13732
13736	13735
13736	13738
36944	13733
36944	36943
13738	13736
13738	13737
13738	36943
13739	13740
13739	13741
13739	13743
13739	15567
13743	13739
13743	13742
13743	15566
15567	13739
15567	15566
15567	15568
15566	13743
15566	15567
15566	15569
13745	13744
13745	13746
13745	13757
13769	13744
13769	13768
13769	13770
13757	13745
13757	13756
13757	13774
13762	13747
13762	13761
13752	13751
13752	13753
13752	13758
13758	13752
13758	13759
13758	13763
13760	13753
13760	13759
37640	13753
13756	13755
13756	13757
13756	13772
13787	13755
13787	13780
13787	13786
13772	13756
13772	13773
13772	13782
13774	13757
13774	13768
13759	13758
13759	13760
13759	13764
13759	13765
13766	13767
13766	13768
13768	13766
13768	13769
13768	13773
13768	13774
13771	13767
13771	13770
13771	13775
13773	13768
13773	13772
13773	13776
13773	13782
13782	13772
13782	13773
13782	13781
41545	13775
13777	13778
13777	13779
13777	13784
13779	13777
13779	13780
13779	13785
13783	13778
13780	13779
13780	13781
13780	13787
13785	13779
13785	13786
13785	13788
13785	13790
13781	13780
13781	13782
13788	13784
13788	13785
13788	13791
13786	13785
13786	13787
13786	40076
40076	13786
40076	40077
40076	40081
13793	13794
13793	13804
13793	15577
13793	15596
13794	13793
13794	13795
13794	15585
13804	13793
13804	13803
13804	14398
15596	13793
15596	15577
15596	15578
15596	15600
15577	13793
15577	15578
15577	15585
15577	15596
13795	13794
13795	13796
13795	15585
15585	13794
15585	13795
15585	15577
13796	13795
13796	13797
13797	13796
13797	13798
13798	13797
13798	13799
13799	13798
13799	13800
13799	15584
13800	13799
13800	13801
13800	15573
13800	15574
15584	13799
15584	15583
15584	15611
13801	13800
13801	13802
13801	14411
13801	15573
15574	13800
15574	15569
15574	15575
15573	13800
15573	13801
15573	15569
15573	15570
13802	13801
13802	13803
14411	13801
14411	14412
14411	15570
14411	15572
13803	13802
13803	13804
14398	13804
14398	14390
14398	14397
14398	15600
13805	13806
13805	13817
13805	35979
13806	13805
13806	13807
13806	13808
13817	13805
13817	13816
35979	13805
35979	35980
35979	35982
13807	13806
13809	13808
13809	13810
13809	23195
41497	13808
41497	41496
41497	41498
23195	13809
23195	15683
23195	23193
23195	23194
13811	13810
13811	13812
13811	35984
13812	13811
13812	13813
35984	13811
35984	35983
35984	41594
13813	13812
13813	13814
13813	41593
13814	13813
13814	13815
13814	41592
41593	13813
13815	13814
13815	13816
13815	35983
41592	13814
13816	13815
13816	13817
13816	35982
35983	13815
35983	35984
35983	41595
35982	13816
35982	35979
35982	41598
13827	13819
13827	13826
13827	13828
13821	13820
13821	13822
13822	13821
13822	13823
13823	13822
13823	13824
13823	23193
23193	13823
23193	15590
23193	15684
23193	23195
13828	13825
13828	13827
13828	13829
