node,score
7126,0.008195722381329595
897,0.0032295411614161234
1011,0.06967887392602523
5344,0.00009140210834196576
6214,0.002254585339101822
659,0.013710316251294864
3269,0.0004874779111571507
7796,0.0004570105417098288
27,0.600511851806715
6321,0.0022241179696545
7180,0.0008530863445250137
1518,0.16034976540125526
4130,0.009140210834196576
5326,0.00012186947778928768
1206,0.001492901102918774
1337,0.14508561330814698
2823,0.014502467856925234
2216,0.062458107367009935
2737,0.0004570105417098288
6277,0.00012186947778928768
3898,0.2406312838949485
5055,0.0003351410639205411
6766,0.0018889769057339589
6950,0.008348059228566206
3844,0.00012186947778928768
472,0.004265431722625068
7319,0.009505819267564438
4173,0.07077569922612882
7275,0.00603253915056974
7692,0.003747486442020596
969,0.0003046736944732192
6189,0.00018280421668393152
7922,0.0013100968862348424
4333,0.0803424532325879
3189,0.00027420632502589724
4935,0.007281701297909939
2942,0.0014624337334714522
6320,0.009018341356407288
6186,0.004387301200414356
6375,0.00021327158613125343
6285,0.0007616842361830479
7016,0.00009140210834196576
276,0.028029979891536164
6388,0.012918164645664493
4580,0.0035646822253366643
5553,0.00009140210834196576
6251,0.0020413137529705686
4735,0.03969898238986046
3109,0.003686551703125952
230,0.0024983242946803974
1734,0.00009140210834196576
6206,0.0025287916641277192
3980,0.5054536591310707
14,0.017732009018341356
2245,0.9298336481628177
7985,0.001066357930656267
4817,0.04268478459569801
392,0.005179452806044726
1920,0.0013100968862348424
5578,0.00036560843336786304
5254,0.005605995978307233
3135,0.0008226189750776918
4699,0.006977027603436719
185,0.028852598866613857
3580,0.0001523368472366096
7095,0.00006093473889464384
7163,0.07656449942111998
7734,0.009932362439826946
7261,0.00840899396746085
6319,0.0028334653586009383
2805,0.003838888550362562
2735,0.0005484126500517945
723,0.004113094875388459
3952,0.029157272561087074
81,0.03915056973980866
20,0.01587349948205472
4578,0.0013710316251294864
1024,0.010541709828773383
216,0.021662299677045884
4308,0.0010054231917616234
2300,0.0010054231917616234
5101,0.00603253915056974
35,0.0020717811224178905
2012,0.0007312168667357261
6254,0.012522088842849308
7739,0.0016452379501553835
2512,0.0004570105417098288
7055,0.00003046736944732192
7755,0.00024373895557857535
6209,0.0005788800194991164
2857,0.004143562244835781
1898,0.0012186947778928768
288,0.014715739443056486
1782,0.02809091463043081
4830,0.06465175796721712
6784,0.006794223386752788
4657,0.005605995978307233
2366,0.00003046736944732192
1186,0.0015538358418134177
3894,0.015355554201450248
1584,0.0011882274084455548
6634,0.00006093473889464384
4474,0.007098897081226007
7170,0.05091097434647492
1810,0.008622265553592103
2992,0.0001523368472366096
242,0.20035342148558893
573,0.0010358905612089452
1760,0.0017366400584973493
7950,0.009962829809274267
6241,0.03835841813417829
5361,0.008317591859118883
4844,0.0023459874474437876
4790,0.012004143562244836
7935,0.0062762781061483155
1805,0.011029187739930535
4255,0.0029248674669429043
948,0.06873438547315824
3968,0.015264152093108281
1918,0.025440253488513802
70,0.730455182499543
1798,0.0026506611419170067
5185,0.00012186947778928768
4799,0.05441472183291694
55,0.029096337822192432
1199,0.09530193163122296
1257,0.020565474376942294
992,0.02190603863262446
6785,0.14295289744683445
6839,0.0007921516056303699
2487,0.00042654317226250687
2393,0.0013710316251294864
4012,0.0020413137529705686
6528,0.001157760038998233
3215,0.0003351410639205411
2023,0.005484126500517945
6435,0.0018889769057339589
330,0.0007921516056303699
4140,0.007982450795198343
5265,0.0079215160563037
3436,0.00012186947778928768
730,0.0763207604655414
7962,0.006215343367253671
5078,0.014411065748583267
2405,0.003412345378100055
2625,0.0010358905612089452
7899,0.0019499116446286028
36,0.0044177685698616785
2670,0.0009749558223143014
126,0.00920114557309122
1028,0.0007921516056303699
5988,0.08098226799098165
144,0.00036560843336786304
1586,0.1366461519712388
3906,0.01718359636828956
4072,0.0006398147583937603
7362,0.00039607580281518495
452,0.0024069221863384314
675,0.0017975747973919933
3023,0.0010358905612089452
3713,0.00003046736944732192
6224,0.006794223386752788
6095,0.015172749984766315
4365,0.005179452806044726
1651,0.0013710316251294864
4087,0.4958259703857169
2707,0.05749192614709646
5157,0.001096825300103589
1551,0.00524038754493937
4855,0.016421912132106514
4124,0.008774602400828712
605,0.011364328803851076
6668,0.0023764548168911095
7979,0.00301626957528487
7724,0.00018280421668393152
7626,0.002132715861312534
5412,0.061726890500274204
5003,0.00003046736944732192
1765,0.008012918164645664
6732,0.0008530863445250137
3372,0.0052708549143866915
7927,0.08579611236365853
158,0.0015843032112607398
2554,0.0007312168667357261
4338,0.07878861739077449
1967,0.03942477606483456
7654,0.03317896532813357
2203,0.2896228139662422
4951,0.005484126500517945
2818,0.014685272073609165
1972,0.0036560843336786303
5089,0.00856133081469746
869,0.003838888550362562
5900,0.0035646822253366643
5059,0.00003046736944732192
6023,0.0015843032112607398
6759,0.0052708549143866915
4898,0.09450978002559259
4401,0.010998720370483212
7146,0.03659131070623362
5189,0.00027420632502589724
4863,0.00003046736944732192
7101,0.00003046736944732192
3105,0.0031990737919688015
5263,0.011211991956614466
2841,0.0008226189750776918
5897,0.010572177198220706
3586,0.00006093473889464384
1513,0.14295289744683445
1191,0.0928645420754372
7773,0.0015843032112607398
7406,0.00539272439217598
4064,0.00036560843336786304
6625,0.003290475900310767
134,0.008774602400828712
2372,0.0008530863445250137
2728,0.0008835537139723356
2904,0.004082627505941137
2620,0.0015538358418134177
4647,0.0004874779111571507
1992,0.03229541161416123
10,0.012643958320638596
26,0.5926208031198587
7105,0.0006093473889464384
6667,0.0003046736944732192
5201,0.00006093473889464384
6239,0.024221558710620924
3374,0.0006398147583937603
4712,0.0007616842361830479
6951,0.0040216927670464935
7674,0.0003046736944732192
2859,0.0013405642556821645
4287,0.24337334714520747
4709,0.012552556212296631
4972,0.0015233684723660959
7786,0.0023764548168911095
4465,0.002589726403022363
3689,0.0017975747973919933
5072,0.0013710316251294864
5349,0.00143196636402413
7183,0.015538358418134179
6290,0.00024373895557857535
3651,0.0030467369447321918
2754,0.0006093473889464384
1827,0.0027725306197062946
2655,0.00012186947778928768
2851,0.0001523368472366096
7118,0.0143196636402413
5141,0.0011882274084455548
5583,0.0014014989945768082
2305,0.005941137042227774
7810,0.0003046736944732192
149,0.003991225397599172
7634,0.002193650600207178
5571,0.004387301200414356
1235,0.00539272439217598
6359,0.00018280421668393152
755,0.008439461336908172
2443,0.00018280421668393152
4994,0.006855158125647432
3431,0.00012186947778928768
3104,0.004143562244835781
7178,0.0001523368472366096
7587,0.0007921516056303699
2602,0.00018280421668393152
7047,0.0005484126500517945
7442,0.059441837791725065
6311,0.03680458229236488
2974,0.0003351410639205411
7144,0.1332947413320334
2113,0.12406312838949485
6680,0.05002742063250259
2084,0.0027420632502589727
7647,0.0001523368472366096
5732,0.005971604411675096
6788,0.002559259033575041
7682,0.001066357930656267
4177,0.0027420632502589727
4871,0.00036560843336786304
6642,0.0031686064225214796
6318,0.02016939857412711
7337,0.00027420632502589724
7877,0.006215343367253671
7736,0.05078910486868564
2775,0.0005484126500517945
2747,0.005118518067150082
6599,0.0004570105417098288
2471,0.06775942965084394
6590,0.001919444275181281
6012,0.01873743221010298
3148,0.00021327158613125343
4354,0.030284565230637987
497,0.0007921516056303699
239,0.08640545975260495
2173,0.26668088477240876
3937,0.12156480409481446
1824,0.12549509475351897
743,0.004113094875388459
3029,0.0011882274084455548
1510,0.0007921516056303699
5906,0.039394308695387244
4307,0.04618853208214003
681,0.13685942355737005
2076,0.06742428858692341
4960,0.0027420632502589727
4001,0.0003046736944732192
4675,0.009109743464749253
2667,0.0001523368472366096
2799,0.03162512948632015
3647,0.006885625495094754
557,0.011029187739930535
2201,0.002132715861312534
7207,0.01206507830113948
1800,0.0031076716836268355
2565,0.0012186947778928768
6328,0.011303394064956432
2798,0.02699408933032722
2274,0.15157516300042653
0,0.10282737188471147
2178,0.0038998232892572056
6740,0.00539272439217598
6238,0.0031076716836268355
171,0.0019499116446286028
5810,0.0009140210834196576
15,0.02242398391322893
5,0.13104015599293156
682,0.24541466089817804
7861,0.005545061239412589
4254,0.4408933032721955
6874,0.002620193772469685
3927,0.0013710316251294864
3964,0.001066357930656267
17,0.001980379014075925
1320,0.05602949241362501
6613,0.002315520077996466
4154,0.002285052708549144
6852,0.3141795137407836
4640,0.22216805800987144
1227,0.04183169825117299
2110,0.00953628663701176
871,0.010572177198220706
4740,0.15925294010115168
3993,0.04362927304856499
904,0.0015843032112607398
6191,0.03138139053074158
4718,0.0027420632502589727
4719,0.021357625982572664
596,0.021388093352019986
5688,0.04204496983730425
1675,0.0016452379501553835
3295,0.0009140210834196576
2490,0.0010054231917616234
6753,0.07086710133447079
7749,0.14005849734933887
782,0.00003046736944732192
7666,0.006154408628359027
7704,0.011729937237218938
3865,0.0014014989945768082
7397,0.0004874779111571507
1255,0.01782341112668332
7002,0.00018280421668393152
172,0.010084699287063554
7145,0.03857168972030955
2003,0.00006093473889464384
6412,0.0760465541405155
4268,0.0009444884528669794
1923,0.007342636036804582
7908,0.0017366400584973493
2850,0.004113094875388459
7484,0.0024983242946803974
5949,0.04192310035951496
7538,0.0035951495947839866
7799,0.06318932423374565
7279,0.0031686064225214796
5309,0.0016757053196027054
5047,0.00018280421668393152
5716,0.0027420632502589727
6549,0.02525744927182987
189,0.0069160928645420755
7389,0.0012491621473401987
5655,0.00006093473889464384
4864,0.00027420632502589724
1680,0.0015843032112607398
5351,0.08777649137773445
4357,0.001157760038998233
4773,0.004113094875388459
2170,0.06614465907013588
4967,0.06541344220340016
1287,0.03616476753397112
6288,0.00572786545609652
1136,0.006855158125647432
357,0.006611419170068856
6117,0.002163183230759856
6596,0.009810492962037658
4165,0.004509170678203644
5910,0.01797574797391993
6350,0.0003046736944732192
4515,0.002163183230759856
553,0.42639083541527023
6354,0.009444884528669794
7572,0.002315520077996466
2860,0.00024373895557857535
4772,0.03476326853939431
3999,0.059472305161172384
6782,0.011669002498324295
7368,0.06370726951435013
5145,0.0073121686673572606
4651,0.0015538358418134177
4349,0.007190299189567973
6433,0.010541709828773383
5122,0.0008530863445250137
620,0.016452379501553836
531,0.022454451282676254
3444,0.0004874779111571507
2896,0.015172749984766315
1334,0.0035342148558893424
2946,0.0013405642556821645
2296,0.00301626957528487
3213,0.00018280421668393152
92,0.03881542867588812
3904,0.04241057827067211
2657,0.00003046736944732192
6555,0.0016757053196027054
7900,0.010572177198220706
1737,0.007586374992383157
612,0.0077387118396197675
5084,0.0017061726890500275
3049,0.002193650600207178
2248,0.37176284199622206
2882,0.00286393272804826
2864,0.0007312168667357261
1341,0.002711595880811651
1839,0.012126013040034123
5540,0.00006093473889464384
78,0.01636097739321187
2700,0.03692645177015416
6296,0.011638535128876974
7066,0.00006093473889464384
7744,0.007098897081226007
3879,0.0004874779111571507
4806,0.0007312168667357261
2285,0.0031990737919688015
7043,0.00003046736944732192
2604,0.0027725306197062946
156,0.004082627505941137
3839,0.00024373895557857535
1111,0.07376150143196636
770,0.0013710316251294864
4435,0.00143196636402413
5315,0.004448235939309
1690,0.053256961793918714
3164,0.003351410639205411
3039,0.00006093473889464384
6478,0.027268295655353117
3978,0.5022545853391018
7966,0.0029248674669429043
1656,0.002132715861312534
25,0.0286393272804826
3140,0.00039607580281518495
5156,0.002193650600207178
599,0.5630369873865091
4736,0.1802754250198038
258,0.00396075802815185
1821,0.001096825300103589
5995,0.003351410639205411
4723,0.00009140210834196576
3909,0.15617573578697216
155,0.0027725306197062946
6917,0.00024373895557857535
3972,0.01160806775942965
5118,0.0018889769057339589
6581,0.007647309731277802
1877,0.0005179452806044726
2784,0.04049113399549083
494,0.009018341356407288
1679,0.04835171531289988
6088,0.0025287916641277192
3826,0.00012186947778928768
2928,0.002985802205837548
7316,0.07080616659557613
5409,0.0027420632502589727
6141,0.15255011882274083
7314,0.009780025592590336
2898,0.008774602400828712
6194,0.14310523429407104
5829,0.07114130765949668
3033,0.0012186947778928768
5347,0.0001523368472366096
4754,0.0025287916641277192
4708,0.011486198281640363
1112,0.15160563036987387
1393,0.01843275851562976
2720,0.00039607580281518495
6386,0.013161903601243068
5356,0.062153433672536715
3817,0.00012186947778928768
186,0.026537078788617392
2036,0.0007312168667357261
3377,0.0028334653586009383
5016,0.0035037474864420205
5957,0.0001523368472366096
4507,0.0009444884528669794
5817,0.007342636036804582
7367,0.0010358905612089452
4599,0.006459082322832247
432,0.009871427700932302
1323,0.0496313448296874
6595,0.00460057278654561
7143,0.1359149351045031
152,0.0031686064225214796
7610,0.051337517518737434
410,0.10706233623788922
5911,0.028852598866613857
6053,0.007525440253488514
6438,0.0035342148558893424
2537,0.00024373895557857535
4135,0.0030467369447321918
635,0.006855158125647432
6712,0.0007616842361830479
6093,0.0004570105417098288
1211,0.025318384010724514
6797,0.03863262445920419
5986,0.0008835537139723356
7435,0.0027725306197062946
4013,0.0012491621473401987
698,0.0011882274084455548
3414,0.0027420632502589727
6055,0.011516665651087684
3365,0.016757053196027057
7331,0.007616842361830479
2616,0.0020413137529705686
23,0.6106879532021205
5967,0.00143196636402413
6541,0.0017366400584973493
6801,0.03537261592834075
3880,0.00006093473889464384
7418,0.002955334836390226
5694,0.0027420632502589727
7400,0.012156480409481446
7789,0.13978429102431297
1016,0.015050880506977027
2535,0.001096825300103589
5507,0.005027115958808117
2829,0.0007007494972884041
7458,0.05624276399975626
236,0.042898056181829264
6300,0.018493693254524404
4299,0.03351410639205411
4936,0.0027420632502589727
6128,0.25330570958503446
7887,0.09825726646761318
3785,0.33020535007007495
7697,0.0009444884528669794
5050,0.002681128511364329
7447,0.08607031868868442
1829,0.011029187739930535
4153,0.03573822436170861
6810,0.004996648589360795
4412,0.004113094875388459
6844,0.0001523368472366096
4090,0.002985802205837548
2258,0.23980866491987082
4125,0.0027420632502589727
1147,0.5492352690268723
5138,0.00012186947778928768
5700,0.023277070257753947
7283,0.006002071781122418
1460,0.021692767046493207
6341,0.011943208823350192
89,0.003381878008652733
2608,0.00039607580281518495
1964,0.0020108463835232467
2839,0.00024373895557857535
7949,0.011882274084455548
2891,0.004722442264334897
4528,0.03412345378100055
7876,0.0913411736030711
449,0.01937724696849674
5494,0.00027420632502589724
2493,0.0003351410639205411
6626,0.002254585339101822
73,0.6037718603375785
7160,0.200170617268905
7694,0.02778624093595759
4845,0.0031686064225214796
3007,0.0004874779111571507
7050,0.00012186947778928768
6678,0.050880506977027604
1875,0.013984522576320761
7058,0.00003046736944732192
5729,0.00006093473889464384
2219,0.06647980013405642
207,0.0018280421668393151
6235,0.0038084211809152396
2191,0.0017061726890500275
4533,0.02205837547986107
6259,0.00012186947778928768
6139,0.0009140210834196576
7846,0.0008835537139723356
3571,0.00021327158613125343
615,0.05219060386326244
7293,0.059289500944488455
6258,0.0032600085308634452
2826,0.03409298641155323
4567,0.0040216927670464935
1372,0.0024069221863384314
7667,0.0038084211809152396
424,0.18521113887026994
5785,0.0008835537139723356
3147,0.00999329717872159
2558,0.005301322283834013
6588,0.001492901102918774
584,0.04189263299006764
7364,0.13436109926268966
2993,0.00003046736944732192
4335,0.08122600694656024
2861,0.0007312168667357261
3961,0.0025287916641277192
2943,0.0017366400584973493
3784,0.3503138139053074
1848,0.00012186947778928768
5647,0.00021327158613125343
7636,0.008987873986959966
758,0.11988909877521174
4574,0.002894400097495582
6260,0.004448235939309
2832,0.03777953811467918
227,0.021083419657546766
5015,0.07516300042654317
683,0.03991225397599171
3224,0.003381878008652733
6134,0.2417281091950521
5214,0.003442812747547377
2624,0.001066357930656267
2919,0.0004874779111571507
7953,0.03713972335628542
2637,0.00018280421668393152
3171,0.0028334653586009383
1146,0.03607336542562915
6312,0.011547133020535007
2214,0.017518737432210104
4274,0.00009140210834196576
2734,0.0008226189750776918
6586,0.004844311742124185
5319,0.0001523368472366096
555,0.43833404423862043
4379,0.10112119919566144
6824,0.00036560843336786304
3143,0.0017061726890500275
4509,0.0013710316251294864
7914,0.02160136493815124
2363,0.00009140210834196576
1982,0.053256961793918714
1857,0.0001523368472366096
906,0.11598927548595454
5787,0.00012186947778928768
6462,0.0009749558223143014
7640,0.0323868137225032
2529,0.001919444275181281
7631,0.04012552556212297
7561,0.0007007494972884041
3977,0.5584973493388581
3179,0.002589726403022363
842,0.0007921516056303699
1004,0.004113094875388459
1539,0.0017061726890500275
3087,0.0023764548168911095
7717,0.004905246481018829
7906,0.001980379014075925
7651,0.007403570775699226
967,0.0003351410639205411
4810,0.0006702821278410822
5522,0.0006093473889464384
7443,0.0017061726890500275
1394,0.0027420632502589727
7905,0.004631040155992932
1102,0.004448235939309
6856,0.31302175370178537
5408,0.05112424593260618
4987,0.03320943269758089
1020,0.0015843032112607398
4190,0.0009140210834196576
7961,0.007494972884041192
3173,0.0031076716836268355
237,0.009719090853695692
209,0.0075559076229358355
7221,0.05989884833343489
5951,0.08427274389129243
6799,0.00012186947778928768
4632,0.04759003107671684
7453,0.005758332825543842
1328,0.055024069221863384
6353,0.007616842361830479
3093,0.00024373895557857535
7919,0.09121930412528183
3013,0.00006093473889464384
4734,0.22104076534032052
6809,0.001066357930656267
1218,0.09965876546218999
105,0.0004874779111571507
2243,0.4719090853695692
3357,0.014167326793004692
5980,0.0024983242946803974
7828,0.00009140210834196576
3702,0.00003046736944732192
118,0.02943147888611297
3449,0.004082627505941137
5516,0.04356833830967034
193,0.01636097739321187
7790,0.09338248735604168
168,0.26756443848638106
2031,0.06465175796721712
5840,0.005423191761623302
1185,0.0052708549143866915
1290,0.005118518067150082
5802,0.0023764548168911095
5113,0.0004874779111571507
858,0.06873438547315824
1391,0.010724514045457316
902,0.0007921516056303699
7277,0.0012491621473401987
2265,0.14639571019438183
2752,0.0003046736944732192
7381,0.0024373895557857537
1210,0.0006398147583937603
7295,0.0009749558223143014
7054,0.00006093473889464384
4887,0.028365120955456707
182,0.01587349948205472
4582,0.0028029979891536164
6943,0.0007921516056303699
7115,0.06273231369203583
3313,0.013222838340137712
2160,0.2800865273292304
7928,0.0457315215404302
6439,0.006245810736700993
6084,0.052160136493815124
1347,0.010694046676009993
1602,0.03762720126744257
7116,0.059776978855645604
196,0.007190299189567973
1345,0.0024069221863384314
7605,0.009810492962037658
1802,0.0340625190421059
1392,0.03049783681676924
5099,0.03982085186764975
6270,0.05974651148619828
578,0.06830784230089575
6789,0.16683931509353483
7553,0.0007921516056303699
6233,0.0031076716836268355
6466,0.018036682712814577
6444,0.004082627505941137
3139,0.0004874779111571507
6465,0.0013405642556821645
5060,0.004356833830967034
622,0.004113094875388459
2177,0.0004874779111571507
509,0.08003777953811468
1791,0.0004570105417098288
2817,0.00024373895557857535
1048,0.005331789653281336
3060,0.004204496983730425
2498,0.049905551154713304
6246,0.03954664554262385
4263,0.00021327158613125343
874,0.002315520077996466
6367,0.0018280421668393151
546,0.03360550850039608
3037,0.00006093473889464384
2342,0.014472000487477911
1580,0.263299006763756
2334,0.04597526049600877
550,0.4409237706416428
7230,0.1074584120407044
1240,0.03564682225336664
4983,0.00009140210834196576
4636,0.0027420632502589727
864,0.001096825300103589
4519,0.0046615075254402534
1592,0.00042654317226250687
3371,0.0009140210834196576
6268,0.0007616842361830479
2687,0.0034732801169946987
1108,0.006946560233989397
6559,0.01017610139540552
381,0.0054536591310706236
2514,0.059594174638961675
5970,0.3120467978794711
7606,0.006580951800621534
4095,0.13798671622692096
2095,0.04637133629882396
6733,0.0008226189750776918
3145,0.0009140210834196576
4371,0.06849064651757968
7473,0.008957406617512645
7590,0.00006093473889464384
5956,0.0023764548168911095
4118,0.025683992444092377
1667,0.007434038145146548
2009,0.00024373895557857535
282,0.028547925172140637
7851,0.08585704710255317
3111,0.0003046736944732192
6481,0.03162512948632015
5996,0.04362927304856499
630,0.0013710316251294864
7478,0.0054536591310706236
7104,0.0016757053196027054
7158,0.04238011090122479
4617,0.005179452806044726
3378,0.0017671074279446712
6920,0.0023764548168911095
3176,0.0013100968862348424
7623,0.012339284626165377
6330,0.028700262019377247
2718,0.0003046736944732192
3190,0.0006398147583937603
1725,0.0232161355188593
4294,0.2421546523673146
7775,0.005788800194991164
3638,0.0031990737919688015
4886,0.0504539638047651
6552,0.018493693254524404
2035,0.0009749558223143014
6257,0.009749558223143015
2705,0.0015843032112607398
780,0.0001523368472366096
263,0.0031686064225214796
3928,0.0013710316251294864
434,0.03957711291207117
6543,0.015446956309792212
6862,0.06020352202790811
2833,0.0019499116446286028
2555,0.0007921516056303699
7625,0.003351410639205411
6881,0.0007921516056303699
3679,0.32517823411126684
1868,0.0013710316251294864
4470,0.004874779111571507
3924,0.011699469867771617
2298,0.0035037474864420205
1787,0.002620193772469685
7224,0.0007921516056303699
2614,0.00003046736944732192
6639,0.0023764548168911095
1583,0.04103954664554262
6201,0.03080251051124246
5764,0.0003046736944732192
6190,0.0004570105417098288
7639,0.01794528060447261
5267,0.0012186947778928768
6603,0.0005484126500517945
2228,0.010937785631588568
1652,0.013161903601243068
529,0.0013710316251294864
7655,0.0035342148558893424
652,0.005209920175492048
319,0.3298397416367071
7136,0.0003046736944732192
4733,0.004113094875388459
6373,0.03150326000853086
2195,0.008043385534092987
4692,0.0005788800194991164
6272,0.0069160928645420755
6265,0.009597221375906404
4466,0.0009749558223143014
2115,0.030558771555663885
2169,0.185972823106453
4328,0.07202486137346902
3036,0.001492901102918774
1247,0.0027420632502589727
7297,0.047193955273901654
1968,0.001980379014075925
6469,0.02147949546036195
1503,0.0017366400584973493
4148,0.013923587837426117
4464,0.02428249344951557
3918,0.013283773079032356
5000,0.3050088355371397
5960,0.0007921516056303699
2999,0.0003046736944732192
153,0.006611419170068856
994,0.011882274084455548
2143,0.01081591615379928
3448,0.0015538358418134177
5975,0.24434830296752177
1208,0.0008226189750776918
2192,0.00024373895557857535
6786,0.01349704466516361
4289,0.14304429955517642
5896,0.006550484431174212
1820,0.0010358905612089452
2610,0.0005484126500517945
7648,0.00024373895557857535
2778,0.061026141002985805
2044,0.0005179452806044726
4620,0.006002071781122418
828,0.04012552556212297
2959,0.00012186947778928768
6531,0.0013710316251294864
1855,0.00006093473889464384
7926,0.0037779538114679177
2099,0.06370726951435013
4532,0.0018280421668393151
6274,0.05444518920236427
1535,0.002985802205837548
3512,0.02050453963804765
581,0.06702821278410823
4611,0.0031686064225214796
6124,0.11035281213819999
1784,0.004113094875388459
5689,0.01764060690999939
5751,0.00012186947778928768
7746,0.0016757053196027054
6584,0.006306745475595637
5013,0.04664554262384986
1245,0.0013710316251294864
7191,0.007799646578514411
5496,0.057857534580464325
724,0.07851441106574858
6262,0.005545061239412589
6675,0.0054536591310706236
2977,0.00021327158613125343
1357,0.10559990250441777
1648,0.0029248674669429043
2996,0.00021327158613125343
2488,0.0005788800194991164
1726,0.0035037474864420205
5497,0.05313509231612942
5272,0.010694046676009993
103,0.0006398147583937603
7092,0.00012186947778928768
2460,0.0007312168667357261
2075,0.0013405642556821645
6087,0.025683992444092377
1817,0.0010358905612089452
3641,0.002620193772469685
2962,0.00006093473889464384
6102,0.0403083297788069
3597,0.0015538358418134177
3439,0.00009140210834196576
3632,0.00018280421668393152
2310,0.00143196636402413
4553,0.00018280421668393152
2680,0.00018280421668393152
5053,0.0004874779111571507
3921,0.01096825300103589
3810,0.0001523368472366096
3786,0.01413685942355737
7903,0.0008530863445250137
6146,0.0007312168667357261
1231,0.009780025592590336
1894,0.0027420632502589727
2884,0.001096825300103589
7669,0.0027725306197062946
1498,0.00572786545609652
5268,0.0013710316251294864
7219,0.05471939552739016
4306,0.00012186947778928768
1720,0.005575528608859911
7988,0.0071293644506733285
5420,0.12467247577844129
4885,0.004113094875388459
1389,0.0013710316251294864
4954,0.004113094875388459
3354,0.00018280421668393152
6133,0.0025287916641277192
7969,0.004326366461519712
201,0.00810432027298763
5489,0.026445676680275424
4829,0.01791481323502529
7328,0.06376820425324478
6683,0.005575528608859911
5247,0.21202242398391322
2030,0.2927609530193163
6992,0.24629821461215037
2911,0.004722442264334897
6632,0.00021327158613125343
1314,0.00429589909207239
7452,0.010907318262141247
7466,0.005819267564438487
7322,0.0017366400584973493
2925,0.015721162634818108
2242,0.5017366400584974
411,0.002193650600207178
5816,0.0004570105417098288
7864,0.0013710316251294864
247,0.003351410639205411
6592,0.00042654317226250687
373,0.004539638047650966
1770,0.059289500944488455
3317,0.02096155017975748
4721,0.00024373895557857535
256,0.0031686064225214796
595,0.5817134848577173
5407,0.0042349643531777465
6237,0.00018280421668393152
317,0.0017671074279446712
6249,0.00012186947778928768
3706,0.00009140210834196576
5907,0.04359880567911766
1216,0.00006093473889464384
4315,0.003442812747547377
3537,0.00003046736944732192
2763,0.0004874779111571507
210,0.0111205898482725
1540,0.0030467369447321918
3022,0.00003046736944732192
2561,0.0011882274084455548
567,0.005118518067150082
3086,0.002589726403022363
1514,0.026110535616354884
3805,0.0003046736944732192
2037,0.0017061726890500275
7486,0.014502467856925234
3536,0.00012186947778928768
5146,0.0007007494972884041
4990,0.17503503747486443
6997,0.00286393272804826
6649,0.001858509536286637
1996,0.00009140210834196576
7335,0.00024373895557857535
2783,0.0003351410639205411
7758,0.001096825300103589
1856,0.00006093473889464384
6000,0.002894400097495582
1193,0.00923161294253854
7638,0.00018280421668393152
6432,0.002711595880811651
4273,0.001066357930656267
7768,0.0016147705807080617
1814,0.0001523368472366096
1118,0.007220766559015295
7173,0.04152702455669977
7355,0.04408628359027482
2821,0.014715739443056486
4973,0.0027420632502589727
3144,0.0018889769057339589
4757,0.001919444275181281
7776,0.0015233684723660959
7608,0.0008226189750776918
1958,0.005118518067150082
6845,0.00012186947778928768
2189,0.00024373895557857535
1009,0.03467186643105234
1319,0.001492901102918774
7365,0.1109316921576991
5690,0.019011638535128876
1045,0.00012186947778928768
6178,0.005209920175492048
3896,0.012339284626165377
4745,0.0030772043141795136
7451,0.004265431722625068
4932,0.003747486442020596
364,0.01870696484065566
7019,0.00009140210834196576
5675,0.002285052708549144
5499,0.15279385777831941
7114,0.03991225397599171
671,0.2100420449698373
3911,0.004113094875388459
3328,0.19648406556577905
4650,0.0026506611419170067
619,0.01096825300103589
3889,0.002193650600207178
3192,0.0009444884528669794
3285,0.0005179452806044726
762,0.20440558162208275
3636,0.212662238742307
6869,0.00006093473889464384
4019,0.0004570105417098288
1962,0.04113094875388459
2161,0.2137895314118579
2046,0.009749558223143015
3325,0.08524769971360673
5819,0.0035951495947839866
5148,0.0073121686673572606
4621,0.0038998232892572056
7024,0.0009749558223143014
942,0.005971604411675096
5823,0.0015843032112607398
3185,0.0006093473889464384
5130,0.0003046736944732192
5302,0.004448235939309
303,0.002985802205837548
6875,0.04201450246785692
7920,0.0840899396746085
3574,0.00009140210834196576
7552,0.0023764548168911095
2479,0.00042654317226250687
7056,0.00006093473889464384
7764,0.002315520077996466
2827,0.001980379014075925
7912,0.05301322283834014
7235,0.15727256108707574
1061,0.0015843032112607398
4738,0.03793187496191579
485,0.046249466821034674
7616,0.012522088842849308
3336,0.0005788800194991164
3428,0.0008530863445250137
7169,0.14048504052160138
7419,0.2485527999512522
2983,0.00009140210834196576
3887,0.001096825300103589
1722,0.08393760282737188
2209,0.002132715861312534
4475,0.0676984949119493
5100,0.00006093473889464384
7857,0.0009444884528669794
7602,0.04390347937359088
2836,0.00018280421668393152
7227,0.06096520626409116
6550,0.08302358174395223
2212,0.004813844372676863
5406,0.09155444518920236
1222,0.16604716348790446
1537,0.13752970568521114
4244,0.3862957772225946
5001,0.08972640302236305
4531,0.0012491621473401987
3516,0.00042654317226250687
3358,0.02355127658277984
250,0.330022545853391
1212,0.03387971482542197
4930,0.005545061239412589
2337,0.0034732801169946987
2335,0.0006702821278410822
5999,0.02035220279081104
5490,0.0013405642556821645
3815,0.00021327158613125343
1769,0.03662177807568095
21,0.004052160136493815
1511,0.002955334836390226
616,0.00018280421668393152
4103,0.002193650600207178
2880,0.005027115958808117
3341,0.00027420632502589724
4756,0.007677777100725124
6137,0.17616233014441532
7210,0.009566754006459082
3286,0.00036560843336786304
2684,0.00003046736944732192
7794,0.11239412589117055
519,0.0028029979891536164
7601,0.003381878008652733
5750,0.0001523368472366096
3433,0.0013710316251294864
6357,0.0017671074279446712
6767,0.0004874779111571507
5535,0.001096825300103589
4471,0.11035281213819999
1842,0.0005179452806044726
6800,0.004631040155992932
6234,0.0012186947778928768
523,0.0018889769057339589
695,0.02160136493815124
3973,0.0066723539089635
4838,0.00009140210834196576
6041,0.08357199439400402
3920,0.014411065748583267
5814,0.004813844372676863
1984,0.09152397781975505
6197,0.1362196087989763
7983,0.0010054231917616234
3718,0.00003046736944732192
4088,0.14304429955517642
966,0.00018280421668393152
4610,0.0010358905612089452
5288,0.011760404606666261
7123,0.010602644567668027
28,0.022149777588203034
4079,0.01712266162939492
6276,0.05767473036378039
7457,0.056120894521966974
7200,0.013862653098531472
1956,0.2567789897020291
455,0.0005179452806044726
7213,0.006337212845042959
7731,0.026415209310828105
7588,0.006459082322832247
7252,0.03196027055024069
6121,0.0316860642252148
2710,0.008866004509170678
7886,0.005545061239412589
6805,0.0020717811224178905
59,0.0004570105417098288
5283,0.008469928706355493
42,0.03796234233136311
206,0.0023459874474437876
117,0.0016147705807080617
2034,0.0011882274084455548
6416,0.05301322283834014
19,0.0016452379501553835
7231,0.010846383523246603
2590,0.00024373895557857535
1815,0.0022241179696545
7353,0.00039607580281518495
3299,0.00024373895557857535
4461,0.018646030101761014
6370,0.0005484126500517945
7816,0.00009140210834196576
875,0.0036560843336786303
2116,0.00795198342575102
3447,0.0005484126500517945
1463,0.0018280421668393151
576,0.0008835537139723356
6446,0.004143562244835781
5155,0.0008530863445250137
4558,0.00003046736944732192
617,0.05075863749923831
7628,0.013832185729084151
4644,0.002681128511364329
1845,0.00006093473889464384
6699,0.0026506611419170067
7203,0.007281701297909939
666,0.37831332642739623
7971,0.05545061239412589
5176,0.00003046736944732192
4785,0.10916458472975443
4100,0.2869416854548778
440,0.0071293644506733285
6453,0.005331789653281336
1352,0.004539638047650966
3337,0.0008226189750776918
371,0.004783377003229541
3002,0.00042654317226250687
2852,0.010389372981536775
3513,0.00039607580281518495
5183,0.00429589909207239
183,0.044177685698616784
2315,0.00039607580281518495
4121,0.014380598379135946
6356,0.0029248674669429043
7784,0.0006702821278410822
352,0.5746450551459387
5054,0.0008530863445250137
830,0.001858509536286637
839,0.0015843032112607398
4950,0.012339284626165377
16,0.002285052708549144
2813,0.0008835537139723356
4487,0.001096825300103589
3836,0.0006093473889464384
4997,0.3960453354457376
1264,0.03153372737797819
5639,0.00024373895557857535
868,0.07184205715678509
6711,0.07799646578514412
4613,0.0006093473889464384
4969,0.06416428005605997
1520,0.46822253366644323
3003,0.00003046736944732192
6424,0.0007921516056303699
7137,0.06529157272561087
4925,0.022880994454938762
2006,0.0004874779111571507
7264,0.0019499116446286028
3592,0.19651453293522636
3824,0.00012186947778928768
388,0.03174699896410944
2259,0.005484126500517945
638,0.0013710316251294864
145,0.0006093473889464384
65,0.06355493266711353
104,0.001919444275181281
6142,0.0007312168667357261
6819,0.0010358905612089452
6022,0.0007921516056303699
2029,0.0013710316251294864
7286,0.0635244652976662
4703,0.0007921516056303699
7612,0.010724514045457316
4091,0.4064042410578271
6823,0.0005484126500517945
5416,0.0011882274084455548
7108,0.0029248674669429043
4616,0.02604960087746024
7380,0.0038998232892572056
7428,0.004113094875388459
4747,0.001157760038998233
1704,0.0006702821278410822
6815,0.0015843032112607398
6056,0.25071598318201205
4783,0.023155200779964656
1037,0.002620193772469685
6176,0.03823654865638901
7269,0.0009749558223143014
4568,0.008713667661934068
2089,0.0024373895557857537
6361,0.005331789653281336
444,0.0023764548168911095
2162,0.2781366156846018
2145,0.0027420632502589727
6162,0.0007921516056303699
4850,0.0021022484918652123
4278,0.0016452379501553835
4548,0.0034732801169946987
6608,0.0015843032112607398
3217,0.00018280421668393152
3364,0.010054231917616233
7701,0.004448235939309
6567,0.025013710316251294
2154,0.020748278593626227
6044,0.009505819267564438
877,0.0725732740235208
7,0.09323015050880507
5238,0.00856133081469746
1550,0.0007921516056303699
3409,0.012339284626165377
7166,0.022484918652123577
1237,0.002681128511364329
6818,0.0018889769057339589
6764,0.005301322283834013
2633,0.0003046736944732192
43,0.005484126500517945
464,0.04883919322405703
151,0.005849734933885809
2650,0.00012186947778928768
4314,0.00460057278654561
2021,0.0027420632502589727
6962,0.0023764548168911095
1205,0.002132715861312534
2286,0.0013710316251294864
7449,0.010328438242642131
369,0.0014014989945768082
3996,0.0013100968862348424
625,0.01096825300103589
3827,0.00012186947778928768
2513,0.0007007494972884041
890,0.0044177685698616785
2809,0.0004874779111571507
2060,0.0628237158003778
1189,0.002894400097495582
6714,0.0024678569252330755
6345,0.0014014989945768082
1499,0.03354457376150143
1044,0.00460057278654561
3940,0.0031076716836268355
127,0.0004874779111571507
4053,0.00042654317226250687
7891,0.060569130461275975
1841,0.00018280421668393152
2197,0.0004874779111571507
4832,0.0010054231917616234
5517,0.1350009140210834
687,0.03281335689476571
3170,0.0001523368472366096
6614,0.0007312168667357261
4770,0.0024373895557857537
2232,0.00301626957528487
1536,0.002315520077996466
2892,0.021357625982572664
1033,0.006337212845042959
7984,0.056943513497044664
18,0.025013710316251294
2690,0.06766802754250198
414,0.08993967460849431
7289,0.0009749558223143014
7128,0.012461154103954665
3935,0.010297970873194808
6122,0.003686551703125952
6175,0.0056973980866491985
5650,0.0003046736944732192
7127,0.0009140210834196576
5902,0.005941137042227774
854,0.006763756017305466
648,0.02291146182438608
564,0.0050575833282554385
1889,0.00923161294253854
3035,0.0013710316251294864
7323,0.006885625495094754
6113,0.03320943269758089
6876,0.00024373895557857535
7843,0.004570105417098288
1895,0.01639144476265919
1018,0.012126013040034123
520,0.0020413137529705686
164,0.010572177198220706
2753,0.014380598379135946
6271,0.0003046736944732192
6571,0.002711595880811651
1196,0.004052160136493815
311,0.0013100968862348424
1324,0.02461763451343611
3411,0.008226189750776918
4346,0.18048869660593506
2660,0.00006093473889464384
4660,0.005545061239412589
5116,0.0032600085308634452
1516,0.005636463347754555
2791,0.0001523368472366096
4055,0.002132715861312534
7813,0.00024373895557857535
7954,0.026080068246907562
2595,0.0003046736944732192
5538,0.00006093473889464384
5721,0.0027420632502589727
5728,0.00024373895557857535
4297,0.07842300895740661
5505,0.0027420632502589727
7780,0.0022241179696545
7492,0.0015843032112607398
4798,0.0027420632502589727
6577,0.08978733776125769
1876,0.0155688257875815
3181,0.0001523368472366096
6223,0.0008835537139723356
6936,0.00003046736944732192
5126,0.009505819267564438
7385,0.0005788800194991164
5780,0.0001523368472366096
6348,0.06608372433124124
1036,0.0071293644506733285
1754,0.0013710316251294864
5142,0.0007921516056303699
3789,0.0027420632502589727
2055,0.001492901102918774
1757,0.004113094875388459
4000,0.008866004509170678
5018,0.0514289196270794
7815,0.0003351410639205411
7618,0.00003046736944732192
7684,0.002985802205837548
7460,0.011729937237218938
5803,0.0015843032112607398
2743,0.0001523368472366096
4697,0.00006093473889464384
3015,0.0009140210834196576
4571,0.004905246481018829
5827,0.0008835537139723356
5335,0.00003046736944732192
6547,0.0017671074279446712
8,0.0020108463835232467
1719,0.0073121686673572606
4975,0.06526110535616354
4585,0.0042349643531777465
6208,0.004570105417098288
676,0.5486868563768205
5976,0.06443848638108586
7318,0.007007494972884041
4784,0.0013710316251294864
7895,0.0027725306197062946
1109,0.1495643166169033
7630,0.0006702821278410822
6174,0.0052708549143866915
458,0.20093230150508806
6737,0.00003046736944732192
301,0.0020108463835232467
4653,0.00286393272804826
5121,0.00006093473889464384
2105,0.005484126500517945
6847,0.0017061726890500275
7232,0.1260435074035708
1888,0.021083419657546766
614,0.0062762781061483155
2789,0.0017671074279446712
7890,0.020017061726890502
7829,0.00006093473889464384
6339,0.052952288099445494
3988,0.022454451282676254
5678,0.001066357930656267
2681,0.00006093473889464384
3132,0.0005788800194991164
3056,0.00006093473889464384
5973,0.3150021327158613
5261,0.03260008530863445
6390,0.0008835537139723356
1447,0.01096825300103589
6886,0.004143562244835781
5417,0.014014989945768082
326,0.17271951739686794
4305,0.24288586923405034
290,0.5939309000060935
6273,0.0005484126500517945
6530,0.0020413137529705686
7294,0.007342636036804582
4483,0.0008226189750776918
2723,0.00027420632502589724
6293,0.0020717811224178905
368,0.021357625982572664
4422,0.005545061239412589
480,0.05347023338004997
2144,0.004113094875388459
2510,0.06035585887514472
7125,0.009444884528669794
2522,0.0014624337334714522
1552,0.05322649442447139
1253,0.016452379501553836
6483,0.001096825300103589
2294,0.001492901102918774
7737,0.17741149229175554
6045,0.23926025226981903
4750,0.1046858814209981
5255,0.002620193772469685
1672,0.07787459630735483
4436,0.00143196636402413
3646,0.2297544330022546
7124,0.005575528608859911
2301,0.0037779538114679177
345,0.004082627505941137
4737,0.011821339345560905
5977,0.004691974894887575
6150,0.00009140210834196576
2581,0.0694960697093413
2639,0.0006702821278410822
833,0.0014014989945768082
1960,0.0009749558223143014
265,0.011882274084455548
2369,0.0008835537139723356
4695,0.0006093473889464384
6741,0.0007921516056303699
1338,0.01285722990676985
4384,0.011059655109377856
6394,0.026628480896959357
7042,0.13277679605142892
900,0.0007921516056303699
6051,0.00036560843336786304
2168,0.001066357930656267
1945,0.04137468770946316
2445,0.001157760038998233
5071,0.009780025592590336
1730,0.11321674486624825
1790,0.015629760526476143
4926,0.0027420632502589727
779,0.00009140210834196576
586,0.010237036134300164
84,0.13631101090731826
6161,0.0007921516056303699
5753,0.00024373895557857535
5890,0.07842300895740661
6154,0.02193650600207178
6443,0.004752909633782219
3349,0.00018280421668393152
5405,0.0492048016574249
60,0.08527816708305405
6705,0.0038693559198098837
6421,0.006154408628359027
1764,0.002894400097495582
3085,0.01797574797391993
5684,0.0027420632502589727
3639,0.22177198220705624
1076,0.07104990555115472
297,0.026628480896959357
7302,0.05270854914386692
2323,0.0004874779111571507
3932,0.0013710316251294864
7543,0.004539638047650966
4595,0.007403570775699226
3091,0.002681128511364329
1266,0.028791664127719212
3072,0.00006093473889464384
6560,0.002193650600207178
5414,0.0009140210834196576
4361,0.026293339833038814
5947,0.03927243921759795
4389,0.008317591859118883
7889,0.03908963500091402
5150,0.00003046736944732192
7179,0.12308817256718055
1145,0.5638291389921394
1317,0.0035646822253366643
6365,0.019773322771311923
7975,0.0046615075254402534
7471,0.0008530863445250137
7993,0.006154408628359027
7402,0.009079276095301932
5711,0.007342636036804582
7164,0.2004143562244836
157,0.0007616842361830479
6182,0.006245810736700993
4290,0.014167326793004692
7157,0.012948632015111814
4506,0.015233684723660958
2812,0.00024373895557857535
1361,0.0038693559198098837
4175,0.05353116811894461
1597,0.014228261531899336
5894,0.012765827798427883
5953,0.08616172079702639
387,0.08372433124124064
7695,0.0005179452806044726
6226,0.025379318749619156
367,0.005666930717201877
6779,0.13874840046310402
5333,0.00012186947778928768
3895,0.008195722381329595
6082,0.01937724696849674
4933,0.06480409481445372
6275,0.0004874779111571507
2032,0.009871427700932302
4497,0.004966181219913473
2956,0.00003046736944732192
12,0.01733593321552617
2708,0.0005484126500517945
7338,0.00018280421668393152
621,0.03290475900310767
1913,0.00006093473889464384
3268,0.0009444884528669794
1779,0.005545061239412589
6529,0.0023764548168911095
7753,0.006002071781122418
7645,0.07318262141246724
6340,0.0007007494972884041
4668,0.001919444275181281
6563,0.03729206020352203
2654,0.0003046736944732192
7107,0.012278349887270733
554,0.01191274145390287
7151,0.0714459813539699
6475,0.001127292669550911
5069,0.042745719334592654
6110,0.031168118944610322
4073,0.00039607580281518495
918,0.13189324233745658
6358,0.0020108463835232467
4780,0.0008530863445250137
4751,0.00027420632502589724
5297,0.0018280421668393151
6363,0.0013405642556821645
6383,0.028212784108220097
2220,0.001066357930656267
2153,0.31515446956309795
2806,0.0289135336055085
7454,0.0020413137529705686
5419,0.04658460788495521
6804,0.0024373895557857537
2877,0.0044177685698616785
7046,0.00018280421668393152
5905,0.02157089756870392
5547,0.00021327158613125343
1385,0.0014014989945768082
226,0.01730546584607885
1688,0.001858509536286637
5120,0.0009140210834196576
685,0.2429772713423923
5052,0.004844311742124185
7940,0.012339284626165377
2287,0.0036560843336786303
4082,0.01444153311803059
6436,0.010054231917616233
1761,0.08009871427700932
5360,0.0006093473889464384
11,0.21381999878130523
4427,0.01870696484065566
6236,0.0037779538114679177
3956,0.004143562244835781
5698,0.01922491012126013
7013,0.24608494302601913
5161,0.0003351410639205411
4246,0.03162512948632015
162,0.28892206446895374
1949,0.04308086039851319
3083,0.00024373895557857535
4445,0.001096825300103589
6867,0.00012186947778928768
2459,0.00024373895557857535
187,0.016421912132106514
469,0.0027420632502589727
1657,0.0005179452806044726
6817,0.0012796295167875206
1188,0.0013405642556821645
460,0.004265431722625068
7945,0.06251904210590457
4093,0.5496313448296875
475,0.02525744927182987
5295,0.001858509536286637
4262,0.0007312168667357261
5256,0.0031381390530741578
3451,0.0010054231917616234
7165,0.13253305709585034
3643,0.0056973980866491985
1826,0.0336359758698434
1613,0.2585460971299738
4949,0.0003046736944732192
7189,0.009323015050880507
3191,0.0030467369447321918
7720,0.023155200779964656
1907,0.0018280421668393151
6706,0.08259703857168972
222,0.0016757053196027054
4875,0.03653037596733898
114,0.00012186947778928768
1261,0.02604960087746024
6946,0.0007921516056303699
7162,0.062458107367009935
7867,0.09012247882517824
2253,0.20467978794710864
2446,0.0017671074279446712
7549,0.0077387118396197675
7181,0.15349460727560782
2051,0.00003046736944732192
700,0.004174029614283103
5811,0.00012186947778928768
2223,0.0019499116446286028
2965,0.00003046736944732192
6393,0.002955334836390226
1700,0.0014624337334714522
223,0.01669611845713241
3266,0.0017366400584973493
2606,0.003717019072573274
899,0.11729937237218939
233,0.04871732374626775
7309,0.0035342148558893424
1318,0.025379318749619156
1316,0.0013710316251294864
6539,0.0556029492413625
7149,0.008226189750776918
2249,0.1537078788617391
2017,0.10130400341234538
6417,0.01809761745170922
1925,0.05535921028578392
86,0.0301626957528487
7048,0.00024373895557857535
5188,0.00009140210834196576
6360,0.0015843032112607398
3684,0.0017671074279446712
689,0.27838035464018035
1500,0.00039607580281518495
693,0.12933398330388154
476,0.004113094875388459
5096,0.0004874779111571507
7947,0.031046249466821035
6793,0.0008530863445250137
7171,0.004326366461519712
4411,0.025958198769118274
4086,0.4069221863384315
7956,0.01063311193711535
3234,0.02665894826640668
139,0.03671318018402291
5192,0.00009140210834196576
7805,0.0021022484918652123
3965,0.001980379014075925
6822,0.00039607580281518495
45,0.5784839436963013
2485,0.00036560843336786304
2745,0.0435074035707757
4478,0.004783377003229541
7384,0.0030467369447321918
6153,0.0009749558223143014
5714,0.004509170678203644
4835,0.0012796295167875206
296,0.02812138199987813
6554,0.022759124977149475
5172,0.00003046736944732192
6422,0.006306745475595637
939,0.00036560843336786304
4812,0.0004874779111571507
7296,0.0005179452806044726
6891,0.016909390043263663
5962,0.0006093473889464384
6368,0.00006093473889464384
3946,0.03260008530863445
335,0.012339284626165377
522,0.0005484126500517945
670,0.06635793065626713
2111,0.020017061726890502
304,0.0019499116446286028
6562,0.03330083480592286
2504,0.00009140210834196576
148,0.001127292669550911
7357,0.04021692767046493
6048,0.007007494972884041
2466,0.03622570227286576
1846,0.00027420632502589724
271,0.0023764548168911095
4541,0.0013710316251294864
3412,0.01508134787642435
7110,0.0036256169642313084
3640,0.00286393272804826
5570,0.0015233684723660959
5215,0.6305222107123271
2647,0.0007312168667357261
5154,0.0023459874474437876
4873,0.00009140210834196576
5708,0.01508134787642435
1816,0.0017061726890500275
435,0.0031686064225214796
5426,0.08866004509170679
5423,0.12826762537322528
5993,0.0012186947778928768
2149,0.030467369447321917
5812,0.004722442264334897
421,0.00429589909207239
7633,0.0007007494972884041
2967,0.00006093473889464384
2560,0.00024373895557857535
582,0.002254585339101822
6302,0.0024373895557857537
2163,0.013222838340137712
95,0.029340076777771007
1454,0.0013710316251294864
5514,0.0008835537139723356
2897,0.011760404606666261
6227,0.0017061726890500275
2768,0.0010054231917616234
7184,0.013436109926268966
6392,0.014624337334714521
679,0.010358905612089452
7584,0.0015233684723660959
1242,0.004113094875388459
5328,0.1569374200231552
997,0.0058802023033331305
5779,0.00006093473889464384
3270,0.0022241179696545
4991,0.21829870209006155
978,0.00006093473889464384
1735,0.003290475900310767
6893,0.0017975747973919933
6333,0.061879227347510814
6708,0.0031076716836268355
4996,0.0027725306197062946
6658,0.007098897081226007
3424,0.0010358905612089452
2594,0.0005484126500517945
5681,0.016269575284869903
2960,0.0008530863445250137
1387,0.0016147705807080617
254,0.00143196636402413
5212,0.009566754006459082
2370,0.0005179452806044726
474,0.0008226189750776918
244,0.015538358418134179
7738,0.026445676680275424
4667,0.0032600085308634452
5232,0.0028334653586009383
1103,0.0031990737919688015
7745,0.0012491621473401987
336,0.0013710316251294864
6811,0.002285052708549144
1288,0.04247151300956675
7880,0.08640545975260495
759,0.0024069221863384314
3356,0.0014624337334714522
5083,0.0005179452806044726
7614,0.032234476875266586
5654,0.00003046736944732192
466,0.026476144049722747
5991,0.09131070623362379
7825,0.00003046736944732192
5701,0.014715739443056486
3598,0.20026201937724697
823,0.050545365913107064
6343,0.026141002985802207
4457,0.0013710316251294864
5950,0.08713667661934069
5286,0.013375175187374322
5031,0.0006398147583937603
2239,0.004265431722625068
38,0.02080921333252087
773,0.0014014989945768082
4791,0.003838888550362562
2599,0.008012918164645664
493,0.07793553104624946
6572,0.08972640302236305
2905,0.005179452806044726
6309,0.009444884528669794
4068,0.002163183230759856
4403,0.013618914142952897
341,0.00301626957528487
293,0.020595941746389616
5206,0.16278715495704102
5123,0.012613490951191275
6205,0.11117543111327768
6724,0.0007921516056303699
6765,0.03835841813417829
2231,0.1570592895009445
5704,0.005849734933885809
4477,0.004752909633782219
4067,0.00003046736944732192
1190,0.00003046736944732192
238,0.04070440558162208
2954,0.0010358905612089452
5080,0.010145634025958198
7856,0.131649503381878
3892,0.012979099384559137
1359,0.0007921516056303699
4339,0.03400158430321126
592,0.021662299677045884
845,0.002894400097495582
1950,0.0007616842361830479
7730,0.009475351898117117
7918,0.0004874779111571507
2749,0.03616476753397112
5159,0.005514593869965267
866,0.0013405642556821645
7575,0.0015843032112607398
1217,0.1494119797696667
1654,0.014715739443056486
7703,0.0004570105417098288
320,0.1738772774358662
470,0.17643653646944124
2552,0.00024373895557857535
6749,0.0012491621473401987
5051,0.0004570105417098288
1496,0.00524038754493937
2906,0.00039607580281518495
3922,0.0027420632502589727
4143,0.010237036134300164
4771,0.008713667661934068
1756,0.009292547681433186
1971,0.02434342818841021
4500,0.0060934738894643835
4847,0.0006398147583937603
5034,0.0397599171287551
5253,0.0004874779111571507
280,0.0023764548168911095
4534,0.0020108463835232467
5355,0.0035646822253366643
3300,0.0003046736944732192
34,0.01956005118518067
2516,0.0017975747973919933
1521,0.45061239412589116
2470,0.06605325696179391
6958,0.0035342148558893424
6513,0.001980379014075925
7168,0.14033270367436476
2908,0.002985802205837548
5680,0.009658156114801048
6103,0.0024069221863384314
1748,0.0015843032112607398
4286,0.08866004509170679
7657,0.031442325269636216
3912,0.002285052708549144
5246,0.7024252026080068
438,0.0007921516056303699
1501,0.00396075802815185
6689,0.011333861434403753
321,0.1748522332581805
7134,0.0054536591310706236
7874,0.0054536591310706236
4842,0.0012491621473401987
4551,0.009262080311985863
7417,0.2429772713423923
451,0.014837608920845775
2361,0.0007007494972884041
7407,0.0013710316251294864
6230,0.0001523368472366096
4952,0.0079215160563037
7196,0.03756626652854793
6744,0.0023764548168911095
6620,0.08469928706355494
7862,0.0013710316251294864
2262,0.443970507586375
7646,0.001980379014075925
6180,0.0007007494972884041
6281,0.00042654317226250687
4597,0.005514593869965267
2688,0.0018280421668393151
2499,0.0031686064225214796
7445,0.0001523368472366096
229,0.0028029979891536164
7153,0.028791664127719212
5908,0.040034123453781004
3177,0.00286393272804826
6315,0.002620193772469685
6773,0.001066357930656267
67,0.0653220400950582
2002,0.00006093473889464384
6159,0.0036560843336786303
3943,0.025318384010724514
5481,0.0028334653586009383
4236,0.00006093473889464384
6317,0.023734080799463774
3084,0.00009140210834196576
111,0.0004874779111571507
3807,0.0006093473889464384
383,0.09121930412528183
5898,0.004996648589360795
7089,0.00006093473889464384
6127,0.0721467308512583
5912,0.01873743221010298
5401,0.08817256718054964
6999,0.0014624337334714522
7329,0.037170190725732744
4982,0.03418438851989519
694,0.26975808908658827
6059,0.04039973188714886
4312,0.055298275546889285
3875,0.00021327158613125343
7791,0.04478703308756322
6700,0.003381878008652733
2963,0.0007921516056303699
125,0.03771860337578453
5415,0.018341356407287793
6002,0.02019986594357443
2831,0.003351410639205411
1955,0.009962829809274267
1771,0.03470233380049966
1195,0.0013710316251294864
7330,0.0015233684723660959
3338,0.00039607580281518495
224,0.5307415757723478
1668,0.1216257388337091
3160,0.00006093473889464384
150,0.00286393272804826
7845,0.007494972884041192
2241,0.10791542258241424
867,0.05319602705502407
7788,0.00036560843336786304
1738,0.006306745475595637
6261,0.028334653586009385
7892,0.06081286941685455
235,0.0016757053196027054
2410,0.00301626957528487
5228,0.0060934738894643835
7617,0.006611419170068856
502,0.0750715983182012
6794,0.004143562244835781
5804,0.0028029979891536164
5323,0.00009140210834196576
2583,0.06937420023155201
6193,0.0007312168667357261
3685,0.00003046736944732192
6894,0.008713667661934068
2776,0.00286393272804826
1698,0.0015843032112607398
7624,0.012461154103954665
251,0.23194808360246177
453,0.18253001035890562
308,0.0027725306197062946
4248,0.005666930717201877
1032,0.007373103406251904
6091,0.03912010237036134
820,0.008317591859118883
4672,0.0030467369447321918
1336,0.006459082322832247
3321,0.1929498507098897
2208,0.0042349643531777465
6688,0.013040034123453781
3648,0.3217049539942721
3335,0.0021022484918652123
6166,0.021083419657546766
4463,0.054871732374626773
5994,0.11955395771129121
1883,0.0013100968862348424
3697,0.0001523368472366096
6671,0.0012796295167875206
4276,0.0015233684723660959
7939,0.030558771555663885
3021,0.00003046736944732192
6414,0.0751934677959905
514,0.008134787642434952
5200,0.010115166656510877
4803,0.00009140210834196576
2540,0.004448235939309
7310,0.15654134422034002
4240,0.3795929559441838
2886,0.01575163000426543
3520,0.012918164645664493
3986,0.004874779111571507
3024,0.00003046736944732192
3628,0.00003046736944732192
3323,0.0040216927670464935
7266,0.0017061726890500275
1617,0.0015843032112607398
116,0.00009140210834196576
1262,0.03290475900310767
4867,0.00006093473889464384
7011,0.001492901102918774
7941,0.0035646822253366643
6751,0.001858509536286637
6564,0.008469928706355493
1063,0.02114435439644141
2716,0.004539638047650966
3280,0.0009749558223143014
3446,0.004509170678203644
2939,0.001492901102918774
5036,0.019468649076838707
4352,0.004996648589360795
4408,0.019103040643470844
3326,0.017853878496130644
6806,0.020565474376942294
3410,0.0013710316251294864
1808,0.009627688745353725
6384,0.024678569252330754
7960,0.004326366461519712
6669,0.0005484126500517945
5697,0.01477667418195113
4169,0.08348059228566206
7716,0.0009749558223143014
1919,0.15483517153128998
591,0.5758637499238316
2505,0.00009140210834196576
7489,0.0046615075254402534
3533,0.00024373895557857535
1662,0.022759124977149475
663,0.40314423252696363
6687,0.009109743464749253
7274,0.0006093473889464384
329,0.2237828285905795
2910,0.003717019072573274
2531,0.002132715861312534
2740,0.0004570105417098288
5076,0.0008530863445250137
6305,0.0023764548168911095
7978,0.05414051550789105
5948,0.03132045579184693
93,0.0014624337334714522
5959,0.005666930717201877
999,0.1865517031259521
2022,0.08661873133873621
7847,0.004691974894887575
1914,0.0017671074279446712
651,0.02285052708549144
7298,0.05094144171592225
6049,0.024678569252330754
6172,0.0003046736944732192
3916,0.0011882274084455548
1801,0.012095545670586802
7120,0.00143196636402413
3900,0.12528182316738773
2980,0.00018280421668393152
5014,0.05075863749923831
7119,0.060599597830723294
3698,0.00003046736944732192
1532,0.26573639631954177
3319,0.010511242459326062
2102,0.00036560843336786304
7000,0.0012186947778928768
3271,0.00027420632502589724
1035,0.005545061239412589
4635,0.18895862531229055
2509,0.0005484126500517945
4256,0.21835963682895618
7088,0.00018280421668393152
556,0.01078544878435196
384,0.006306745475595637
4382,0.013801718359636828
5542,0.00009140210834196576
4449,0.0054536591310706236
6035,0.07342636036804583
3957,0.001127292669550911
5748,0.00024373895557857535
7204,0.00460057278654561
7973,0.056120894521966974
4337,0.0025287916641277192
7707,0.01270489305953324
7117,0.0385107549814149
2339,0.0077387118396197675
5677,0.0013710316251294864
6864,0.008622265553592103
6963,0.006154408628359027
7208,0.009323015050880507
5299,0.0028029979891536164
6437,0.007403570775699226
7550,0.0028334653586009383
5969,0.3108281031015782
3566,0.00009140210834196576
6018,0.028182316738772775
2523,0.0009749558223143014
6145,0.16723539089635
7532,0.0023764548168911095
1873,0.004356833830967034
359,0.7103771860337579
5712,0.012735360428980562
4937,0.0042349643531777465
5958,0.0042349643531777465
607,0.5256230577051977
6447,0.004966181219913473
6915,0.00012186947778928768
6092,0.002163183230759856
6717,0.01712266162939492
4808,0.0014624337334714522
7653,0.06946560233989398
5260,0.01782341112668332
2204,0.002163183230759856
7485,0.003351410639205411
5574,0.00027420632502589724
548,0.001157760038998233
6215,0.0017671074279446712
159,0.2890134665772957
4105,0.01206507830113948
7938,0.0496313448296874
1221,0.04588385838766681
160,0.01002376454816891
6770,0.00036560843336786304
5784,0.0001523368472366096
1910,0.0005179452806044726
2547,0.00024373895557857535
4540,0.0025287916641277192
445,0.02985802205837548
5131,0.016726585826579734
1034,0.006580951800621534
1213,0.00009140210834196576
6629,0.0015233684723660959
478,0.010084699287063554
7376,0.0054536591310706236
684,0.1056303698738651
764,0.10102979708731948
6685,0.010419840350984096
3310,0.031442325269636216
1988,0.020077996465785144
6735,0.0031076716836268355
5296,0.00021327158613125343
566,0.013375175187374322
5241,0.5669977454146609
7967,0.003320943269758089
3284,0.00021327158613125343
90,0.00024373895557857535
2640,0.0009749558223143014
4661,0.0028029979891536164
268,0.0031686064225214796
4789,0.07894095423801109
2844,0.0008530863445250137
4753,0.10822009627688746
4767,0.002163183230759856
1948,0.13043080860398512
4876,0.0008530863445250137
5170,0.00021327158613125343
7848,0.009627688745353725
7882,0.05797940405825361
2295,0.0042349643531777465
4407,0.01636097739321187
2447,0.00024373895557857535
6574,0.03314849795868625
4856,0.10173054658460788
488,0.010754981414904637
2465,0.06803363597586984
5488,0.00006093473889464384
821,0.004905246481018829
6684,0.03948571080372921
6573,0.00923161294253854
1732,0.025836329291328987
7664,0.01096825300103589
2497,0.00042654317226250687
3873,0.00042654317226250687
6791,0.004905246481018829
5235,0.00042654317226250687
4451,0.06803363597586984
1809,0.0005788800194991164
4097,0.0005179452806044726
2717,0.008926939248065322
1448,0.004113094875388459
6136,0.057217719822070565
6812,0.008530863445250137
2548,0.0365608433367863
2218,0.00009140210834196576
4372,0.11108402900493572
1838,0.004752909633782219
7557,0.0038693559198098837
1051,0.007677777100725124
417,0.010328438242642131
32,0.6008165255011882
5676,0.004174029614283103
1070,0.03065017366400585
4722,0.0013710316251294864
840,0.00018280421668393152
4941,0.004539638047650966
6709,0.004448235939309
3274,0.0009444884528669794
4862,0.00003046736944732192
4968,0.006611419170068856
1777,0.0035342148558893424
674,0.20757418804460423
3572,0.00003046736944732192
375,0.18804460422887087
2222,0.05892389251112059
2945,0.00003046736944732192
2613,0.002285052708549144
2709,0.03579915910060325
4298,0.08765462189994516
7459,0.0027725306197062946
2386,0.0027420632502589727
5136,0.0013710316251294864
5035,0.03418438851989519
4006,0.07345682773749314
1746,0.0019499116446286028
1823,0.001492901102918774
2454,0.0004874779111571507
4882,0.059289500944488455
4727,0.0015843032112607398
1736,0.004905246481018829
6589,0.008073852903540308
2596,0.0004570105417098288
7206,0.008652732923039424
5565,0.23514715739443057
7333,0.00036560843336786304
409,0.09920175492048017
5140,0.001127292669550911
6109,0.03512887697276217
5582,0.24836999573456828
1951,0.009749558223143015
5972,0.004631040155992932
6922,0.010541709828773383
2922,0.0014014989945768082
4605,0.007098897081226007
6476,0.0024069221863384314
6651,0.008896471878618
1238,0.002681128511364329
4625,0.0143196636402413
1781,0.004570105417098288
6050,0.04999695326305527
386,0.07165925294010116
2411,0.0017975747973919933
54,0.6177563829138992
3936,0.0009140210834196576
2878,0.0435074035707757
3543,0.00009140210834196576
1140,0.028822131497166534
147,0.004722442264334897
430,0.010206568764852843
1957,0.29562488574736456
4016,0.07827067211017001
5580,0.0015538358418134177
2883,0.0013710316251294864
1248,0.01508134787642435
2419,0.00024373895557857535
7611,0.052434342818841025
6578,0.00012186947778928768
7732,0.010663579306562672
7307,0.016269575284869903
7280,0.010145634025958198
4380,0.07635122783498872
6379,0.025653525074645054
7343,0.00021327158613125343
2652,0.00027420632502589724
7713,0.07982450795198343
4122,0.004783377003229541
3151,0.007373103406251904
8002,0.00006093473889464384
7649,0.00009140210834196576
5786,0.0001523368472366096
4706,0.0009749558223143014
491,0.0007921516056303699
6557,0.031229053683504968
1646,0.0036256169642313084
4606,0.0017366400584973493
6662,0.0018280421668393151
5002,0.0016147705807080617
5197,0.0212662238742307
5781,0.00006093473889464384
1887,0.020748278593626227
6939,0.0003046736944732192
2038,0.0004874779111571507
6210,0.004265431722625068
6382,0.0021022484918652123
4989,0.17137895314118579
7765,0.011303394064956432
7888,0.06029492413625007
1961,0.0027420632502589727
362,0.019803790140759246
1786,0.01684845530436902
4101,0.04826031320455792
3293,0.0019499116446286028
4513,0.003717019072573274
4539,0.007525440253488514
3870,0.0001523368472366096
6952,0.0023764548168911095
277,0.001127292669550911
4715,0.01791481323502529
7284,0.10215708975687039
1649,0.0040216927670464935
4324,0.015233684723660958
6147,0.01587349948205472
431,0.00003046736944732192
2675,0.0003351410639205411
6253,0.005910669672780452
3910,0.02080921333252087
1723,0.08031198586314058
7138,0.003351410639205411
7670,0.0031381390530741578
7254,0.0021022484918652123
4363,0.002955334836390226
7957,0.01096825300103589
3600,0.010237036134300164
6813,0.00027420632502589724
526,0.028852598866613857
4592,0.013893120467978795
3038,0.001858509536286637
4454,0.0027420632502589727
4159,0.0029248674669429043
1607,0.00006093473889464384
1139,0.0027420632502589727
4521,0.007403570775699226
2506,0.0025287916641277192
7186,0.13076594966790567
7715,0.0005788800194991164
6672,0.00024373895557857535
6643,0.0030467369447321918
3688,0.001096825300103589
6778,0.008469928706355493
40,0.0013710316251294864
7193,0.0006398147583937603
5270,0.0035646822253366643
6670,0.0003351410639205411
6179,0.00539272439217598
6971,0.0020108463835232467
3425,0.0006702821278410822
4441,0.004113094875388459
2211,0.0011882274084455548
175,0.05328742916336603
5536,0.00039607580281518495
1869,0.0013710316251294864
361,0.09920175492048017
4107,0.13487904454329414
594,0.0013710316251294864
7480,0.0006702821278410822
2156,0.02476997136067272
5079,0.02205837547986107
1952,0.013710316251294864
5713,0.0027420632502589727
4311,0.0005788800194991164
4438,0.0017366400584973493
5341,0.0009140210834196576
7688,0.003686551703125952
4690,0.04789470477119005
7559,0.0010054231917616234
2256,0.03135092316129425
7766,0.016757053196027057
1885,0.03863262445920419
2484,0.00006093473889464384
4127,0.005484126500517945
6463,0.0023459874474437876
6202,0.14264822375236122
3907,0.10962159527146426
3971,0.5810432027298763
3332,0.016452379501553836
7130,0.13244165498750837
7989,0.007281701297909939
1226,0.003290475900310767
7438,0.00460057278654561
1682,0.0009444884528669794
7750,0.00396075802815185
259,0.0023764548168911095
7014,0.07041009079276095
1941,0.0027420632502589727
5191,0.0001523368472366096
4018,0.057827067211017
2047,0.06437755164219121
2642,0.00024373895557857535
428,0.0015843032112607398
1491,0.03863262445920419
1331,0.10428980561818292
3565,0.0004874779111571507
896,0.11952349034184388
3901,0.11848759978063494
9,0.014075924684662726
5588,0.00018280421668393152
406,0.005027115958808117
1150,0.001066357930656267
547,0.0013710316251294864
4805,0.001127292669550911
6878,0.028243251477667417
3573,0.00012186947778928768
190,0.0165437816098958
1739,0.0069160928645420755
2341,0.0027420632502589727
6888,0.010663579306562672
2150,0.020748278593626227
2486,0.00009140210834196576
5203,0.00024373895557857535
2746,0.006946560233989397
6263,0.004966181219913473
6597,0.00968862348424837
261,0.011090122478825178
517,0.00935348242032783
6143,0.0015233684723660959
4472,0.04036926451770154
1027,0.008957406617512645
4310,0.003747486442020596
6666,0.0036256169642313084
3458,0.0024373895557857537
4837,0.00042654317226250687
6326,0.0046615075254402534
859,0.0004570105417098288
2785,0.06599232222289927
1831,0.00003046736944732192
5243,0.2107123270976784
6232,0.19410761074888794
2413,0.0013100968862348424
3790,0.012918164645664493
878,0.005301322283834013
3969,0.03418438851989519
857,0.055938090305283045
191,0.0016757053196027054
5638,0.00018280421668393152
5139,0.005514593869965267
2733,0.0011882274084455548
5818,0.0014624337334714522
2302,0.004570105417098288
5482,0.027055024069221865
7700,0.00027420632502589724
3042,0.00018280421668393152
1110,0.0015843032112607398
1653,0.005971604411675096
4777,0.002620193772469685
3350,0.00012186947778928768
6278,0.0044177685698616785
2669,0.00006093473889464384
2186,0.00024373895557857535
1828,0.0027420632502589727
5092,0.0013710316251294864
3099,0.0006398147583937603
4052,0.00021327158613125343
1612,0.25653525074645056
1059,0.0007921516056303699
7693,0.008683200292486747
888,0.005484126500517945
6107,0.0013405642556821645
6213,0.004265431722625068
944,0.0035037474864420205
1315,0.006063006520017062
1953,0.2973310584364146
2240,0.0013710316251294864
3514,0.0004874779111571507
6203,0.00301626957528487
5763,0.0013710316251294864
7373,0.03805374443970508
4779,0.011516665651087684
248,0.004143562244835781
778,0.0003046736944732192
1879,0.006154408628359027
4267,0.0004874779111571507
3162,0.0006702821278410822
2238,0.07638169520443605
4243,0.002589726403022363
760,0.010998720370483212
2802,0.001157760038998233
7334,0.0007616842361830479
5524,0.002620193772469685
4700,0.006977027603436719
946,0.04070440558162208
6606,0.0017975747973919933
1,0.120102370361343
1522,0.4685881420998111
7437,0.004874779111571507
4259,0.004052160136493815
5074,0.00923161294253854
4761,0.0066723539089635
5510,0.13908354152702457
2748,0.0007921516056303699
4796,0.014167326793004692
6,0.018067150082261896
47,0.0007616842361830479
5049,0.0004570105417098288
4495,0.004326366461519712
4821,0.0031686064225214796
6413,0.07650356468222534
5114,0.00027420632502589724
5671,0.0024678569252330755
6216,0.002254585339101822
4325,0.08277984278837365
3908,0.004174029614283103
1369,0.00018280421668393152
1497,0.006123941258911705
609,0.004356833830967034
2603,0.0005179452806044726
5828,0.0015538358418134177
5343,0.0003351410639205411
272,0.005545061239412589
4596,0.0037779538114679177
5144,0.004113094875388459
5110,0.0006398147583937603
7121,0.008195722381329595
5292,0.0014624337334714522
5218,0.0010358905612089452
194,0.00795198342575102
6240,0.05538967765523125
6316,0.013070501492901104
6337,0.0005788800194991164
1811,0.003717019072573274
3445,0.0014624337334714522
2281,0.0013710316251294864
4778,0.0009749558223143014
3825,0.00039607580281518495
1228,0.15599293157028823
6449,0.02111388702699409
536,0.03171653159466212
6486,0.0015843032112607398
5134,0.0013710316251294864
4459,0.0013710316251294864
2838,0.00024373895557857535
5498,0.0027420632502589727
5287,0.003686551703125952
7591,0.00396075802815185
7347,0.00012186947778928768
266,0.0015843032112607398
1354,0.10858570471025532
3297,0.0009749558223143014
7076,0.0005484126500517945
2520,0.006367680214490281
673,0.0013710316251294864
5765,0.009444884528669794
5067,0.002681128511364329
3811,0.0016757053196027054
501,0.07418804460422887
851,0.0014014989945768082
5643,0.0007007494972884041
2336,0.006550484431174212
5195,0.00006093473889464384
2511,0.0017061726890500275
2004,0.00018280421668393152
2080,0.002681128511364329
2609,0.004356833830967034
6594,0.0003046736944732192
4517,0.00003046736944732192
2483,0.06970934129547254
826,0.0017975747973919933
6681,0.07671683626835658
7702,0.024952775577356652
6619,0.002254585339101822
5030,0.003351410639205411
1326,0.055663883980257144
2889,0.00024373895557857535
844,0.0007921516056303699
3653,0.3228017792943757
7236,0.0008530863445250137
1384,0.0031990737919688015
3186,0.0007616842361830479
462,0.19493022972396562
6919,0.002132715861312534
7807,0.0010054231917616234
3575,0.00006093473889464384
1254,0.03427579062823716
6656,0.13646334775455488
3427,0.00006093473889464384
6219,0.14938151240021935
4588,0.0020413137529705686
521,0.0036560843336786303
7410,0.004905246481018829
1997,0.30269331545914324
3959,0.004204496983730425
2165,0.1879532021205289
5648,0.001127292669550911
4170,0.07543720675156906
604,0.006398147583937603
4342,0.09658156114801048
6944,0.008043385534092987
6352,0.016117238437633293
2230,0.05362257022728657
4872,0.00018280421668393152
3347,0.00036560843336786304
4265,0.00006093473889464384
2045,0.00012186947778928768
1818,0.02540978611906648
6448,0.0008530863445250137
3076,0.0001523368472366096
7822,0.00009140210834196576
3187,0.001980379014075925
154,0.0038998232892572056
7111,0.0017975747973919933
6445,0.0007921516056303699
7109,0.060904271525196514
6576,0.010237036134300164
267,0.00396075802815185
479,0.0027420632502589727
1766,0.00938394978977515
442,0.0015843032112607398
1346,0.01160806775942965
5512,0.0024373895557857537
5952,0.045304978368167693
6423,0.01587349948205472
860,0.05542014502467857
3838,0.00024373895557857535
2476,0.00006093473889464384
1774,0.0005484126500517945
3837,0.00018280421668393152
5259,0.011151057217719822
4536,0.003686551703125952
1056,0.009262080311985863
3330,0.00042654317226250687
6616,0.0013710316251294864
3596,0.009901895070379623
7708,0.012918164645664493
6763,0.00301626957528487
5340,0.0007312168667357261
2475,0.0034732801169946987
1980,0.0020717811224178905
4502,0.008073852903540308
1286,0.013070501492901104
57,0.0882639692888916
348,0.0054536591310706236
2786,0.0013100968862348424
4648,0.00006093473889464384
4242,0.0007921516056303699
2390,0.003351410639205411
2480,0.00012186947778928768
1645,0.001492901102918774
6540,0.0008530863445250137
2176,0.0007312168667357261
667,0.054841265005179454
7216,0.0437816098958016
2482,0.00042654317226250687
5119,0.008195722381329595
6131,0.19142648223752362
5064,0.0028334653586009383
7747,0.02257632076046554
654,0.0027420632502589727
4744,0.4425994759612455
4106,0.13515325086832003
7285,0.10209615501797575
5486,0.14654804704161842
3711,0.00006093473889464384
5792,0.0032295411614161234
6525,0.00021327158613125343
7131,0.004935713850466151
7015,0.24876607153738345
1588,0.0027420632502589727
5793,0.0007921516056303699
6080,0.00009140210834196576
7598,0.017549204801657423
4940,0.0016757053196027054
3174,0.00042654317226250687
7635,0.006459082322832247
31,0.06456035585887515
146,0.00006093473889464384
6842,0.003747486442020596
7873,0.011151057217719822
6752,0.008835537139723357
3127,0.00027420632502589724
7272,0.04298945829017123
7915,0.001096825300103589
4302,0.010389372981536775
938,0.011151057217719822
495,0.0008530863445250137
7288,0.0012186947778928768
583,0.1189750776917921
211,0.027969045152641522
6378,0.006215343367253671
2801,0.00024373895557857535
5217,0.0015538358418134177
4828,0.0006398147583937603
7793,0.0006702821278410822
7412,0.0013710316251294864
5893,0.0025287916641277192
4163,0.019438181707391384
3442,0.0010358905612089452
5221,0.005910669672780452
13,0.002315520077996466
3941,0.009871427700932302
1225,0.04110048138443727
318,0.010907318262141247
974,0.00009140210834196576
2246,0.4807141551398452
5841,0.27777100725123394
7320,0.0004874779111571507
6565,0.002589726403022363
5520,0.04326366461519712
702,0.03698738650904881
243,0.006367680214490281
6019,0.009170678203643897
5982,0.006306745475595637
41,0.05298275546889281
872,0.0007921516056303699
5887,0.07857534580464323
503,0.00006093473889464384
7129,0.0012186947778928768
7427,0.2581195539577113
6322,0.0022241179696545
2395,0.0027420632502589727
7560,0.0013710316251294864
4429,0.004356833830967034
80,0.918225580403388
6569,0.003442812747547377
5111,0.0007312168667357261
7619,0.00429589909207239
5020,0.003320943269758089
6972,0.0014624337334714522
7672,0.004082627505941137
344,0.003991225397599172
412,0.1046554140515508
1686,0.002955334836390226
4537,0.0009444884528669794
6654,0.003412345378100055
6926,0.0015843032112607398
1014,0.0701968192066297
4826,0.0003046736944732192
4542,0.0020108463835232467
2793,0.00024373895557857535
1258,0.023307537627201266
1663,0.0016147705807080617
4138,0.002285052708549144
6542,0.001127292669550911
6638,0.00006093473889464384
7078,0.004935713850466151
2629,0.004539638047650966
6090,0.002163183230759856
6001,0.021723234415940526
7948,0.030436902077874597
6787,0.0029248674669429043
7304,0.07991591006032539
3938,0.007068429711778685
351,0.009780025592590336
873,0.0013405642556821645
4755,0.004966181219913473
6301,0.0025287916641277192
4076,0.07199439400402169
6945,0.002163183230759856
7752,0.14313570166351838
5227,0.0015233684723660959
4802,0.001157760038998233
4253,0.009505819267564438
7255,0.10130400341234538
77,0.002559259033575041
7059,0.00003046736944732192
7622,0.00024373895557857535
6548,0.00003046736944732192
568,0.04554871732374627
6299,0.018585095362866372
5275,0.001492901102918774
2322,0.008530863445250137
3897,0.12403266102004754
6641,0.00018280421668393152
3432,0.001066357930656267
5899,0.0012796295167875206
3567,0.00006093473889464384
1990,0.04813844372676863
2261,0.09176771677533362
4505,0.0008530863445250137
3652,0.09115836938638718
1655,0.0032600085308634452
6660,0.006123941258911705
5345,0.0004570105417098288
1453,0.01782341112668332
1832,0.011333861434403753
4634,0.010358905612089452
7964,0.0036256169642313084
1959,0.01017610139540552
4591,0.21132167448662484
2618,0.0017975747973919933
725,0.0027420632502589727
3110,0.0008835537139723356
3175,0.00009140210834196576
1509,0.0030467369447321918
5237,0.24014380598379137
2412,0.0007312168667357261
1373,0.001127292669550911
4341,0.0011882274084455548
1229,0.03838888550362562
4111,0.14938151240021935
4523,0.01477667418195113
3967,0.002132715861312534
7893,0.0021022484918652123
7901,0.0013405642556821645
7683,0.0052708549143866915
3067,0.0001523368472366096
4448,0.0027420632502589727
6781,0.12549509475351897
7576,0.0007921516056303699
6323,0.023947352385595026
7220,0.005514593869965267
4698,0.002132715861312534
4437,0.005758332825543842
7904,0.0014014989945768082
2308,0.0013710316251294864
6790,0.008348059228566206
757,0.009719090853695692
7706,0.0007312168667357261
7408,0.007616842361830479
6039,0.012126013040034123
4839,0.0001523368472366096
6960,0.0016147705807080617
6762,0.004570105417098288
1005,0.00036560843336786304
2556,0.00024373895557857535
6020,0.016574248979343124
4062,0.00036560843336786304
1512,0.013253305709585035
6089,0.0024069221863384314
4054,0.00012186947778928768
6450,0.0050575833282554385
433,0.03942477606483456
4503,0.004113094875388459
4840,0.00021327158613125343
1043,0.0015843032112607398
6884,0.0040216927670464935
5747,0.00018280421668393152
6580,0.006611419170068856
96,0.002132715861312534
5904,0.002894400097495582
4953,0.017518737432210104
1547,0.002681128511364329
7325,0.006002071781122418
2824,0.0017061726890500275
5251,0.013070501492901104
4748,0.007494972884041192
5248,0.004783377003229541
3871,0.00009140210834196576
6546,0.002193650600207178
2503,0.00006093473889464384
3995,0.050240692218633844
1502,0.004356833830967034
747,0.00021327158613125343
1363,0.10410700140149899
5673,0.0028029979891536164
996,0.006337212845042959
4811,0.0006398147583937603
6470,0.007403570775699226
7142,0.04183169825117299
2496,0.03948571080372921
4947,0.002285052708549144
7112,0.01081591615379928
1902,0.0009444884528669794
6284,0.0011882274084455548
7787,0.002163183230759856
5164,0.0001523368472366096
7403,0.006733288647858144
753,0.023459874474437876
4883,0.4220340015843032
4102,0.14755347023338006
1019,0.0031686064225214796
1523,0.0027420632502589727
3876,0.00006093473889464384
1908,0.04646273840716592
708,0.014898543659740419
7642,0.0013100968862348424
316,0.17338979952470904
312,0.0010054231917616234
2794,0.0024069221863384314
3361,0.009597221375906404
4628,0.050880506977027604
5081,0.0005179452806044726
4139,0.007251233928462617
3704,0.0005788800194991164
2875,0.03482420327828895
467,0.17217110474681616
6861,0.13433063189324235
5665,0.00003046736944732192
5964,0.005118518067150082
1793,0.004874779111571507
4662,0.0024373895557857537
6879,0.011242459326061788
7680,0.003381878008652733
2584,0.06852111388702699
4999,0.00009140210834196576
6043,0.008256657120224239
7372,0.0004570105417098288
195,0.009871427700932302
4375,0.05471939552739016
6195,0.048778258485162394
1892,0.006702821278410822
3637,0.00143196636402413
5077,0.001858509536286637
6768,0.14118579001888976
2158,0.0017061726890500275
1545,0.0013100968862348424
7850,0.12695752848699043
2309,0.04094814453720066
52,0.6248552799951252
972,0.00036560843336786304
5336,0.00027420632502589724
5724,0.001492901102918774
2651,0.00018280421668393152
6225,0.1497166534641399
6647,0.2813356894765706
7974,0.0026506611419170067
710,0.531046249466821
1344,0.16086771068185973
1970,0.037170190725732744
6123,0.10051185180671501
7148,0.018828834318444947
4501,0.013375175187374322
2097,0.0035342148558893424
4484,0.00024373895557857535
5901,0.0075559076229358355
6880,0.006946560233989397
1215,0.102309426604107
4544,0.0024983242946803974
5057,0.004204496983730425
6248,0.0013405642556821645
1230,0.002285052708549144
6372,0.0004570105417098288
2005,0.00012186947778928768
575,0.003747486442020596
3970,0.0011882274084455548
995,0.3561026141002986
1741,0.003747486442020596
4545,0.0006398147583937603
2703,0.004387301200414356
1976,0.02671988300530132
7198,0.007281701297909939
5649,0.00021327158613125343
7872,0.0008226189750776918
1025,0.0015843032112607398
6419,0.0015843032112607398
6630,0.0001523368472366096
3043,0.0021022484918652123
5331,0.0007616842361830479
6255,0.008500396075802816
5220,0.0017671074279446712
7140,0.007586374992383157
4185,0.0027420632502589727
6184,0.0924379989031747
7748,0.019742855401864604
6374,0.03156419474742551
3546,0.0017671074279446712
1105,0.1509658156114801
6591,0.004204496983730425
6692,0.01288769727621717
7340,0.00024373895557857535
477,0.004722442264334897
4563,0.00006093473889464384
1106,0.0015843032112607398
6171,0.18579001888976907
5759,0.00009140210834196576
4992,0.025379318749619156
1259,0.01919444275181281
122,0.02735969776369508
6646,0.0035037474864420205
6575,0.00143196636402413
4425,0.005118518067150082
5037,0.024556699774541467
4074,0.00009140210834196576
2741,0.004326366461519712
3846,0.00021327158613125343
4827,0.05697398086649199
2862,0.0004874779111571507
4550,0.010450307720431418
3915,0.014959478398635062
7604,0.0017975747973919933
6544,0.013923587837426117
6298,0.017853878496130644
5531,0.0027420632502589727
1994,0.14197794162452013
4447,0.005758332825543842
5519,0.04396441411248553
2887,0.018798366948997624
2721,0.00024373895557857535
3942,0.005788800194991164
7321,0.006123941258911705
4496,0.0143196636402413
7714,0.002559259033575041
6771,0.0004570105417098288
5038,0.008287124489671562
5301,0.0032600085308634452
6158,0.01907257327402352
824,0.0013405642556821645
7798,0.08926939248065321
6868,0.00006093473889464384
1041,0.00021327158613125343
3426,0.001919444275181281
4984,0.0874413503138139
563,0.6571811589787337
3808,0.00006093473889464384
7533,0.0009140210834196576
7556,0.001127292669550911
3150,0.0010358905612089452
7327,0.0015843032112607398
3166,0.0028334653586009383
184,0.018371823776735116
3603,0.00012186947778928768
2224,0.05572481871915179
6291,0.03320943269758089
5997,0.00018280421668393152
4358,0.00021327158613125343
6480,0.018189019560051187
2020,0.006855158125647432
1390,0.00024373895557857535
2738,0.00143196636402413
128,0.009566754006459082
6187,0.0006398147583937603
2183,0.00682469075620011
1107,0.0015843032112607398
3682,0.0006093473889464384
2275,0.0009749558223143014
7424,0.25138626530985314
1544,0.0011882274084455548
7551,0.0015843032112607398
2563,0.0012186947778928768
3635,0.002132715861312534
1609,0.1292730485649869
1900,0.024099689232831636
6644,0.00460057278654561
6229,0.0006093473889464384
6652,0.0017671074279446712
3975,0.62445920419231
2807,0.00006093473889464384
5636,0.00006093473889464384
1371,0.0005179452806044726
4446,0.07397477301809761
6636,0.00006093473889464384
2797,0.0006702821278410822
534,0.03065017366400585
7315,0.19980500883553715
231,0.00042654317226250687
6851,0.47806349399792825
4011,0.058162208274937545
5783,0.0009444884528669794
396,0.04908293217963561
7479,0.010754981414904637
570,0.00018280421668393152
1611,0.00143196636402413
841,0.0023764548168911095
213,0.004113094875388459
6734,0.0018889769057339589
6371,0.0007312168667357261
1233,0.08655779659984157
4633,0.05027115958808116
2524,0.005819267564438487
3531,0.00021327158613125343
292,0.020595941746389616
1989,0.03162512948632015
2597,0.0008226189750776918
5046,0.08302358174395223
5125,0.01748827006276278
6808,0.0038693559198098837
1822,0.00429589909207239
3950,0.002985802205837548
7632,0.003290475900310767
1943,0.04219730668454086
2179,0.002681128511364329
6527,0.0005484126500517945
7678,0.02449576503564682
4786,0.004265431722625068
5669,0.00006093473889464384
7933,0.0035951495947839866
6034,0.003351410639205411
3034,0.0012491621473401987
2538,0.0008530863445250137
649,0.029949424166717444
4552,0.00009140210834196576
3359,0.01587349948205472
3523,0.00021327158613125343
5554,0.00006093473889464384
1616,0.0003351410639205411
822,0.0017975747973919933
2452,0.002193650600207178
425,0.0038084211809152396
6279,0.1313752970568521
2252,0.8015050880506978
208,0.02812138199987813
6231,0.02735969776369508
2142,0.004570105417098288
560,0.23910791542258242
1763,0.002711595880811651
4426,0.007616842361830479
7301,0.006002071781122418
6264,0.011181524587167145
5062,0.05493266711352142
3527,0.014258728901346657
6772,0.0010358905612089452
2879,0.017518737432210104
7229,0.0006702821278410822
6655,0.13149716653464139
7398,0.00024373895557857535
129,0.0007312168667357261
6125,0.07336542562915117
2317,0.00042654317226250687
1733,0.0017671074279446712
1515,0.03476326853939431
1223,0.0877155566388398
3218,0.0005788800194991164
5149,0.0058802023033331305
7650,0.006215343367253671
178,0.0016452379501553835
322,0.006763756017305466
1339,0.0009749558223143014
7250,0.037170190725732744
2467,0.001096825300103589
4788,0.11946255560294924
6387,0.0006093473889464384
4329,0.002894400097495582
1508,0.0075559076229358355
2638,0.00024373895557857535
3914,0.0038084211809152396
389,0.007799646578514411
1742,0.0024983242946803974
6100,0.0008530863445250137
2033,0.00039607580281518495
6140,0.1421912132106514
6244,0.04015599293157029
6892,0.010145634025958198
1973,0.0024373895557857537
4775,0.0014624337334714522
3010,0.0007616842361830479
6916,0.0006702821278410822
413,0.018950703796234234
4171,0.07802693315459143
1023,0.0023764548168911095
7268,0.002955334836390226
7439,0.0017061726890500275
6058,0.012674425690085919
5734,0.0008835537139723356
2292,0.0005179452806044726
993,0.37215891779903726
5990,0.08113460483821827
5945,0.14520748278593626
2872,0.015721162634818108
225,0.03098531472792639
2533,0.00024373895557857535
7345,0.00027420632502589724
5058,0.0006702821278410822
161,0.2929742246054476
2171,0.052952288099445494
3345,0.0014014989945768082
260,0.005545061239412589
6607,0.0009749558223143014
4985,0.0358600938394979
2760,0.0011882274084455548
7102,0.00301626957528487
1010,0.03549448540613003
7361,0.1395405520687344
2527,0.0016757053196027054
653,0.02635427457193346
2226,0.002315520077996466
703,0.09630735482298458
3931,0.015812564743160076
2059,0.00021327158613125343
6579,0.008165255011882274
1975,0.49351045030772045
6346,0.0030772043141795136
5987,0.0009444884528669794
1979,0.02306379867162269
5813,0.00021327158613125343
3375,0.00460057278654561
4015,0.054688928157942844
2091,0.0027420632502589727
2949,0.0013100968862348424
865,0.0009140210834196576
7444,0.0013710316251294864
3044,0.00009140210834196576
1776,0.0005179452806044726
7719,0.11842666504174029
2689,0.0019499116446286028
6551,0.009658156114801048
5824,0.0020413137529705686
1965,0.04978368167692401
5737,0.0004874779111571507
7986,0.05730912193041253
5198,0.013436109926268966
2408,0.0019499116446286028
212,0.008683200292486747
4768,0.0011882274084455548
6460,0.00018280421668393152
4782,0.15550545365913107
1040,0.0031686064225214796
3344,0.0020108463835232467
2321,0.0005179452806044726
5226,0.003290475900310767
228,0.0024678569252330755
2090,0.04426908780695875
4482,0.003991225397599172
2018,0.0018280421668393151
1921,0.19051246115410395
2539,0.0018280421668393151
7931,0.05091097434647492
7241,0.00012186947778928768
1013,0.0346109316921577
294,0.019133508012918164
7263,0.0024373895557857537
7305,0.0035646822253366643
5992,0.08835537139723357
2313,0.00006093473889464384
5236,0.0024069221863384314
2450,0.0007312168667357261
436,0.005545061239412589
6247,0.0013710316251294864
3656,0.00018280421668393152
4322,0.01812808482115654
6598,0.08268844068003169
6101,0.012765827798427883
1519,0.023307537627201266
1525,0.0027420632502589727
7621,0.0006398147583937603
6289,0.00042654317226250687
7902,0.0004874779111571507
2990,0.00006093473889464384
6473,0.00603253915056974
3659,0.002559259033575041
7375,0.0020108463835232467
3438,0.00006093473889464384
2368,0.0001523368472366096
2834,0.00042654317226250687
7423,0.2494972884041192
6395,0.004874779111571507
5526,0.0005788800194991164
6534,0.01206507830113948
2057,0.006611419170068856
2814,0.0007312168667357261
415,0.0004874779111571507
4313,0.0008226189750776918
4565,0.00042654317226250687
7248,0.0020413137529705686
784,0.00003046736944732192
1767,0.00003046736944732192
1596,0.0859179818414478
5266,0.004113094875388459
7256,0.007647309731277802
7673,0.0005788800194991164
2056,0.009627688745353725
7770,0.0024069221863384314
221,0.531046249466821
2495,0.0006702821278410822
1966,0.4504905246481019
785,0.00006093473889464384
1260,0.024678569252330754
4593,0.004996648589360795
4934,0.008165255011882274
5504,0.14837608920845774
7881,0.007799646578514411
1321,0.05974651148619828
752,0.00027420632502589724
525,0.00429589909207239
6118,0.004631040155992932
2979,0.00003046736944732192
4564,0.0017975747973919933
1946,0.048625921637925784
6129,0.1840533788312717
6707,0.00003046736944732192
5798,0.0015843032112607398
391,0.0034732801169946987
5132,0.0027420632502589727
5566,0.0016147705807080617
1495,0.0358600938394979
6377,0.009810492962037658
6690,0.01364938151240022
4481,0.00953628663701176
6487,0.0015843032112607398
1743,0.010358905612089452
5573,0.0015843032112607398
3222,0.00024373895557857535
5696,0.03351410639205411
6085,0.039394308695387244
300,0.006215343367253671
2656,0.00006093473889464384
4710,0.012826762537322527
834,0.008287124489671562
5209,0.008012918164645664
7599,0.002955334836390226
6826,0.00018280421668393152
6380,0.005666930717201877
7772,0.001127292669550911
4452,0.04365974041801231
903,0.0023764548168911095
3550,0.00024373895557857535
3153,0.01063311193711535
7491,0.0024678569252330755
2054,0.0004570105417098288
4938,0.061665955761379565
6969,0.00572786545609652
3594,0.1990737919688014
4834,0.005849734933885809
48,0.004113094875388459
7292,0.0006702821278410822
1348,0.0016757053196027054
647,0.026902687221985255
6600,0.001066357930656267
2867,0.0007312168667357261
5428,0.5056364633477546
5129,0.006702821278410822
7276,0.0017671074279446712
1847,0.0005788800194991164
6940,0.0022241179696545
4239,0.004448235939309
4117,0.03375784534763269
3149,0.00024373895557857535
199,0.01727499847663153
2808,0.00012186947778928768
1333,0.04457376150143197
5204,0.0065200170617268904
313,0.0025287916641277192
4327,0.014045457315215405
701,0.008256657120224239
4809,0.00003046736944732192
4623,0.03902870026201938
7699,0.002132715861312534
2069,0.0013710316251294864
7885,0.0007921516056303699
4334,0.08040338797148254
7698,0.0007921516056303699
5102,0.003717019072573274
7243,0.12296630308939126
7190,0.002315520077996466
7349,0.00012186947778928768
1987,0.03686551703125952
2254,0.48168911096215955
2612,0.00018280421668393152
4854,0.09783072329535068
7932,0.005484126500517945
4424,0.014837608920845775
1740,0.005636463347754555
3417,0.0013710316251294864
6937,0.00006093473889464384
2478,0.0012796295167875206
5168,0.00021327158613125343
7844,0.00012186947778928768
2106,0.013344707817927
4720,0.0031990737919688015
7147,0.012461154103954665
2314,0.00003046736944732192
2541,0.0011882274084455548
4491,0.0006702821278410822
7446,0.00018280421668393152
2304,0.002285052708549144
1812,0.005423191761623302
461,0.03174699896410944
106,0.0013100968862348424
4978,0.05730912193041253
169,0.008805069770276034
3146,0.0014014989945768082
6252,0.0008530863445250137
2114,0.08933032721954787
7278,0.00920114557309122
4275,0.00012186947778928768
4654,0.00009140210834196576
1202,0.0018280421668393151
7257,0.0008835537139723356
4080,0.2627505941137042
662,0.06437755164219121
166,0.04314179513740784
174,0.0027420632502589727
3422,0.0005788800194991164
5527,0.002315520077996466
1187,0.08893425141673268
1531,0.025348851380171837
7759,0.00018280421668393152
1594,0.003717019072573274
4423,0.004844311742124185
3154,0.00003046736944732192
3874,0.00003046736944732192
7242,0.0005788800194991164
7223,0.04216683931509353
6135,0.07930656267137895
5413,0.0008835537139723356
513,0.0005484126500517945
3167,0.0004874779111571507
5963,0.012796295167875206
2932,0.00018280421668393152
3443,0.0003351410639205411
5152,0.0044177685698616785
7106,0.007769179209067089
306,0.00539272439217598
2472,0.00018280421668393152
7925,0.00042654317226250687
7075,0.0027420632502589727
113,0.0007921516056303699
4269,0.001980379014075925
4874,0.03957711291207117
3540,0.00018280421668393152
5173,0.00003046736944732192
7725,0.0001523368472366096
4350,0.03132045579184693
1144,0.0353116811894461
4155,0.01940771433794406
49,0.03729206020352203
1685,0.001096825300103589
6054,0.01791481323502529
2601,0.0003046736944732192
3163,0.00036560843336786304
241,0.008987873986959966
5186,0.00003046736944732192
7620,0.0018280421668393151
1773,0.06212296630308939
4157,0.0013710316251294864
611,0.006459082322832247
7247,0.001157760038998233
1963,0.06212296630308939
7696,0.001492901102918774
5324,0.00003046736944732192
1778,0.005545061239412589
3595,0.001157760038998233
3077,0.0006702821278410822
1969,0.04914386691853025
176,0.009079276095301932
3178,0.003686551703125952
6582,0.0006398147583937603
3787,0.002681128511364329
1896,0.0007007494972884041
7154,0.020291268051916396
2525,0.0003046736944732192
4988,0.08320638596063616
6269,0.05986838096398757
4931,0.01206507830113948
6334,0.0006093473889464384
1643,0.00460057278654561
4249,0.00027420632502589724
2593,0.0028029979891536164
7981,0.009749558223143015
1543,0.0027725306197062946
7763,0.0009444884528669794
726,0.07729571628785571
2384,0.005484126500517945
7641,0.009749558223143015
2715,0.0015843032112607398
4133,0.0013710316251294864
4626,0.0013710316251294864
2263,0.49256596185485346
5056,0.00027420632502589724
3963,0.016574248979343124
2674,0.00003046736944732192
3324,0.1952958381573335
4976,0.059472305161172384
1380,0.002254585339101822
1530,0.0020413137529705686
3102,0.00024373895557857535
1234,0.0013405642556821645
3962,0.12314910730607519
6200,0.0021022484918652123
6935,0.00003046736944732192
2532,0.0015233684723660959
7363,0.16970324782158308
2418,0.001157760038998233
1843,0.0001523368472366096
490,0.0015843032112607398
4007,0.0016452379501553835
7681,0.0017975747973919933
6120,0.07306075193467795
7201,0.024830906099567365
3806,0.00024373895557857535
4473,0.014868076290293096
4762,0.0027420632502589727
518,0.04103954664554262
1744,0.009810492962037658
5832,0.07869721528243251
6222,0.001919444275181281
7324,0.010450307720431418
3797,0.0026506611419170067
3953,0.0020717811224178905
6659,0.0012186947778928768
5313,0.00460057278654561
7866,0.0006093473889464384
7830,0.00009140210834196576
3130,0.0007312168667357261
7853,0.0165437816098958
4270,0.00012186947778928768
2272,0.00009140210834196576
1049,0.0031381390530741578
5040,0.0027420632502589727
4049,0.00006093473889464384
6854,0.0007921516056303699
5903,0.03665224544512827
7290,0.0007312168667357261
1342,0.14590823228322466
7377,0.0008835537139723356
2188,0.0024373895557857537
252,0.07306075193467795
2,0.004204496983730425
6553,0.010206568764852843
6440,0.0027420632502589727
4293,0.023612211321674487
5485,0.024861373469014684
7246,0.009323015050880507
214,0.003351410639205411
2631,0.0007312168667357261
5124,0.0035951495947839866
527,0.0017671074279446712
5495,0.0003351410639205411
1750,0.00682469075620011
3687,0.00006093473889464384
6769,0.002315520077996466
7987,0.0003351410639205411
7209,0.007891048686856377
7741,0.008805069770276034
6713,0.00003046736944732192
1071,0.031442325269636216
3089,0.027603436719273657
3627,0.00003046736944732192
6132,0.1819815977088538
6696,0.002589726403022363
269,0.006337212845042959
7721,0.0015843032112607398
5004,0.06197062945585278
1693,0.057217719822070565
7387,0.0001523368472366096
7371,0.0007007494972884041
74,0.002285052708549144
457,0.1938943391627567
5041,0.0036256169642313084
2792,0.00036560843336786304
3288,0.00024373895557857535
2968,0.00006093473889464384
1794,0.030528304186216562
5699,0.03421485588934251
2981,0.00012186947778928768
4833,0.0015843032112607398
2744,0.005849734933885809
5098,0.007403570775699226
5017,0.03875449393699348
6347,0.005788800194991164
6545,0.020260800682469077
3312,0.03464139906160502
419,0.00003046736944732192
7959,0.004570105417098288
5199,0.048321247943452564
7977,0.0027725306197062946
4758,0.00009140210834196576
3905,0.1359758698433977
44,0.08418134178295046
6256,0.03915056973980866
61,0.06264091158369386
751,0.02498324294680397
5656,0.00006093473889464384
2449,0.00042654317226250687
4120,0.01824995429894583
4180,0.0013710316251294864
5493,0.003838888550362562
3032,0.00009140210834196576
468,0.04777283529340077
1542,0.0024069221863384314
4546,0.010541709828773383
4945,0.0021022484918652123
2267,0.14657851441106576
4807,0.00012186947778928768
5892,0.0009444884528669794
7568,0.016421912132106514
6858,0.03875449393699348
3788,0.3525379318749619
7113,0.00524038754493937
1490,0.04676741210163914
5776,0.0010054231917616234
6307,0.0015233684723660959
7656,0.08028151849369325
3979,0.5400645908232283
2781,0.00009140210834196576
7150,0.0013405642556821645
7718,0.08491255864968619
1788,0.0020108463835232467
5033,0.024373895557857534
4434,0.002681128511364329
97,0.0008530863445250137
4109,0.13536652245445127
3107,0.0024678569252330755
4665,0.00301626957528487
5322,0.002132715861312534
7823,0.00003046736944732192
6961,0.005514593869965267
6537,0.0015538358418134177
2788,0.0008835537139723356
7172,0.002955334836390226
6461,0.002620193772469685
7600,0.013405642556821643
4794,0.015294619462555604
2751,0.004874779111571507
2260,0.06580951800621535
3991,0.04646273840716592
3601,0.0008530863445250137
7735,0.08122600694656024
6083,0.02458716714398879
2923,0.0007312168667357261
6052,0.25044177685698615
3712,0.0003046736944732192
6183,0.19160928645420755
6355,0.04826031320455792
2796,0.0023764548168911095
5135,0.003717019072573274
6325,0.0028029979891536164
2546,0.0005484126500517945
4576,0.0017061726890500275
7212,0.004752909633782219
5679,0.0013710316251294864
2704,0.03631710438120773
1600,0.003991225397599172
3934,0.008957406617512645
7084,0.006245810736700993
4725,0.0025287916641277192
7022,0.007098897081226007
4504,0.00018280421668393152
1137,0.029157272561087074
3958,0.03881542867588812
4538,0.004813844372676863
3020,0.0009444884528669794
4374,0.10316251294863202
3106,0.0016452379501553835
7370,0.0008530863445250137
7875,0.0006093473889464384
3363,0.0017061726890500275
1674,0.0013710316251294864
6418,0.0015843032112607398
325,0.06955700444823594
4774,0.02285052708549144
5651,0.0001523368472366096
4453,0.03866309182865151
668,0.0006093473889464384
6106,0.01349704466516361
7869,0.005666930717201877
1382,0.006611419170068856
1265,0.0301626957528487
6538,0.0042349643531777465
2151,0.02449576503564682
487,0.0015843032112607398
3051,0.00006093473889464384
2951,0.001096825300103589
4394,0.0016147705807080617
3340,0.00009140210834196576
2632,0.00036560843336786304
6344,0.029157272561087074
2098,0.00003046736944732192
5337,0.0008530863445250137
2373,0.0009749558223143014
2865,0.0004874779111571507
7767,0.00859179818414478
4555,0.00006093473889464384
1906,0.04969227956858205
7041,0.03348363902260679
2822,0.01063311193711535
1381,0.0032295411614161234
7924,0.003717019072573274
5027,0.0031076716836268355
5752,0.0003046736944732192
6008,0.002559259033575041
2152,0.011364328803851076
4467,0.053561635488391934
2825,0.004996648589360795
6094,0.0024069221863384314
7195,0.009292547681433186
7821,0.00018280421668393152
7299,0.008317591859118883
6115,0.00003046736944732192
7690,0.004326366461519712
3633,0.00021327158613125343
6028,0.04012552556212297
7103,0.06331119371153494
3913,0.0017061726890500275
2628,0.00024373895557857535
4728,0.08241423435500579
4432,0.004905246481018829
3954,0.0027420632502589727
6998,0.0034732801169946987
5981,0.0016147705807080617
7760,0.02013893120467979
1759,0.0014014989945768082
4142,0.0013710316251294864
4858,0.0036256169642313084
4527,0.03250868320029249
971,0.00006093473889464384
3169,0.00009140210834196576
627,0.03427579062823716
7436,0.005484126500517945
3092,0.0007312168667357261
6921,0.01191274145390287
6327,0.002193650600207178
6941,0.0028334653586009383
3292,0.00024373895557857535
660,0.0009444884528669794
4272,0.00021327158613125343
5105,0.003930290658704527
5521,0.0015538358418134177
4330,0.002193650600207178
1355,0.00006093473889464384
6009,0.03351410639205411
7565,0.006184875997806349
3629,0.00012186947778928768
2061,0.00027420632502589724
5010,0.060873804155749195
4188,0.0013710316251294864
6738,0.00009140210834196576
2600,0.00024373895557857535
6185,0.003381878008652733
2706,0.011486198281640363
5250,0.06328072634208762
832,0.004539638047650966
2900,0.009871427700932302
4831,0.001096825300103589
5009,0.002711595880811651
5418,0.011882274084455548
2550,0.00021327158613125343
624,0.0013710316251294864
2607,0.0024678569252330755
5730,0.00042654317226250687
3014,0.00006093473889464384
471,0.0027420632502589727
2564,0.00024373895557857535
6816,0.00003046736944732192
7537,0.0015843032112607398
1783,0.010572177198220706
848,0.004387301200414356
2868,0.0004874779111571507
2182,0.00024373895557857535
2553,0.03811467917859972
6924,0.0015843032112607398
5216,0.0073121686673572606
838,0.0013710316251294864
7946,0.010846383523246603
4641,0.014959478398635062
4134,0.006245810736700993
3891,0.00027420632502589724
4793,0.0027725306197062946
6294,0.015386021570897569
3700,0.00036560843336786304
1881,0.02620193772469685
5233,0.0007616842361830479
4575,0.0018889769057339589
22,0.0014624337334714522
7963,0.0011882274084455548
7354,0.03854122235086223
5998,0.07479739199317531
6838,0.0013100968862348424
6242,0.00143196636402413
291,0.01733593321552617
1243,0.009597221375906404
5187,0.00003046736944732192
665,0.40159039668515023
898,0.124550606300652
4113,0.03826701602583633
2406,0.0024373895557857537
7883,0.004966181219913473
46,0.0008530863445250137
6795,0.03515934434220949
1604,0.0013710316251294864
768,0.17838644811406984
7687,0.0008835537139723356
1492,0.0005179452806044726
2787,0.00018280421668393152
1204,0.0005179452806044726
4929,0.12467247577844129
5702,0.0027420632502589727
2659,0.0005179452806044726
532,0.021052952288099447
669,0.3438851989519225
6482,0.002589726403022363
6212,0.002620193772469685
138,0.0007312168667357261
1263,0.027420632502589727
7863,0.0014014989945768082
6677,0.05030162695752849
6719,0.0007921516056303699
6471,0.0013100968862348424
4397,0.0030772043141795136
4431,0.0009140210834196576
2229,0.0018889769057339589
7865,0.007342636036804582
2894,0.004905246481018829
2473,0.0003046736944732192
2318,0.00027420632502589724
4114,0.03479373590884163
7896,0.030193163122296023
2290,0.0038084211809152396
7291,0.10057278654560965
5306,0.00036560843336786304
7300,0.007799646578514411
5534,0.0016452379501553835
5289,0.0007616842361830479
789,0.00006093473889464384
5032,0.040673938212174764
6803,0.005423191761623302
5979,0.06300652001706172
463,0.005819267564438487
6369,0.04978368167692401
6996,0.00006093473889464384
450,0.0012186947778928768
7982,0.056608372433124124
5968,0.0016452379501553835
1451,0.0027420632502589727
3517,0.0008530863445250137
5749,0.00003046736944732192
5537,0.0017061726890500275
4752,0.10770215099628298
5327,0.00018280421668393152
1681,0.0479556395100847
5174,0.00027420632502589724
6314,0.007677777100725124
4085,0.15946621168728292
2392,0.0079215160563037
4530,0.03814514654804704
4151,0.020230333313021754
657,0.026537078788617392
2417,0.00024373895557857535
1340,0.009262080311985863
7411,0.004113094875388459
4458,0.0595027725306197
7253,0.0004874779111571507
3534,0.0004874779111571507
3346,0.0013710316251294864
3902,0.005819267564438487
6792,0.0010358905612089452
5404,0.001127292669550911
5205,0.10407653403205168
3869,0.00006093473889464384
7488,0.007220766559015295
1489,0.009962829809274267
6846,0.005331789653281336
3157,0.0005179452806044726
6099,0.0012491621473401987
1329,0.013588446773505576
7756,0.00143196636402413
1374,0.009079276095301932
496,0.0038998232892572056
4820,0.05188593016878923
7909,0.0018889769057339589
2695,0.0004874779111571507
1780,0.02443483029675218
6021,0.01968192066296996
4260,0.026963621960879897
2676,0.0010054231917616234
5109,0.12991286332338067
331,0.0015843032112607398
3564,0.00018280421668393152
4742,0.4480226677228688
403,0.0358600938394979
6332,0.00012186947778928768
2762,0.001492901102918774
3650,0.0066723539089635
83,0.5611480104807751
5213,0.005758332825543842
7244,0.002254585339101822
7691,0.027115958808116507
7668,0.0060934738894643835
3100,0.0010054231917616234
2855,0.0004874779111571507
6609,0.0007921516056303699
2617,0.001919444275181281
6777,0.0004874779111571507
2247,0.03375784534763269
705,0.03250868320029249
4366,0.07101943818170739
5085,0.001096825300103589
7811,0.0004874779111571507
120,0.03704832124794345
6583,0.006245810736700993
1797,0.0013710316251294864
943,0.02068734385473158
4529,0.025166047163487904
7174,0.11138870269940894
2975,0.0001523368472366096
551,0.006337212845042959
2544,0.0004874779111571507
7804,0.0018889769057339589
2385,0.004113094875388459
2068,0.002955334836390226
2780,0.00009140210834196576
5073,0.009444884528669794
574,0.0024983242946803974
1351,0.01285722990676985
7214,0.006489549692279569
5006,0.09185911888367558
6454,0.018981171165681553
3314,0.028365120955456707
3484,0.0004874779111571507
5895,0.0028029979891536164
6725,0.013222838340137712
1388,0.010724514045457316
4005,0.07382243617086101
4252,0.05542014502467857
4743,0.011516665651087684
4421,0.013192370970690391
6693,0.006123941258911705
5178,0.012613490951191275
4749,0.00904880872585461
602,0.07427944671257083
1075,0.0001523368472366096
6657,0.13256352446529768
7921,0.0012491621473401987
5024,0.0892389251112059
5581,0.0007312168667357261
4696,0.12750594113704222
1362,0.0015843032112607398
5506,0.1413685942355737
704,0.24596307354822985
4927,0.3951617817317653
7644,0.009566754006459082
3990,0.007708244470172446
3113,0.0015538358418134177
4326,0.0001523368472366096
1599,0.0024069221863384314
1327,0.0006093473889464384
1224,0.009444884528669794
3709,0.0010054231917616234
2491,0.0001523368472366096
5427,0.04789470477119005
6336,0.06398147583937602
603,0.5198647248796539
5515,0.13716409725184328
3529,0.0020108463835232467
6731,0.0016452379501553835
690,0.010054231917616233
2765,0.0013100968862348424
6342,0.013344707817927
492,0.0793674974102736
2586,0.0004874779111571507
1591,0.007220766559015295
6306,0.04000365608433368
6160,0.19386387179330936
4319,0.0027420632502589727
2803,0.0006398147583937603
1903,0.015325086832002925
4469,0.007982450795198343
7141,0.1328986655292182
1882,0.0077387118396197675
1517,0.08137834379379684
1504,0.04701115105721772
3695,0.00003046736944732192
5082,0.004722442264334897
5196,0.019438181707391384
661,0.014502467856925234
7182,0.07260374139296813
6814,0.0018280421668393151
87,0.002559259033575041
6165,0.16376211077935532
7536,0.005362257022728658
5005,0.0013100968862348424
2623,0.0011882274084455548
6485,0.001858509536286637
2521,0.008256657120224239
2643,0.0015233684723660959
7218,0.04043019925659619
7757,0.003320943269758089
7782,0.0026506611419170067
4689,0.0451831088903784
2019,0.435074035707757
5282,0.061513618914142955
7311,0.011394796173298397
3455,0.0009140210834196576
7854,0.008378526598013528
1330,0.030619706294558527
6042,0.014989945768082383
6105,0.0042349643531777465
4373,0.0027420632502589727
6697,0.006550484431174212
846,0.0044177685698616785
4846,0.00024373895557857535
1658,0.018036682712814577
5954,0.0035646822253366643
905,0.0015843032112607398
220,0.001066357930656267
973,0.00006093473889464384
5011,0.0003046736944732192
6857,0.012369751995612698
7087,0.00009140210834196576
4981,0.05203826701602584
7233,0.1045335445737615
1017,0.12985192858448602
6612,0.0035951495947839866
170,0.28959234659679484
7475,0.0003351410639205411
6474,0.003747486442020596
6757,0.0007616842361830479
1724,0.04006459082322832
2444,0.0007312168667357261
2727,0.0008530863445250137
5181,0.009932362439826946
7831,0.00006093473889464384
4413,0.07586374992383157
7421,0.0034732801169946987
1644,0.002589726403022363
1775,0.009780025592590336
4348,0.011333861434403753
5646,0.0003046736944732192
315,0.0012186947778928768
365,0.0017061726890500275
6650,0.27353604289805616
56,0.6005423191761623
7894,0.0029248674669429043
4646,0.12875510328438242
1939,0.04685881420998111
309,0.00027420632502589724
6664,0.5860093839497897
4164,0.0027420632502589727
6877,0.0007921516056303699
5539,0.0009749558223143014
7751,0.01971238803241728
3544,0.0003351410639205411
6287,0.0012796295167875206
3188,0.0004874779111571507
1350,0.15047833770032296
5831,0.007647309731277802
533,0.009079276095301932
2828,0.0005179452806044726
6329,0.0024983242946803974
2536,0.00024373895557857535
5310,0.00920114557309122
4516,0.01715312899884224
4156,0.0030467369447321918
4658,0.004174029614283103
6885,0.007769179209067089
2474,0.00042654317226250687
29,0.005849734933885809
6718,0.10340625190421059
7074,0.0001523368472366096
5635,0.00006093473889464384
2876,0.027908110413746877
7955,0.025988666138565597
5314,0.050210224849186524
4760,0.013344707817927
7085,0.009414417159222473
4331,0.011973676192797513
4428,0.00039607580281518495
1117,0.0015538358418134177
5115,0.0003351410639205411
3161,0.0005484126500517945
454,0.03381878008652733
71,0.7207360916458473
353,0.00715983182012065
3569,0.00003046736944732192
6297,0.0036256169642313084
2501,0.0007921516056303699
7913,0.020108463835232467
1669,0.029279142038876365
1241,0.005484126500517945
7539,0.002132715861312534
3939,0.024678569252330754
7434,0.002315520077996466
4705,0.0077387118396197675
2953,0.00009140210834196576
4486,0.010998720370483212
4303,0.0027420632502589727
767,0.1801535555420145
6024,0.016757053196027057
2494,0.041313752970568524
4096,0.14213027847175674
4673,0.0027420632502589727
549,0.4261470964596917
5245,0.00810432027298763
1758,0.1134300164523795
2415,0.0004874779111571507
7226,0.007799646578514411
2702,0.049905551154713304
423,0.010145634025958198
3221,0.001492901102918774
1579,0.014350131009688624
5128,0.003717019072573274
4003,0.0028029979891536164
4323,0.0005179452806044726
4713,0.004478703308756322
1998,0.2963865699835476
7366,0.0007921516056303699
4077,0.10227895923465968
7369,0.0006702821278410822
6112,0.0019499116446286028
6694,0.009901895070379623
4046,0.0005788800194991164
3820,0.0012186947778928768
696,0.0004874779111571507
5422,0.09246846627262202
7215,0.00920114557309122
5290,0.008926939248065322
6250,0.0016757053196027054
5219,0.006977027603436719
552,0.00042654317226250687
2611,0.0024069221863384314
3368,0.009901895070379623
2619,0.0016757053196027054
4587,0.014258728901346657
7629,0.00027420632502589724
7487,0.014350131009688624
7211,0.005331789653281336
7374,0.0031381390530741578
4888,0.4346779599049418
6016,0.012339284626165377
5210,0.16522454451282675
2519,0.0075559076229358355
7225,0.06626652854792517
6663,0.12290536835049662
3872,0.00003046736944732192
3949,0.008652732923039424
646,0.005514593869965267
2766,0.00042654317226250687
2277,0.0031076716836268355
6556,0.00009140210834196576
7871,0.0010054231917616234
606,0.058954359880567915
5705,0.014685272073609165
2534,0.00396075802815185
7462,0.05584668819694107
6686,0.02068734385473158
7035,0.0015843032112607398
7060,0.00006093473889464384
2773,0.0008530863445250137
1647,0.007982450795198343
6218,0.00003046736944732192
3070,0.00012186947778928768
7251,0.0007616842361830479
6472,0.0012491621473401987
3315,0.002620193772469685
1256,0.02193650600207178
4643,0.009627688745353725
2207,0.07860581317409054
4089,0.2893486076412163
7917,0.04070440558162208
6156,0.0016147705807080617
6561,0.06952653707878861
4716,0.006855158125647432
167,0.0058802023033331305
7091,0.00006093473889464384
2863,0.01776247638778868
7779,0.0006093473889464384
5541,0.00024373895557857535
82,0.7041923100359515
6310,0.03494607275607824
3548,0.0004874779111571507
6364,0.002620193772469685
1813,0.004326366461519712
6267,0.0046615075254402534
4318,0.005118518067150082
940,0.00036560843336786304
3094,0.0024373895557857537
7378,0.00021327158613125343
7197,0.0008226189750776918
6149,0.0008835537139723356
6615,0.0032295411614161234
6570,0.03445859484492109
121,0.002132715861312534
3318,0.028700262019377247
7990,0.006550484431174212
6566,0.022332581804886967
4488,0.012918164645664493
6532,0.003290475900310767
623,0.004113094875388459
5012,0.00003046736944732192
7676,0.0005179452806044726
2291,0.05761379562488575
7541,0.001127292669550911
5640,0.00012186947778928768
5403,0.0018280421668393151
2251,0.00036560843336786304
6006,0.019468649076838707
7463,0.0010358905612089452
3798,0.0028334653586009383
5162,0.00715983182012065
5421,0.007769179209067089
4009,0.0005484126500517945
691,0.04746816159892755
4691,0.010602644567668027
3809,0.00003046736944732192
2549,0.0009749558223143014
7474,0.00508805069770276
6155,0.003442812747547377
5359,0.0009749558223143014
6164,0.0371092559868381
5483,0.0024069221863384314
1236,0.00012186947778928768
2159,0.0013710316251294864
7609,0.012552556212296631
2729,0.001066357930656267
7455,0.02656754615806471
1356,0.0007921516056303699
6169,0.00999329717872159
5108,0.14060690999939066
1022,0.011333861434403753
6535,0.022637255499360184
1789,0.0365608433367863
218,0.29221254036926453
5163,0.0007312168667357261
2761,0.0020413137529705686
2289,0.0013710316251294864
3812,0.00018280421668393152
2215,0.002681128511364329
2526,0.0005484126500517945
1917,0.1842971177868503
7855,0.01870696484065566
459,0.027755773566510267
998,0.003717019072573274
5252,0.005148985436597404
3220,0.00009140210834196576
484,0.05002742063250259
2453,0.0006702821278410822
2800,0.00021327158613125343
2167,0.0024678569252330755
7711,0.08162208274937542
863,0.0023764548168911095
7287,0.0007007494972884041
426,0.0013100968862348424
3216,0.0013405642556821645
4288,0.04542684784595698
1214,0.04009505819267564
7965,0.004478703308756322
2180,0.002193650600207178
4008,0.1292730485649869
72,0.08619218816647371
1922,0.0008835537139723356
4776,0.007494972884041192
4631,0.06711961489245019
5230,0.0017975747973919933
5330,0.0027725306197062946
7733,0.03001035890561209
2066,0.0027420632502589727
3050,0.00009140210834196576
1904,0.0035951495947839866
4455,0.047529096337822194
6750,0.03972944975930778
3353,0.00021327158613125343
7870,0.007860581317409054
3,0.09676436536469442
6192,0.13795624885747365
901,0.13043080860398512
3974,0.4070135884467735
3296,0.0004874779111571507
831,0.004570105417098288
289,0.5380537444397051
4612,0.0013710316251294864
5274,0.0012491621473401987
528,0.18871488635671196
2324,0.0004874779111571507
5795,0.5955761379562489
2714,0.0006398147583937603
3530,0.00024373895557857535
2297,0.057583328255438423
5548,0.00009140210834196576
1745,0.0007921516056303699
5758,0.00006093473889464384
1610,0.00524038754493937
2416,0.0679727012369752
4051,0.00003046736944732192
5569,0.0015843032112607398
2874,0.024709036621778077
4590,0.006885625495094754
7159,0.0479556395100847
6665,0.0023764548168911095
2451,0.06678447382852964
7542,0.0017975747973919933
4115,0.1345439034793736
6196,0.05200779964657851
53,0.5554810797635732
5258,0.0314118579001889
240,0.0031381390530741578
7769,0.0024069221863384314
6181,0.0992322222899275
143,0.0358600938394979
3955,0.0028334653586009383
4769,0.0031076716836268355
4398,0.0056973980866491985
6148,0.07747852050453964
75,1
4627,0.004113094875388459
3005,0.00021327158613125343
3945,0.0012186947778928768
1673,0.10895131314362318
4880,0.0036256169642313084
2767,0.001980379014075925
5065,0.08710620924989336
7456,0.023368472366095912
7980,0.002285052708549144
3088,0.0023459874474437876
5567,0.24066175126439585
1703,0.0009140210834196576
2109,0.005484126500517945
7388,0.0017366400584973493
1527,0.6337517518737432
356,0.5729388824568886
4598,0.0020108463835232467
7010,0.009749558223143015
7461,0.0027725306197062946
3159,0.00003046736944732192
3137,0.0004570105417098288
7476,0.005027115958808117
1062,0.01718359636828956
5240,0.04987508378526598
7317,0.0060934738894643835
4476,0.0013710316251294864
1549,0.0012796295167875206
6942,0.0015843032112607398
6442,0.0007921516056303699
6005,0.0023764548168911095
1837,0.009962829809274267
4383,0.08527816708305405
5211,0.0027420632502589727
2722,0.00012186947778928768
4048,0.00012186947778928768
205,0.02269819023825483
328,0.015446956309792212
6633,0.00024373895557857535
3172,0.0020717811224178905
6698,0.0016452379501553835
7194,0.0006398147583937603
4877,0.012552556212296631
4369,0.01648284687100116
5091,0.024252026080068247
7440,0.06221436841143136
4075,0.12692706111754312
5727,0.00024373895557857535
825,0.0054536591310706236
3661,0.0003046736944732192
569,0.0013710316251294864
515,0.0030772043141795136
6865,0.007830113947961733
6995,0.0009140210834196576
2691,0.0007921516056303699
6993,0.0031381390530741578
3316,0.013801718359636828
672,0.1773505575528609
4714,0.021966973371519104
3272,0.0028029979891536164
1803,0.07915422582414235
6366,0.00999329717872159
6760,0.008926939248065322
1505,0.115654134422034
4492,0.012918164645664493
5307,0.002193650600207178
2830,0.0014624337334714522
2588,0.0004874779111571507
1148,0.04286758881238194
827,0.055633416610809824
4848,0.00003046736944732192
3593,0.004722442264334897
7879,0.05679117664980805
6783,0.001127292669550911
3152,0.0027725306197062946
2649,0.00006093473889464384
1819,0.12430686734507343
870,0.0007921516056303699
5352,0.02498324294680397
245,0.07592468466272621
39,0.0012491621473401987
836,0.0027420632502589727
1850,0.00006093473889464384
310,0.004174029614283103
837,0.07126317713728597
4119,0.0971604411675096
6376,0.00920114557309122
3360,0.02748156724148437
5822,0.007586374992383157
749,0.0006093473889464384
2303,0.0004570105417098288
511,0.0017671074279446712
6349,0.0013710316251294864
5231,0.0024983242946803974
5653,0.00009140210834196576
2053,0.07199439400402169
4974,0.00006093473889464384
5584,0.0021022484918652123
530,0.02062640911583694
3223,0.004265431722625068
1493,0.008195722381329595
1944,0.04161842666504174
422,0.009810492962037658
5229,0.0034732801169946987
4362,0.008043385534092987
5672,0.00003046736944732192
2644,0.00024373895557857535
7897,0.0036256169642313084
1074,0.0015843032112607398
7754,0.0016147705807080617
7009,0.24093595758942174
6860,0.06157455365303759
6679,0.006123941258911705
3568,0.00003046736944732192
510,0.012735360428980562
3602,0.002681128511364329
7234,0.12296630308939126
1981,0.0024678569252330755
3703,0.0001523368472366096
5815,0.0012491621473401987
2048,0.04679787947108647
2764,0.0019499116446286028
2213,0.0007921516056303699
5019,0.03317896532813357
2155,0.30516117238437634
1911,0.061239412589117054
6497,0.0009749558223143014
5411,0.0038693559198098837
7859,0.014715739443056486
7167,0.00027420632502589724
6096,0.001919444275181281
965,0.00009140210834196576
4498,0.003412345378100055
7392,0.0015843032112607398
5944,0.028151849369325452
4128,0.00036560843336786304
4979,0.00012186947778928768
1548,0.003838888550362562
2845,0.0016757053196027054
343,0.00508805069770276
3183,0.00024373895557857535
3823,0.0013100968862348424
2903,0.003412345378100055
1030,0.008165255011882274
6479,0.0006093473889464384
6040,0.024739503991225396
5158,0.00746450551459387
2901,0.011669002498324295
561,0.015020413137529706
377,0.0027420632502589727
4172,0.04000365608433368
2927,0.00018280421668393152
1878,0.04076534032051673
4693,0.05097190908536957
347,0.001980379014075925
707,0.00968862348424837
7470,0.0016147705807080617
1954,0.011394796173298397
2237,0.04603619523490342
7313,0.1209249893364207
6979,0.008713667661934068
4291,0.010115166656510877
2984,0.00003046736944732192
200,0.0008835537139723356
7188,0.18615562732313692
2371,0.00006093473889464384
6631,0.00003046736944732192
5039,0.02175370178538785
6303,0.018524160623971726
5687,0.003290475900310767
2671,0.00006093473889464384
7958,0.029614283102796905
6956,0.0012796295167875206
4296,0.0014014989945768082
4642,0.22125403692645176
2325,0.0006093473889464384
1038,0.0023764548168911095
6173,0.00935348242032783
3101,0.00009140210834196576
4566,0.020748278593626227
7390,0.004387301200414356
3532,0.0011882274084455548
4174,0.0546279934190482
4614,0.0038084211809152396
524,0.0027420632502589727
7481,0.003991225397599172
1947,0.015721162634818108
439,0.0007921516056303699
6030,0.04375114252635427
2148,0.01648284687100116
7705,0.014959478398635062
390,0.0008226189750776918
3342,0.0004874779111571507
1353,0.0016757053196027054
5501,0.004905246481018829
5983,0.00012186947778928768
7259,0.009962829809274267
3103,0.0004570105417098288
2508,0.0006398147583937603
2502,0.00006093473889464384
4619,0.001066357930656267
1138,0.0013710316251294864
7849,0.0111205898482725
275,0.0015843032112607398
420,0.0020413137529705686
2365,0.00006093473889464384
1871,0.0017061726890500275
5222,0.0024983242946803974
6391,0.0016452379501553835
5276,0.002620193772469685
4141,0.004631040155992932
2771,0.002681128511364329
1585,0.03723112546462738
5208,0.05743099140820181
6243,0.0006702821278410822
179,0.0023764548168911095
4861,0.002681128511364329
4797,0.056303698738650904
5731,0.001858509536286637
5577,0.0009749558223143014
1538,0.004326366461519712
7308,0.0009749558223143014
3311,0.018036682712814577
968,0.00006093473889464384
4301,0.009079276095301932
2730,0.0009749558223143014
7992,0.006337212845042959
6396,0.0006398147583937603
1717,0.00003046736944732192
2615,0.002163183230759856
6729,0.010115166656510877
5667,0.00009140210834196576
2377,0.00006093473889464384
385,0.007373103406251904
6152,0.001858509536286637
7192,0.026537078788617392
3694,0.00009140210834196576
3379,0.0017975747973919933
2858,0.00009140210834196576
4814,0.00018280421668393152
5339,0.00003046736944732192
7860,0.046736944732191824
1924,0.006611419170068856
1615,0.0007921516056303699
2394,0.009962829809274267
7762,0.0234903418438852
6177,0.01620864054597526
1029,0.0079215160563037
7239,0.03820608128694169
1289,0.03320943269758089
102,0.0020413137529705686
382,0.07498019620985924
2118,0.06096520626409116
6057,0.028243251477667417
6601,0.0010054231917616234
7842,0.0009749558223143014
6126,0.11096215952714643
4247,0.11906647980013406
6918,0.0010358905612089452
5093,0.03759673389799525
6774,0.0006093473889464384
4402,0.0027420632502589727
2950,0.0001523368472366096
370,0.017884345865577966
6923,0.0030772043141795136
4816,0.0027420632502589727
766,0.16912436780208398
6338,0.0008226189750776918
4759,0.004113094875388459
7483,0.023673146060569132
4123,0.13634147827676557
7637,0.0012186947778928768
1194,0.0013710316251294864
1375,0.0018889769057339589
1909,0.05002742063250259
7709,0.0035037474864420205
94,0.0016757053196027054
1806,0.09304734629212114
2937,0.0016147705807080617
1694,0.005819267564438487
2088,0.04332459935409177
2172,0.07696057522393517
6890,0.00286393272804826
6827,0.00018280421668393152
7554,0.0015843032112607398
4980,0.0013405642556821645
4014,0.3175004570105417
2250,0.022789592346596794
1974,0.08393760282737188
4724,0.020565474376942294
4510,0.002193650600207178
5551,0.00003046736944732192
1665,0.002620193772469685
5273,0.00012186947778928768
4460,0.017671074279446714
6468,0.006245810736700993
249,0.5496313448296875
6722,0.0007616842361830479
6313,0.008926939248065322
4017,0.0008530863445250137
6217,0.1434403753579916
4570,0.001066357930656267
880,0.006002071781122418
7202,0.0006398147583937603
1695,0.0009140210834196576
1598,0.04969227956858205
437,0.0023764548168911095
1991,0.010937785631588568
565,0.0030467369447321918
173,0.0023459874474437876
5026,0.012522088842849308
395,0.017244531107184206
1203,0.00027420632502589724
7742,0.0020108463835232467
558,0.004874779111571507
1768,0.11769544817500457
6467,0.0018889769057339589
6221,0.00012186947778928768
4002,0.0028029979891536164
4707,0.0021022484918652123
4104,0.004935713850466151
3549,0.0007312168667357261
4010,0.07732618365730302
6385,0.00603253915056974
3683,0.0005179452806044726
1729,0.010115166656510877
1578,0.009140210834196576
4701,0.007799646578514411
535,0.02556212296630309
5710,0.0032295411614161234
7852,0.00042654317226250687
1246,0.0027420632502589727
1012,0.03351410639205411
7155,0.07894095423801109
4245,0.22302114435439643
6798,0.0009140210834196576
6108,0.0013405642556821645
2587,0.06852111388702699
4271,0.00042654317226250687
6324,0.01160806775942965
7943,0.03199073791968801
1462,0.16132472122356956
6086,0.0014014989945768082
5946,0.2520260800682469
4489,0.0003351410639205411
7222,0.045609652062640914
4704,0.00006093473889464384
7262,0.009932362439826946
1593,0.002254585339101822
4295,0.042258241423435504
5066,0.0514289196270794
2731,0.001066357930656267
3429,0.00012186947778928768
4556,0.00003046736944732192
5985,0.011577600389982328
4986,0.0013710316251294864
4881,0.010937785631588568
6170,0.03784047285357382
1506,0.011973676192797513
2585,0.001096825300103589
6780,0.1472183291694595
7785,0.00012186947778928768
486,0.0031686064225214796
5234,0.2385290354030833
4356,0.002163183230759856
2096,0.00006093473889464384
5177,0.0013710316251294864
107,0.00024373895557857535
1676,0.0015538358418134177
4099,0.6699165194077144
6220,0.0018280421668393151
5500,0.046249466821034674
2062,0.006398147583937603
5086,0.0008530863445250137
6434,0.0006093473889464384
6116,0.01508134787642435
372,0.14243495216622998
5022,0.0036560843336786303
7395,0.00301626957528487
2598,0.00027420632502589724
6965,0.13058314545122174
4149,0.001157760038998233
6004,0.019011638535128876
852,0.005209920175492048
338,0.0027420632502589727
7615,0.0025287916641277192
688,0.17284138687465725
4084,0.6541039546645543
7652,0.023916885016147707
761,0.07400524038754494
2067,0.0038998232892572056
2364,0.0007312168667357261
401,0.00027420632502589724
4345,0.04000365608433368
5166,0.0004874779111571507
7976,0.004722442264334897
709,0.2539759917128755
2477,0.06961793918713058
6151,0.00003046736944732192
6889,0.001127292669550911
1541,0.0007312168667357261
6610,0.0005484126500517945
1209,0.0012796295167875206
6776,0.001858509536286637
3923,0.005484126500517945
4456,0.03796234233136311
6645,0.08564377551642191
6593,0.00036560843336786304
30,0.5333313021753702
4652,0.0013100968862348424
2936,0.0015538358418134177
589,0.5776003899823289
1661,0.020413137529705687
6114,0.005027115958808117
1859,0.0008226189750776918
7795,0.04469563097922125
4439,0.0016452379501553835
2997,0.00009140210834196576
273,0.0015843032112607398
7911,0.06194016208640546
3944,0.0015538358418134177
3710,0.00006093473889464384
7139,0.007342636036804582
6855,0.14414112485528
5262,0.0073121686673572606
6292,0.03397111693376394
5886,0.0028029979891536164
2902,0.008805069770276034
6119,0.001066357930656267
7916,0.07150691609286454
88,0.02748156724148437
3298,0.0003046736944732192
7643,0.0336359758698434
7176,0.1371945646212906
4569,0.006977027603436719
4970,0.05910669672780452
2407,0.00024373895557857535
5642,0.00006093473889464384
5063,0.05353116811894461
133,0.03875449393699348
3226,0.0004874779111571507
1450,0.013710316251294864
5657,0.0001523368472366096
2750,0.00795198342575102
4417,0.0027420632502589727
6715,0.0027725306197062946
5068,0.01809761745170922
618,0.0301626957528487
2820,0.004326366461519712
843,0.00027420632502589724
7627,0.0005788800194991164
593,0.5538967765523125
706,0.04021692767046493
1671,0.005545061239412589
4050,0.00012186947778928768
3134,0.0004570105417098288
7326,0.00036560843336786304
4047,0.002254585339101822
6975,0.0007921516056303699
5357,0.00027420632502589724
6825,0.00018280421668393152
6211,0.004691974894887575
6742,0.0007921516056303699
5088,0.013436109926268966
6032,0.00840899396746085
5955,0.006763756017305466
6761,0.01048077508987874
2119,0.0012186947778928768
4367,0.01727499847663153
2058,0.008439461336908172
2489,0.00009140210834196576
1039,0.0007921516056303699
1915,0.04180123088172567
2835,0.001066357930656267
7281,0.011577600389982328
2605,0.00021327158613125343
5112,0.00027420632502589724
2244,0.12296630308939126
5568,0.2307293888245689
499,0.0007921516056303699
5984,0.00024373895557857535
4004,0.05319602705502407
7907,0.013832185729084151
7133,0.0031381390530741578
4928,0.03394064956431662
4444,0.002163183230759856
6673,0.00021327158613125343
305,0.0031990737919688015
4694,0.00021327158613125343
6266,0.006245810736700993
2517,0.006489549692279569
6674,0.00024373895557857535
7240,0.028334653586009385
2816,0.04116141612333191
1322,0.04777283529340077
2157,0.002285052708549144
7573,0.0009140210834196576
796,0.0111205898482725
879,0.07330449089025654
58,0.6028273718847115
7477,0.007098897081226007
1977,0.010450307720431418
7607,0.0004570105417098288
2804,0.026293339833038814
5736,0.0013710316251294864
6648,0.0015538358418134177
579,0.0023459874474437876
5143,0.00006093473889464384
7712,0.020108463835232467
598,0.0027420632502589727
3814,0.00003046736944732192
6011,0.0031686064225214796
6853,0.050240692218633844
4608,0.003351410639205411
3327,0.0027420632502589727
7135,0.00984096033148498
970,0.00006093473889464384
1614,0.1267747242703065
6990,0.008226189750776918
4277,0.00036560843336786304
3267,0.002285052708549144
3515,0.013222838340137712
1378,0.017061726890500273
765,0.001492901102918774
2190,0.007799646578514411
350,0.010450307720431418
1232,0.03701785387849613
889,0.004113094875388459
24,0.5990798854426909
264,0.011882274084455548
1452,0.0027420632502589727
3273,0.0009749558223143014
3351,0.0013710316251294864
7803,0.1398452257632076
7356,0.0032600085308634452
7806,0.01081591615379928
7677,0.0024069221863384314
4993,0.0013405642556821645
4549,0.010663579306562672
393,0.005788800194991164
7450,0.00968862348424837
6533,0.00003046736944732192
394,0.09106696727804521
7761,0.0020413137529705686
5048,0.004570105417098288
7312,0.012339284626165377
7781,0.00012186947778928768
1912,0.005819267564438487
2507,0.0007921516056303699
1985,0.4853756626652855
7613,0.002711595880811651
6046,0.0075559076229358355
6245,0.017061726890500273
6964,0.0035951495947839866
4158,0.0021022484918652123
7217,0.04850405216013649
4145,0.011729937237218938
6163,0.017214063737736884
697,0.16964231308268843
3308,0.03540308329778807
1021,0.011882274084455548
2837,0.0005179452806044726
2181,0.0004874779111571507
1807,0.028944000974955822
69,0.06660166961184572
3966,0.03305709585034428
1325,0.0031381390530741578
7156,0.0003351410639205411
5424,0.04679787947108647
3184,0.00021327158613125343
7743,0.022789592346596794
6617,0.0011882274084455548
3985,0.00039607580281518495
3214,0.0005788800194991164
6282,0.0010054231917616234
6807,0.02635427457193346
5754,0.0003046736944732192
543,0.03202120528913534
5777,0.007830113947961733
781,0.00036560843336786304
2701,0.03311803058923893
6866,0.31478886112973004
1721,0.0013710316251294864
6130,0.10325391505697398
5308,0.0385107549814149
4045,0.00024373895557857535
861,0.0682469075620011
1060,0.010846383523246603
4815,0.0020413137529705686
4512,0.0016147705807080617
7531,0.010541709828773383
6682,0.006489549692279569
188,0.02665894826640668
2528,0.0075559076229358355
4450,0.06486502955334836
7710,0.0026506611419170067
7396,0.0019499116446286028
763,0.02955334836390226
1886,0.0012491621473401987
580,0.0016757053196027054
4711,0.0003046736944732192
1890,0.008530863445250137
5989,0.0032295411614161234
418,0.0005179452806044726
3322,0.018798366948997624
7258,0.0034732801169946987
2052,0.047681433185058804
5888,0.0015538358418134177
3370,0.0005179452806044726
6604,0.0042349643531777465
7808,0.0006398147583937603
3281,0.0007312168667357261
1449,0.004113094875388459
3415,0.0027420632502589727
5909,0.009932362439826946
7205,0.0008226189750776918
4573,0.007891048686856377
7586,0.0007921516056303699
234,0.04923526902687222
7187,0.00746450551459387
5353,0.0001523368472366096
7273,0.002315520077996466
7271,0.00396075802815185
4604,0.00018280421668393152
5674,0.0012491621473401987
340,0.0013710316251294864
3048,0.00012186947778928768
6003,0.0330875632197916
1358,0.002285052708549144
4645,0.0075559076229358355
1065,0.012430686734507342
1993,0.01986472487965389
253,0.0005484126500517945
4577,0.005423191761623302
5518,0.0004570105417098288
680,0.003290475900310767
6283,0.004448235939309
6477,0.008012918164645664
1718,0.021022484918652124
5257,0.0013710316251294864
590,0.5840290049357139
4602,0.0011882274084455548
2141,0.004113094875388459
5480,0.03250868320029249
7360,0.004082627505941137
577,0.001157760038998233
4,0.015142282615318994
7540,0.0007921516056303699
3421,0.0004874779111571507
862,0.012918164645664493
4600,0.00021327158613125343
7970,0.019620985924075317
849,0.0004570105417098288
6295,0.014350131009688624
363,0.02032173542136372
2969,0.0005788800194991164
4146,0.00024373895557857535
7185,0.24739503991225398
7727,0.00027420632502589724
3917,0.004143562244835781
2885,0.009170678203643897
6618,0.003442812747547377
909,0.13116202547072087
7267,0.0014624337334714522
562,0.005514593869965267
4879,0.0077387118396197675
7898,0.004783377003229541
119,0.0004874779111571507
6228,0.0015233684723660959
2899,0.003717019072573274
4257,0.1196758271890805
6954,0.002559259033575041
2194,0.0004874779111571507
748,0.0018280421668393151
3992,0.002620193772469685
2360,0.005514593869965267
1335,0.00009140210834196576
6081,0.02458716714398879
2795,0.00024373895557857535
2582,0.004082627505941137
4804,0.0011882274084455548
337,0.006855158125647432
465,0.049905551154713304
427,0.0009140210834196576
2921,0.00009140210834196576
756,0.14200840899396747
5317,0.15675461580647126
1546,0.0007312168667357261
539,0.0003046736944732192
6017,0.001157760038998233
7558,0.00021327158613125343
4390,0.005575528608859911
5023,0.010054231917616233
686,0.052160136493815124
7923,0.0032295411614161234
6587,0.013954055206873438
3655,0.005788800194991164
6883,0.0013405642556821645
4340,0.08198769118274328
7585,0.0008835537139723356
7910,0.03637803912010237
947,0.011333861434403753
7122,0.04247151300956675
3983,0.0012186947778928768
7177,0.009262080311985863
2108,0.0029248674669429043
5278,0.0024983242946803974
5239,0.720797026384742
722,0.0850648954969228
7868,0.0007921516056303699
1494,0.016239107915422584
829,0.003412345378100055
3423,0.0004874779111571507
5974,0.006733288647858144
7884,0.001858509536286637
6850,0.3604594479312656
2050,0.07205532874291634
2940,0.0016757053196027054
2846,0.0004570105417098288
4841,0.001096825300103589
5008,0.004478703308756322
5338,0.00003046736944732192
5978,0.0013710316251294864
6605,0.008469928706355493
1995,0.5486563890073731
6695,0.0032600085308634452
7021,0.005910669672780452
6661,0.0496313448296874
6335,0.0001523368472366096
699,0.01666565108768509
4480,0.0020717811224178905
6775,0.13439156663213697
2400,0.0013710316251294864
7175,0.0036256169642313084
7306,0.07044055816220827
2120,0.0020108463835232467
2848,0.002132715861312534
7944,0.0318384010724514
2468,0.06587045274510998
4717,0.003381878008652733
6389,0.01142526354274572
637,0.0027420632502589727
3796,0.006977027603436719
3899,0.00935348242032783
1884,0.11519712388032417
3430,0.00024373895557857535
5354,0.001919444275181281
2234,0.006459082322832247
6585,0.006794223386752788
2117,0.028761196758271892
1100,0.0016757053196027054
5885,0.0015843032112607398
7238,0.00012186947778928768
7379,0.0008835537139723356
3008,0.00003046736944732192
7490,0.0007921516056303699
6568,0.057735665102675034
2065,0.08351105965510938
295,0.017427335323868136
7665,0.00524038754493937
4741,0.021966973371519104
4884,0.05331789653281336
2769,0.00024373895557857535
1849,0.00003046736944732192
4955,0.0013710316251294864
257,0.0007921516056303699
4300,0.00874413503138139
3951,0.002193650600207178
1772,0.05091097434647492
6280,0.042105904576198894
4368,0.06970934129547254
177,0.2692706111754311
1670,0.0038693559198098837
7952,0.031442325269636216
1795,0.0017671074279446712
1002,0.0013405642556821645
1844,0.00006093473889464384
5971,0.3098531472792639
1000,0.3536347571750655
85,0.029888489427822802
7675,0.007037962342331363
3283,0.0007312168667357261
6308,0.07168972030954847
4485,0.011547133020535007
2871,0.009475351898117117
5147,0.002955334836390226
1015,0.016878922673816344
2492,0.0015843032112607398
1697,0.007891048686856377
5794,0.3461397842910243
3816,0.001127292669550911
3903,0.004052160136493815
1916,0.10785448784351959
4126,0.0009140210834196576
6464,0.0008226189750776918
4656,0.00009140210834196576
6526,0.0003351410639205411
5799,0.0035342148558893424
5796,0.004113094875388459
5264,0.0038693559198098837
7023,0.002132715861312534
5225,0.0038998232892572056
4392,0.0028334653586009383
203,0.00539272439217598
2448,0.0003046736944732192
7237,0.12266162939491804
6627,0.00024373895557857535
783,0.00006093473889464384
945,0.010206568764852843
5744,0.0027420632502589727
636,0.0013710316251294864
5190,0.0003351410639205411
1605,0.03595149594783986
110,0.0004874779111571507
408,0.003320943269758089
786,0.0005788800194991164
6691,0.514380598379136
4865,0.00018280421668393152
3800,0.003838888550362562
3551,0.00024373895557857535
4800,0.0023459874474437876
7303,0.00286393272804826
3831,0.0009140210834196576
4581,0.0016452379501553835
4129,0.0018280421668393151
2293,0.0014014989945768082
7199,0.0006398147583937603
4285,0.16824081408811165
1507,0.011181524587167145
3547,0.0010054231917616234
7783,0.02428249344951557
3090,0.003991225397599172
5171,0.00009140210834196576
3009,0.00018280421668393152
7812,0.00009140210834196576
4890,0.004113094875388459
1379,0.0027420632502589727
1785,0.028395588324904027
4317,0.0024069221863384314
7245,0.00027420632502589724
2166,0.1847236609591128
1753,0.0001523368472366096
91,0.02665894826640668
3068,0.0019499116446286028
130,0.0008530863445250137
3890,0.007373103406251904
6029,0.007677777100725124
6111,0.002711595880811651
5715,0.0013710316251294864
6796,0.16967278045213577
4351,0.27649137773444643
2907,0.0008226189750776918
4092,0.0004570105417098288
7359,0.0012186947778928768
366,0.016513314240448478
1792,0.0027420632502589727
5090,0.029736152580586192
3686,0.00039607580281518495
7929,0.0007616842361830479
1582,0.00018280421668393152
4824,0.0013710316251294864
2264,0.2984583511059655
6047,0.0014624337334714522
4781,0.0020108463835232467
6138,0.14036317104381207
7012,0.08067759429650843
559,0.1927975138626531
7152,0.0778441289379075
7052,0.00024373895557857535
7008,0.012186947778928767
3059,0.00003046736944732192
3539,0.00006093473889464384
5346,0.00012186947778928768
1244,0.0013710316251294864
5528,0.0027725306197062946
2185,0.0014624337334714522
4589,0.030406434708427275
7574,0.0015843032112607398
2622,0.0012491621473401987
4870,0.00021327158613125343
3649,0.0010358905612089452
2236,0.0451831088903784
5312,0.004448235939309
1524,0.2958076899640485
3366,0.00539272439217598
4868,0.00024373895557857535
6362,0.018371823776735116
692,0.022027908110413746
7161,0.025531655596855767
5316,0.012765827798427883
6710,0.10237036134300165
2064,0.08064712692706112
6157,0.0001523368472366096
1332,0.0069160928645420755
7722,0.0035037474864420205
5087,0.005819267564438487
4241,0.1523673146060569
4959,0.0027420632502589727
2040,0.0019499116446286028
6828,0.00006093473889464384
1899,0.0155688257875815
5572,0.24574980196209859
2202,0.006184875997806349
516,0.0017366400584973493
1830,0.0006702821278410822
6188,0.0007921516056303699
314,0.007586374992383157
4618,0.0013710316251294864
5685,0.012400219365060021
1880,0.00003046736944732192
7358,0.04180123088172567
2699,0.0038998232892572056
1042,0.0015843032112607398
1691,0.0024983242946803974
2726,0.0006398147583937603
6381,0.006002071781122418
2402,0.03394064956431662
7951,0.009597221375906404
4971,0.0018280421668393151
1940,0.03802327707025775
537,0.010907318262141247
4702,0.006977027603436719
3843,0.00021327158613125343
4493,0.001980379014075925
6977,0.010297970873194808
